tweet,label,negation_flag,intensifier_flag,annotated_tweet,text
اي قسم وربي حزن مادري اتضايق ان طلبيتي لسا ماجت ولا عشان رمضان بيخلص ولا وش الوقت قاعد يداهمنا,1,0,0,قسم وربي حزن مادري اتضايق طلبيتي لسا ماجت ولا عشان رمضان بيخلص ولا الوقت قاعد يداهمنا,اي قسم وربي حزن مادري اتضايق ان طلبيتي لسا ماجت ولا عشان رمضان بيخلص ولا وش الوقت قاعد يداهمنا
ايه يا دماغي ما تفتكريلنا حاجة عدلة بدل المواضيع الي تخنق وتجيب اكتئاب دي,1,1,0,ايه دماغي تفتكريلنا حاجه عدله بدل المواضيع الي تخنق وتجيب اكتئاب,ايه يا دماغي ما تفتكريلنا حاجه عدله بدل المواضيع الي تخنق وتجيب اكتئاب دي
الاكتئاب في البداية راح اتكلم عن اسباب اصابتي بهذا المرض حقيقة ما حصل لي من صدمات خلال سنوات ,1,1,0,الاكتئاب البدايه راح اتكلم اسباب اصابتي بهذا المرض حقيقه حصل صدمات خلال سنوات,الاكتئاب في البدايه راح اتكلم عن اسباب اصابتي بهذا المرض حقيقه ما حصل لي من صدمات خلال سنوات
ويبقي الانتحار هو الحل,1,0,0,ويبقي الانتحار الحل,ويبقي الانتحار هو الحل
كآبه تعرفون شي يبعدها 🏃🏻‍♀️,1,0,0,كابه تعرفون يبعدها 🏃🏻‍♀️,كابه تعرفون شي يبعدها 🏃🏻♀️
"ليت ابي ما شآب ولا مرض ولا حزن _x000D_
 ولا مات 💔🥀",1,1,0,ليت ابي شاب ولا مرض ولا حزن ولا مات,ليت ابي ما شاب ولا مرض ولا حزن _x<NUM>D_ ولا مات 💔🥀
"لأسف دى اسوء فترة بعديها ف حياتى بعيدا عن الإكتئاب و القلق _x000D_
لا دا اكتئاب و قلق و ضغط نفسى و ايه زيطة",1,1,0,لاسف اسوء فتره بعديها حياتي بعيدا الاكتئاب القلق اكتئاب قلق ضغط نفسي ايه زيطه,لاسف دي اسوء فتره بعديها ف حياتي بعيدا عن الاكتئاب و القلق _x<NUM>D_لا دا اكتئاب و قلق و ضغط نفسي و ايه زيطه
ياخي مالي خلق ادخل تويتر جانب اكتئاب 🤢,1,0,0,ياخي مالي خلق ادخل تويتر جانب اكتئاب,ياخي مالي خلق ادخل تويتر جانب اكتئاب 🤢
اكتئاب وضيقة يوم السبت حتى بالاجازة ملاحقتنا 🥴,1,0,0,اكتئاب وضيقه يوم السبت حتي بالاجازه ملاحقتنا,اكتئاب وضيقه يوم السبت حتي بالاجازه ملاحقتنا 🥴
اكتئاب ورهاب 🥺,1,0,0,اكتئاب ورهاب,اكتئاب ورهاب 🥺
كم تضاحكتَ عِندما كنتُ أبكي,1,0,0,تضاحكت عندما كنت ابكي,كم تضاحكت عندما كنت ابكي
زهقت من القلق والتوتر الي الواحد عايشه من ساعة الكورونا ومش مجرد قلقه على نفسه الي مأثر نفسيا ,1,0,0,زهقت القلق والتوتر الي الواحد عايشه ساعه الكورونا ومش مجرد قلقه علي نفسه الي ماثر نفسيا,زهقت من القلق والتوتر الي الواحد عايشه من ساعه الكورونا ومش مجرد قلقه علي نفسه الي ماثر نفسيا
أنظني في وضعنا هذا الانتحار حلال,1,0,0,انظني وضعنا الانتحار حلال,انظني في وضعنا هذا الانتحار حلال
"كِذبه تواسي قلبي الحزين _x000D_
 أنا بخير والضحكة ماليه وجهي",1,0,0,كذبه تواسي قلبي الحزين انا بخير والضحكه ماليه وجهي,كذبه تواسي قلبي الحزين _x<NUM>D_ انا بخير والضحكه ماليه وجهي
"لأسف أول ماقريت البوست هبطت عليا موجة إكتئاب فاجأة_x000D_
متلازمة ال دي لازم ألاقيلها حل",1,0,0,لاسف اول ماقريت البوست هبطت عليا موجه اكتئاب فاجاه متلازمه لازم الاقيلها,لاسف اول ماقريت البوست هبطت عليا موجه اكتئاب فاجاه_x<NUM>D_متلازمه ال دي لازم الاقيلها حل
شكلي داخله ع اكتئاب محترم,1,0,0,شكلي داخله اكتئاب محترم,شكلي داخله ع اكتئاب محترم
هُدوء غاضب ، أو رُبما إكتئاب هادئ ، أحدهما بي الآن بالتأكيد .,1,0,0,هدوء غاضب ربما اكتئاب هادئ احدهما الان بالتاكيد,هدوء غاضب ، او ربما اكتئاب هادئ ، احدهما بي الان بالتاكيد .
حالة إكتئاب كُل يوم تَتجدّد بِلا نهاية,1,0,0,حاله اكتئاب يوم تتجدد بلا نهايه,حاله اكتئاب كل يوم تتجدد بلا نهايه
هل الانتحار راح يسب صدمه لناس عندي ولا مش مهم,1,0,0,الانتحار راح يسب صدمه لناس عندي ولا مهم,هل الانتحار راح يسب صدمه لناس عندي ولا مش مهم
أنا ف إكتئاب م بداية ٢٠٢٠ ولتوا عسباها نفسيتي زيرو ونين,1,0,0,انا اكتئاب بدايه ٢٠٢٠ ولتوا عسباها نفسيتي زيرو ونين,انا ف اكتئاب م بدايه <NUM><NUM><NUM><NUM> ولتوا عسباها نفسيتي زيرو ونين
كسم الاكتئآب اكره موت وربي اكره,1,0,0,كسم الاكتئاب اكره موت وربي اكره,كسم الاكتئاب اكره موت وربي اكره
قلق قلق,1,0,0,قلق قلق,قلق قلق
كل الناس ف الصيدلية بتيجي تاخد ادوية اكتئاب و مهدئات و ناس عادية جدا شكلها عادي مش ناس بتضرب يعني,1,0,0,الناس الصيدليه بتيجي تاخد ادويه اكتئاب مهدئات ناس عاديه جدا شكلها عادي ناس بتضرب يعني,كل الناس ف الصيدليه بتيجي تاخد ادويه اكتئاب و مهدئات و ناس عاديه جدا شكلها عادي مش ناس بتضرب يعني
ينتابُني قلقُ المصيرِ وكُلّما آنستُ لُطفَ الهِ عادَ هدُوئِي,1,0,0,ينتابني قلق المصير وكلما انست لطف اله عاد هدوئي,ينتابني قلق المصير وكلما انست لطف اله عاد هدوئي
الشجر الميت بيجبلي اكتئاب,1,0,0,الشجر الميت بيجبلي اكتئاب,الشجر الميت بيجبلي اكتئاب
ياربي جاني اكتئاب وانا مبسوطه لعيد والتجهيزات 😣,1,0,0,ياربي جاني اكتئاب وانا مبسوطه لعيد والتجهيزات,ياربي جاني اكتئاب وانا مبسوطه لعيد والتجهيزات 😣
"لما تكون مكتئب_x000D_
 فتحاول تفائل و تقول لأ مش هستسلم_x000D_
 و بعدين الواقع يخبطك بموجة من الإحباط فترجع تاني مكتئب",1,0,0,لما تكون مكتئب فتحاول تفائل تقول هستسلم بعدين الواقع يخبطك بموجه الاحباط فترجع تاني مكتئب,لما تكون مكتئب_x<NUM>D_ فتحاول تفائل و تقول لا مش هستسلم_x<NUM>D_ و بعدين الواقع يخبطك بموجه من الاحباط فترجع تاني مكتئب
وإنى يا اله حزينة وانين قلبى اخترق روحى وأحزنها فخف من وجع قلبى وهدئ من حُزن نفسى وقل من قلقي يا اله,1,0,0,واني اله حزينه وانين قلبي اخترق روحي واحزنها فخف وجع قلبي وهدئ حزن نفسي وقل قلقي اله,واني يا اله حزينه وانين قلبي اخترق روحي واحزنها فخف من وجع قلبي وهدئ من حزن نفسي وقل من قلقي يا اله
"ايش هذي الفوضى_x000D_
الأكتئاب ألتهمني",1,0,0,ايش هذي الفوضي الاكتئاب التهمني,ايش هذي الفوضي_x<NUM>D_الاكتئاب التهمني
بداية غرق في اكتئاب,1,0,0,بدايه غرق اكتئاب,بدايه غرق في اكتئاب
الفتره دي الله يطلعني منها قبل ما ادخل ف اكتئاب م حقدر اطلع منو انا متأكده,1,1,0,الفتره الله يطلعني منها ادخل اكتئاب حقدر اطلع منو انا متاكده,الفتره دي الله يطلعني منها قبل ما ادخل ف اكتئاب م حقدر اطلع منو انا متاكده
انتي لو تسمعين سوالفنا انا وخواتي جاك اكتئاب حاد,1,0,0,انتي تسمعين سوالفنا انا وخواتي جاك اكتئاب حاد,انتي لو تسمعين سوالفنا انا وخواتي جاك اكتئاب حاد
شبعنا حزن متى نشبع فرح,1,0,0,شبعنا حزن متي نشبع فرح,شبعنا حزن متي نشبع فرح
اذا شفت حبوب مستحيل ماتجي افكار انتحار براسي,1,0,0,اذا شفت حبوب مستحيل ماتجي افكار انتحار براسي,اذا شفت حبوب مستحيل ماتجي افكار انتحار براسي
مدري بس خلاص قرفت من الرهاب الاجتماعي ولا ايش ما كان الخلل الي فيا,1,1,0,مدري خلاص قرفت الرهاب الاجتماعي ولا ايش الخلل الي فيا,مدري بس خلاص قرفت من الرهاب الاجتماعي ولا ايش ما كان الخلل الي فيا
من يبغاها حلال عليه طفشت من كثر الفلوس عندي جابت لي أكتئاب,1,0,0,يبغاها حلال عليه طفشت كثر الفلوس عندي جابت اكتئاب,من يبغاها حلال عليه طفشت من كثر الفلوس عندي جابت لي اكتئاب
بشكل صحي وضعهم صعب قد يموتون غيظ او يتعرضون لسكته يعانون من إكتئاب قوي فوبي,1,0,0,بشكل صحي وضعهم صعب يموتون غيظ يتعرضون لسكته يعانون اكتئاب قوي فوبي,بشكل صحي وضعهم صعب قد يموتون غيظ او يتعرضون لسكته يعانون من اكتئاب قوي فوبي
الواحد بيكون مكتئب بيفوت التويتر بيكتئب أكتر,1,0,0,الواحد بيكون مكتئب بيفوت التويتر بيكتئب اكتر,الواحد بيكون مكتئب بيفوت التويتر بيكتئب اكتر
عزله يارهامي عزله 😂❤️,1,0,0,عزله يارهامي عزله 😂❤️,عزله يارهامي عزله 😂❤️
اول مره ابكي من عوار القلب و اول مره احس روحي بتطلع مني💔,1,0,0,اول مره ابكي عوار القلب اول مره احس روحي بتطلع مني💔,اول مره ابكي من عوار القلب و اول مره احس روحي بتطلع مني💔
جتني الضيقه وابغا ابكي ليتني ماسمعت,1,0,0,جتني الضيقه وابغا ابكي ليتني ماسمعت,جتني الضيقه وابغا ابكي ليتني ماسمعت
كآبه وملل متى يخلص هالشهر بسرعه,1,0,0,كابه وملل متي يخلص هالشهر بسرعه,كابه وملل متي يخلص هالشهر بسرعه
يؤلمني جسدي كثيراً في ظل انتظاري البائس أن يأتي يوماً جديداً يكون أفضل أنتظر هذا اليوم بشدة ,1,0,1,يؤلمني جسدي كثيرا انتظاري البائس ياتي يوما جديدا افضل انتظر اليوم بشده,يؤلمني جسدي كثيرا في ظل انتظاري البائس ان ياتي يوما جديدا يكون افضل انتظر هذا اليوم بشده
انا حاس اني عندي اكتئاب حاس مش متأكد حد عارف اتأكد ازاي,1,0,0,انا حاس اني عندي اكتئاب حاس متاكد عارف اتاكد ازاي,انا حاس اني عندي اكتئاب حاس مش متاكد حد عارف اتاكد ازاي
بجد طول رمضان نفسي كانت هادئة ومطمئنة الي حد كبير ومعانتش من نوبات قلق خالص، النهارده ومن بعد المغرب حرفيًا مش عارفة اتنفس وتقل الدنيا على قلبي، مش عارفه ماليش نفس اعيد يعني! ما نبدأ نوبات قلق وزفت على دماغنا بعد العيد طييييب.,1,1,0,بجد طول رمضان نفسي هادئه ومطمئنه الي كبير ومعانتش نوبات قلق خالص، النهارده ومن المغرب حرفيا عارفه اتنفس وتقل الدنيا علي قلبي، عارفه ماليش نفس اعيد يعني نبدا نوبات قلق وزفت علي دماغنا العيد طيب,بجد طول رمضان نفسي كانت هادئه ومطمئنه الي حد كبير ومعانتش من نوبات قلق خالص، النهارده ومن بعد المغرب حرفيا مش عارفه اتنفس وتقل الدنيا علي قلبي، مش عارفه ماليش نفس اعيد يعني! ما نبدا نوبات قلق وزفت علي دماغنا بعد العيد طييييب.
الصراحة مش فاهمة الاستاذ شابوه بيعمل ايه يعني احنا ناقصين ذعر و اكتئاب هل مثلا الكورونا خلصت و بندور على ڤيرس جديد,1,0,0,الصراحه فاهمه الاستاذ شابوه بيعمل ايه يعني احنا ناقصين ذعر اكتئاب مثلا الكورونا خلصت بندور علي ڤيرس جديد,الصراحه مش فاهمه الاستاذ شابوه بيعمل ايه يعني احنا ناقصين ذعر و اكتئاب هل مثلا الكورونا خلصت و بندور علي ڤيرس جديد
كل ما بصحى الصبح وألاقي شمس والجو حر وسخن وعموماً كل ما بحس إن الصيف بيقرب بحسني داخله على إكتئاب حاد😤,1,1,0,بصحي الصبح والاقي شمس والجو وسخن وعموما بحس الصيف بيقرب بحسني داخله علي اكتئاب حاد😤,كل ما بصحي الصبح والاقي شمس والجو حر وسخن وعموما كل ما بحس ان الصيف بيقرب بحسني داخله علي اكتئاب حاد😤
كأبه حياتي شذا,1,0,0,كابه حياتي شذا,كابه حياتي شذا
الانتحار حرام بس التعب النفسي بيدمر الواحد 💔,1,0,0,الانتحار حرام التعب النفسي بيدمر الواحد,الانتحار حرام بس التعب النفسي بيدمر الواحد 💔
والله الغربة و العزلة تجيب اكتئاب افكر في الانتحار,1,0,0,والله الغربه العزله تجيب اكتئاب افكر الانتحار,والله الغربه و العزله تجيب اكتئاب افكر في الانتحار
و في كل مرة نتساءل بأي ذنب كل هذا الظلم يكون الجواب المزيد من اليأس و الإنتحار انتحارالبدون,1,0,0,مره نتساءل باي ذنب الظلم الجواب المزيد الياس الانتحار انتحارالبدون,و في كل مره نتساءل باي ذنب كل هذا الظلم يكون الجواب المزيد من الياس و الانتحار انتحارالبدون
الوحده حلوه بس طلعت صعبه 💔,1,0,0,الوحده حلوه طلعت صعبه,الوحده حلوه بس طلعت صعبه 💔
يليت اقدر الحس الكتب واستفيد لان من الاكتئاب م عندي وقت اقرا,1,0,0,يليت اقدر الحس الكتب واستفيد لان الاكتئاب عندي وقت اقرا,يليت اقدر الحس الكتب واستفيد لان من الاكتئاب م عندي وقت اقرا
مستحيل انام نومة حلوه بدون كوابيس واحلام قلق,1,1,0,مستحيل انام نومه حلوه بدون كوابيس واحلام قلق,مستحيل انام نومه حلوه بدون كوابيس واحلام قلق
تايه من شدة التفكير وضيقة الصدر صعبة علي الإنسان إحساس كأبة الله لايبلينا,1,0,0,تايه شده التفكير وضيقه الصدر صعبه علي الانسان احساس كابه الله لايبلينا,تايه من شده التفكير وضيقه الصدر صعبه علي الانسان احساس كابه الله لايبلينا
وع فيني كأبه وسوداوية ما ادري وش السبب ودي أروح أركض بس بتشقني الشمس,1,1,0,فيني كابه وسوداويه ادري السبب ودي اروح اركض بتشقني الشمس,وع فيني كابه وسوداويه ما ادري وش السبب ودي اروح اركض بس بتشقني الشمس
واله الواحد معد يدري هو اكتئاب ولا انطفاء ولا نضج ولا انعدام الشغف ولا حاله نفسيه ولا هذي شخصيته,1,0,0,واله الواحد معد يدري اكتئاب ولا انطفاء ولا نضج ولا انعدام الشغف ولا حاله نفسيه ولا هذي شخصيته,واله الواحد معد يدري هو اكتئاب ولا انطفاء ولا نضج ولا انعدام الشغف ولا حاله نفسيه ولا هذي شخصيته
إني لستُ بخير ولا على مايُرام لست سعيد وجداً حزين مكتئب محبط منهزم يائس متألم,1,0,0,اني لست بخير ولا علي مايرام لست سعيد وجدا حزين مكتئب محبط منهزم يائس متالم,اني لست بخير ولا علي مايرام لست سعيد وجدا حزين مكتئب محبط منهزم يائس متالم
مكتئب نفسين 💜✋,1,0,0,مكتئب نفسين,مكتئب نفسين 💜✋
هاجر اكتئاب معانا اتفضلي المايك😂💔,1,0,0,هاجر اكتئاب معانا اتفضلي المايك😂💔,هاجر اكتئاب معانا اتفضلي المايك😂💔
لو لم يكن الانتحار طريق الى جهنم لكنت الان اول المنتحرين,1,1,0,يكن الانتحار طريق الي جهنم لكنت الان اول المنتحرين,لو لم يكن الانتحار طريق الي جهنم لكنت الان اول المنتحرين
"تاتيك افكار سلبية وأحيانا مخيفة _x000D_
مشاعر سلبية منخفضة وتسب قلق _x000D_
أهداف تشعر انها صعبه _x000D_
حين تشعر بها _x000D_
فقط كر باستمر",1,0,0,تاتيك افكار سلبيه واحيانا مخيفه مشاعر سلبيه منخفضه وتسب قلق اهداف تشعر انها صعبه حين تشعر بها فقط باستمر,تاتيك افكار سلبيه واحيانا مخيفه _x<NUM>D_مشاعر سلبيه منخفضه وتسب قلق _x<NUM>D_اهداف تشعر انها صعبه _x<NUM>D_حين تشعر بها _x<NUM>D_فقط كر باستمر
باك تويتر باك كآبة,1,0,0,باك تويتر باك كابه,باك تويتر باك كابه
أنا حزين علي نفسي وعلي صبري وعلي كُل حاجة عملتها ومتقدرتش.,1,0,0,انا حزين علي نفسي وعلي صبري وعلي حاجه عملتها ومتقدرتش,انا حزين علي نفسي وعلي صبري وعلي كل حاجه عملتها ومتقدرتش.
القضاء على اكتئاب ماقبل الدورة الشهرية يجب أن يكون من ضمن ماتستهدفه الرؤية الكريمة,1,0,0,القضاء علي اكتئاب ماقبل الدوره الشهريه يجب ضمن ماتستهدفه الرؤيه الكريمه,القضاء علي اكتئاب ماقبل الدوره الشهريه يجب ان يكون من ضمن ماتستهدفه الرؤيه الكريمه
احتضن جسدي المشوه المتُألم وأغمض عيني المُحاطه بكُل تلك الهالات السوداء وردد كثيراً سنموت قريباً وينتهي كُل هذا الألم الي أن أنام وأفقد الشعور بذاتي,1,0,0,احتضن جسدي المشوه المتالم واغمض عيني المحاطه بكل الهالات السوداء وردد كثيرا سنموت قريبا وينتهي الالم الي انام وافقد الشعور بذاتي,احتضن جسدي المشوه المتالم واغمض عيني المحاطه بكل تلك الهالات السوداء وردد كثيرا سنموت قريبا وينتهي كل هذا الالم الي ان انام وافقد الشعور بذاتي
اكتئاب فراغ شوق 💔,1,0,0,اكتئاب فراغ شوق,اكتئاب فراغ شوق 💔
😢 حزن,1,0,0,حزن,😢 حزن
دي شكلها موجة اكتئاب وداخله عليك يسطا,1,0,0,شكلها موجه اكتئاب وداخله عليك يسطا,دي شكلها موجه اكتئاب وداخله عليك يسطا
بدل ما افكر ايش اسوي جالسه ابكي,1,1,0,بدل افكر ايش اسوي جالسه ابكي,بدل ما افكر ايش اسوي جالسه ابكي
انا على حافة الانهيار,1,0,0,انا علي حافه الانهيار,انا علي حافه الانهيار
لا اله الا اله جبتوا لنا اكتئاب واحباط استغفراله بس😭,1,1,0,اله الا اله جبتوا لنا اكتئاب واحباط استغفراله بس😭,لا اله الا اله جبتوا لنا اكتئاب واحباط استغفراله بس😭
نوبات هوس ونوبات اكتئاب عاليه مكن ابقي بعيط وبعدها بدقيقة بعيط من غير سب مش عارفه الي عندي اكتئاب عادي ولا ,1,1,0,نوبات هوس ونوبات اكتئاب عاليه مكن ابقي بعيط وبعدها بدقيقه بعيط غير عارفه الي عندي اكتئاب عادي ولا,نوبات هوس ونوبات اكتئاب عاليه مكن ابقي بعيط وبعدها بدقيقه بعيط من غير سب مش عارفه الي عندي اكتئاب عادي ولا
ترا السواد الي تحت عيني مُش مرض هذا قلة راحة وملامحي الباهته مُش كره لناس هذي فرط حزن وعصبيتي مش غباء هذا ضغط ب,1,0,0,ترا السواد الي تحت عيني مرض قله راحه وملامحي الباهته كره لناس هذي فرط حزن وعصبيتي غباء ضغط,ترا السواد الي تحت عيني مش مرض هذا قله راحه وملامحي الباهته مش كره لناس هذي فرط حزن وعصبيتي مش غباء هذا ضغط ب
"مدري ابكي😭_x000D_
ولا اضحك 🤣_x000D_
بس ليه متضايقة 😭🥺",1,0,0,مدري ابكي😭 ولا اضحك ليه متضايقه,مدري ابكي😭_x<NUM>D_ولا اضحك 🤣_x<NUM>D_بس ليه متضايقه 😭🥺
عزلة صامته 📖🌏,1,0,0,عزله صامته,عزله صامته 📖🌏
انا قاعدة اتخيل انى عايشة مع ناس زى دول دة انا كان جالى اكتئاب مزمن وتوحد كمان,1,0,0,انا قاعده اتخيل اني عايشه ناس دول انا جالي اكتئاب مزمن وتوحد كمان,انا قاعده اتخيل اني عايشه مع ناس زي دول ده انا كان جالي اكتئاب مزمن وتوحد كمان
هو في حد مكتئب ولا انا بس🥺💔,1,0,0,مكتئب ولا انا بس🥺💔,هو في حد مكتئب ولا انا بس🥺💔
انا براجع طبيب نفسي مو معقوله ماتركت سايكو أو شخص مكروه إلا حبيته طبعاً من الثلاثه الي فوق اكرهم كلهم بإستثناء ماهيتو اعشقه,1,0,0,انا براجع طبيب نفسي معقوله ماتركت سايكو شخص مكروه الا حبيته طبعا الثلاثه الي فوق اكرهم كلهم باستثناء ماهيتو اعشقه,انا براجع طبيب نفسي مو معقوله ماتركت سايكو او شخص مكروه الا حبيته طبعا من الثلاثه الي فوق اكرهم كلهم باستثناء ماهيتو اعشقه
تخيل انا ابكي من ٣ ايام,1,0,0,تخيل انا ابكي ايام,تخيل انا ابكي من <NUM> ايام
اليوم مره كآبه وصعب انا حتى مالي خلق اتكلم بس ابي اتنفس بدون اي تدخلات,1,1,0,اليوم مره كابه وصعب انا حتي مالي خلق اتكلم ابي اتنفس بدون تدخلات,اليوم مره كابه وصعب انا حتي مالي خلق اتكلم بس ابي اتنفس بدون اي تدخلات
شخص مثلي دائماً يمنعه كبريائه ان يظهر بالمظهر الحزين كنت دائماً احرص على ظهوري بكامل الأناقه والأبتسامه حتى ولو الجوف مقهور,1,0,0,شخص مثلي دائما يمنعه كبريائه يظهر بالمظهر الحزين كنت دائما احرص علي ظهوري بكامل الاناقه والابتسامه حتي ولو الجوف مقهور,شخص مثلي دائما يمنعه كبريائه ان يظهر بالمظهر الحزين كنت دائما احرص علي ظهوري بكامل الاناقه والابتسامه حتي ولو الجوف مقهور
انا كمية الفضايح و قصص التحرش الي قريتها انهارده جابتلي اكتئاب يابن المره,1,0,0,انا كميه الفضايح قصص التحرش الي قريتها انهارده جابتلي اكتئاب يابن المره,انا كميه الفضايح و قصص التحرش الي قريتها انهارده جابتلي اكتئاب يابن المره
لبست السماعات عشان محد يكلمني او عشان فيني رهاب اجتماعي ,1,0,0,لبست السماعات عشان محد يكلمني عشان فيني رهاب اجتماعي,لبست السماعات عشان محد يكلمني او عشان فيني رهاب اجتماعي
"الهم خلص البنات من غسل المواعين 😢_x000D_
لا جوع ولا عطش بس الم تفكير في المواعين صار عدنا اكتئاب _x000D_
حتى اظافري تكسرت و",1,1,0,الهم خلص البنات غسل المواعين جوع ولا عطش الم تفكير المواعين صار عدنا اكتئاب حتي اظافري تكسرت,الهم خلص البنات من غسل المواعين 😢_x<NUM>D_لا جوع ولا عطش بس الم تفكير في المواعين صار عدنا اكتئاب _x<NUM>D_حتي اظافري تكسرت و
صحيح اعاني من الاكتئاب الذهاني 😢,1,0,0,صحيح اعاني الاكتئاب الذهاني,صحيح اعاني من الاكتئاب الذهاني 😢
بدك بعد الفيلم سيمبلتا او بروزاك ه,1,0,0,بدك الفيلم سيمبلتا بروزاك,بدك بعد الفيلم سيمبلتا او بروزاك ه
"يوم الاثنين ١٤١٦٣٠ _x000D_
اتذكر مريت بفترة ماتخيلت من قوة الضيقة اني بطلع منها لدرجة اكتئاب ماكان طبيعي 🥺💔",1,0,0,يوم الاثنين ١٤١٦٣٠ اتذكر مريت بفتره ماتخيلت قوه الضيقه اني بطلع منها لدرجه اكتئاب ماكان طبيعي,يوم الاثنين <NUM><NUM><NUM><NUM><NUM><NUM> _x<NUM>D_اتذكر مريت بفتره ماتخيلت من قوه الضيقه اني بطلع منها لدرجه اكتئاب ماكان طبيعي 🥺💔
انا مكتئب ليش تزيدها الحين بقعد اتحسر عليك 😣,1,0,0,انا مكتئب ليش تزيدها الحين بقعد اتحسر عليك,انا مكتئب ليش تزيدها الحين بقعد اتحسر عليك 😣
"هيطلعوا ريجيني مريض اكتئاب _x000D_
وانتحر👹_x000D_
ولما انتحر الناس بتوع عربية الميكروباص زعلوا عليه و",1,0,0,هيطلعوا ريجيني مريض اكتئاب وانتحر👹 ولما انتحر الناس بتوع عربيه الميكروباص زعلوا عليه,هيطلعوا ريجيني مريض اكتئاب _x<NUM>D_وانتحر👹_x<NUM>D_ولما انتحر الناس بتوع عربيه الميكروباص زعلوا عليه و
اني اعيش متناقضة في حياتي دي اكتر حاجة بتخليني افكر في الانتحار,1,0,0,اني اعيش متناقضه حياتي اكتر حاجه بتخليني افكر الانتحار,اني اعيش متناقضه في حياتي دي اكتر حاجه بتخليني افكر في الانتحار
حلو والله لأنو غالبًا لو الشخص عنده خطة وحدة بس وبذل كل جهده عليها وما صارت يدخل في اكتئاب,1,0,0,حلو والله لانو غالبا الشخص عنده خطه وحده وبذل جهده عليها وما صارت يدخل اكتئاب,حلو والله لانو غالبا لو الشخص عنده خطه وحده بس وبذل كل جهده عليها وما صارت يدخل في اكتئاب
ياناس فيه كثير اوهموهم القراء والي يسون رقيه ان عنده حسد وسحروبالاخير اكتشف انه مرض نفسي,1,0,0,ياناس فيه كثير اوهموهم القراء والي يسون رقيه عنده حسد وسحروبالاخير اكتشف انه مرض نفسي,ياناس فيه كثير اوهموهم القراء والي يسون رقيه ان عنده حسد وسحروبالاخير اكتشف انه مرض نفسي
"أحتاج عزلة لوحدي_x000D_
والشخص المناسب ما ابيه خلوه لكم 😂",1,1,0,احتاج عزله لوحدي والشخص المناسب ابيه خلوه لكم,احتاج عزله لوحدي_x<NUM>D_والشخص المناسب ما ابيه خلوه لكم 😂
انا مكتئبه تزيدني اكتئاب,1,0,0,انا مكتئبه تزيدني اكتئاب,انا مكتئبه تزيدني اكتئاب
لأ عادى مش زعل ولا اكتئاب بس زهقت من خلقتى بتحصل كتير أو دائما,1,0,0,عادي زعل ولا اكتئاب زهقت خلقتي بتحصل كتير دائما,لا عادي مش زعل ولا اكتئاب بس زهقت من خلقتي بتحصل كتير او دائما
لو حاب اقولك لو دخلنا,1,0,0,حاب اقولك دخلنا,لو حاب اقولك لو دخلنا
احس ابي ابكي بس مافي مكان,1,0,0,احس ابي ابكي مافي مكان,احس ابي ابكي بس مافي مكان
برجع انام لاني على حافة الاكتئاب,1,0,0,برجع انام لاني علي حافه الاكتئاب,برجع انام لاني علي حافه الاكتئاب
ولأنك تكتم الكلام ، سيتراكم حبره تحت عينيك,1,0,0,ولانك تكتم الكلام سيتراكم حبره تحت عينيك,ولانك تكتم الكلام ، سيتراكم حبره تحت عينيك
"انا اصبت فى شهر اتناشر_x000D_
احنا دلوقتى داخلين على خمسه_x000D_
وفيه اعراض لسه _x000D_
اكتئاب وزهق ومش بقدر اجرى وساعات احسن بألم فى صدرى",1,0,0,انا اصبت شهر اتناشر احنا دلوقتي داخلين علي خمسه وفيه اعراض لسه اكتئاب وزهق ومش بقدر اجري وساعات احسن بالم صدري,انا اصبت في شهر اتناشر_x<NUM>D_احنا دلوقتي داخلين علي خمسه_x<NUM>D_وفيه اعراض لسه _x<NUM>D_اكتئاب وزهق ومش بقدر اجري وساعات احسن بالم في صدري
واله ودي اعرف ليه قاعده ابكي,1,0,0,واله ودي اعرف ليه قاعده ابكي,واله ودي اعرف ليه قاعده ابكي
كدا بدأنا اكتئاب بقا🙆🏻‍♀️,1,0,0,كدا بدانا اكتئاب بقا🙆🏻‍♀️,كدا بدانا اكتئاب بقا🙆🏻♀️
لو الأنتحار حلال لكانت الدنيا مهجوره وانا اول المهاجرين💔,1,0,0,الانتحار حلال لكانت الدنيا مهجوره وانا اول المهاجرين💔,لو الانتحار حلال لكانت الدنيا مهجوره وانا اول المهاجرين💔
اكتئاب فل مارك ولهي,1,0,0,اكتئاب مارك ولهي,اكتئاب فل مارك ولهي
ماتسحر ولا افطر بس مويا بحكم نومي ومن عقبها وانا صايره اتعب وغثيان وانا صايمه ودوخه ومافيني طاقه هالنوم سبب لي اكتئاب وعيا,1,0,0,ماتسحر ولا افطر مويا بحكم نومي ومن عقبها وانا صايره اتعب وغثيان وانا صايمه ودوخه ومافيني طاقه هالنوم سبب اكتئاب وعيا,ماتسحر ولا افطر بس مويا بحكم نومي ومن عقبها وانا صايره اتعب وغثيان وانا صايمه ودوخه ومافيني طاقه هالنوم سبب لي اكتئاب وعيا
يارب انا قلبي زعلان و حزن الدنيا كله فيه هون يارب,1,0,0,يارب انا قلبي زعلان حزن الدنيا كله فيه هون يارب,يارب انا قلبي زعلان و حزن الدنيا كله فيه هون يارب
بالرغم من كل الجراح التي تسكن في قلبي، وفي الجزء الضئيل الذي أشعر به تجاه الذين من حولي، بالرغم من أنني أحاول كثيرًا أن أخرج للعالم بوجه يليق بي، ليس بالوجه الحزين، ولا أظهر لهم مدى هشاشه مشاعري,1,1,0,بالرغم الجراح التي تسكن قلبي، وفي الجزء الضئيل الذي اشعر تجاه الذين حولي، بالرغم انني احاول كثيرا اخرج للعالم بوجه يليق بي، ليس بالوجه الحزين، ولا اظهر لهم مدي هشاشه مشاعري,بالرغم من كل الجراح التي تسكن في قلبي، وفي الجزء الضئيل الذي اشعر به تجاه الذين من حولي، بالرغم من انني احاول كثيرا ان اخرج للعالم بوجه يليق بي، ليس بالوجه الحزين، ولا اظهر لهم مدي هشاشه مشاعري
حاسه بإنتكاسة إكتئاب من سويعات قليلة داهمتني وانا اطالع بعض الأخبار المزعجة ودي عاد الإكتئاب يحترم نفسه ويأجلها لبعد الويكند 😞,1,0,0,حاسه بانتكاسه اكتئاب سويعات قليله داهمتني وانا اطالع بعض الاخبار المزعجه ودي عاد الاكتئاب يحترم نفسه وياجلها لبعد الويكند,حاسه بانتكاسه اكتئاب من سويعات قليله داهمتني وانا اطالع بعض الاخبار المزعجه ودي عاد الاكتئاب يحترم نفسه وياجلها لبعد الويكند 😞
نوبات قلق متتاليه!,1,0,0,نوبات قلق متتاليه,نوبات قلق متتاليه!
"إنعدام الشّعور الخدر العاطفِي_x000D_
اكتئاب أم نُضج فِكري",1,0,0,انعدام الشعور الخدر العاطفي اكتئاب نضج فكري,انعدام الشعور الخدر العاطفي_x<NUM>D_اكتئاب ام نضج فكري
يحتاج اسبوع اطلع من اكتئاب هاي الحلقة,1,0,0,يحتاج اسبوع اطلع اكتئاب هاي الحلقه,يحتاج اسبوع اطلع من اكتئاب هاي الحلقه
 اضحك ولا ابكي قسم بالله قهر,1,0,0,اضحك ولا ابكي قسم بالله قهر,اضحك ولا ابكي قسم بالله قهر
رُهاب,1,0,0,رهاب,رهاب
أنا من امبارح لا حاسة بطعم أكل ولا شرب ولا سجاير وبفكر جدياً في الانتحار,1,1,0,انا امبارح حاسه بطعم اكل ولا شرب ولا سجاير وبفكر جديا الانتحار,انا من امبارح لا حاسه بطعم اكل ولا شرب ولا سجاير وبفكر جديا في الانتحار
حزن الدنيا كله كوم و حزن إنك بذلت مجهود ع الفاضي ده كوم تاني,1,0,0,حزن الدنيا كله كوم حزن انك بذلت مجهود الفاضي كوم تاني,حزن الدنيا كله كوم و حزن انك بذلت مجهود ع الفاضي ده كوم تاني
وكيف أجعل نفسي مطمئنة دون صراعات أو نوبات قلق ,1,0,0,وكيف اجعل نفسي مطمئنه دون صراعات نوبات قلق,وكيف اجعل نفسي مطمئنه دون صراعات او نوبات قلق
هو البقاء لله وكل حاجه يعني بس انا جالي اكتئاب من الي بشوفو ع الفيس بوك,1,0,0,البقاء لله وكل حاجه يعني انا جالي اكتئاب الي بشوفو الفيس بوك,هو البقاء لله وكل حاجه يعني بس انا جالي اكتئاب من الي بشوفو ع الفيس بوك
جاني هلع,1,0,0,جاني هلع,جاني هلع
لا بس سألت طبيب نفسي علشان بعاني من نوبات اكتئاب,1,1,0,سالت طبيب نفسي علشان بعاني نوبات اكتئاب,لا بس سالت طبيب نفسي علشان بعاني من نوبات اكتئاب
حين اكون منعزلاً عن الجميع فانا بداخلي دمع اخبئه عن اعينهم و لدي من الافكار ما تجعلني مكتئب و فاقد القدرة على مخالطتهم,1,1,0,حين اكون منعزلا الجميع فانا بداخلي دمع اخبئه اعينهم لدي الافكار تجعلني مكتئب فاقد القدره علي مخالطتهم,حين اكون منعزلا عن الجميع فانا بداخلي دمع اخبئه عن اعينهم و لدي من الافكار ما تجعلني مكتئب و فاقد القدره علي مخالطتهم
معك قلق خذ حبوب بندول نايت الموف جميله وتنفع لك انا عن تجربه متازه 👌,1,0,0,معك قلق حبوب بندول نايت الموف جميله وتنفع انا تجربه متازه,معك قلق خذ حبوب بندول نايت الموف جميله وتنفع لك انا عن تجربه متازه 👌
قلق مفرط وخوف شديد يارب سلم ونجي انت بيدك الاقمار كلها وانت الطيف الخبير 🤦🏻‍♀💔😭,1,0,0,قلق مفرط وخوف شديد يارب سلم ونجي انت بيدك الاقمار كلها وانت الطيف الخبير 🤦🏻‍♀💔😭,قلق مفرط وخوف شديد يارب سلم ونجي انت بيدك الاقمار كلها وانت الطيف الخبير 🤦🏻♀💔😭
فيني كآبة,1,0,0,فيني كابه,فيني كابه
كومة حزن فقلبي متعقدة ماني قادره اطلعها ولا اشرحها لأحد,1,0,0,كومه حزن فقلبي متعقده ماني قادره اطلعها ولا اشرحها لاحد,كومه حزن فقلبي متعقده ماني قادره اطلعها ولا اشرحها لاحد
لازم تقدرون انو الانسان تجيه فتره اكتئاب ومضغوط وتعبان مو كل شوي متغير ومتغير حقيقي اكتئاب فهمتو مو طايق احد ماله خلق لآي شي👎🏽,1,0,0,لازم تقدرون انو الانسان تجيه فتره اكتئاب ومضغوط وتعبان شوي متغير ومتغير حقيقي اكتئاب فهمتو طايق احد ماله خلق لاي شي👎🏽,لازم تقدرون انو الانسان تجيه فتره اكتئاب ومضغوط وتعبان مو كل شوي متغير ومتغير حقيقي اكتئاب فهمتو مو طايق احد ماله خلق لاي شي👎🏽
يس انه الإكتئاب اهلا اهلا,1,0,0,انه الاكتئاب اهلا اهلا,يس انه الاكتئاب اهلا اهلا
وقفت حلقه تسعة ومافيش حزن اكثر من كذا,1,0,0,وقفت حلقه تسعه ومافيش حزن اكثر كذا,وقفت حلقه تسعه ومافيش حزن اكثر من كذا
الجو العام فيه كآبة غريبة يا رب ارحمنا برحمتك🤲,1,0,0,الجو العام فيه كابه غريبه ارحمنا برحمتك🤲,الجو العام فيه كابه غريبه يا رب ارحمنا برحمتك🤲
حالتين اكتئاب جزء من الجوع وجزء نفسية ويه ويه,1,0,0,حالتين اكتئاب جزء الجوع وجزء نفسيه ويه ويه,حالتين اكتئاب جزء من الجوع وجزء نفسيه ويه ويه
الاكتئاب الي يجي بشهر شوال محد فكر يدرس اسبابه,1,0,0,الاكتئاب الي يجي بشهر شوال محد فكر يدرس اسبابه,الاكتئاب الي يجي بشهر شوال محد فكر يدرس اسبابه
حتى انا حزن,1,0,0,حتي انا حزن,حتي انا حزن
"اول مره ابكي من عوار القلب _x000D_
واول مره أحس روحي بتطلع مني",1,0,0,اول مره ابكي عوار القلب واول مره احس روحي بتطلع مني,اول مره ابكي من عوار القلب _x<NUM>D_واول مره احس روحي بتطلع مني
مكتئب بسبب محدش يعرفه حتي انا مش عارفه,1,0,0,مكتئب بسبب محدش يعرفه حتي انا عارفه,مكتئب بسبب محدش يعرفه حتي انا مش عارفه
خلي بالك من زيزي تسليط الضوء عل اضطراب نفسي موجود حوالينا كتير و لا نجيد التعامل معه وايضا مناقشة,1,1,0,خلي بالك زيزي تسليط الضوء اضطراب نفسي موجود حوالينا كتير نجيد التعامل معه وايضا مناقشه,خلي بالك من زيزي تسليط الضوء عل اضطراب نفسي موجود حوالينا كتير و لا نجيد التعامل معه وايضا مناقشه
بيتنا كل سنه عندهم رمضان يعني عزى حزن اليل تمر على الغرف ماتسمع الا بكاء ودعاء و النهار ابن امه يرفع صوته ولا يطق,1,0,0,بيتنا سنه عندهم رمضان يعني عزي حزن اليل تمر علي الغرف ماتسمع الا بكاء ودعاء النهار ابن امه يرفع صوته ولا يطق,بيتنا كل سنه عندهم رمضان يعني عزي حزن اليل تمر علي الغرف ماتسمع الا بكاء ودعاء و النهار ابن امه يرفع صوته ولا يطق
مكتئب🚶‍♂️,1,0,0,مكتئب🚶‍♂️,مكتئب🚶♂️
أن حِزني الوحُيد هو أنني عُندما أنهي ما أكتبة ، أكتشِف أنه مجّرد بداية صِغيرة لما أريد قولة ,1,1,0,حزني الوحيد انني عندما انهي اكتبه اكتشف انه مجرد بدايه صغيره لما اريد قوله,ان حزني الوحيد هو انني عندما انهي ما اكتبه ، اكتشف انه مجرد بدايه صغيره لما اريد قوله
الوحده اصعب شي في الدنيا,1,0,0,الوحده اصعب الدنيا,الوحده اصعب شي في الدنيا
مش متخيلة نفسي كمان بتاع ١٠ سنين كدا وانا بحكي لولادي قصة كفاح امهم و قد اي هي عافرت و قاومت ضغت نفسي و اكتئاب و تخ,1,0,0,متخيله نفسي كمان بتاع سنين كدا وانا بحكي لولادي قصه كفاح امهم عافرت قاومت ضغت نفسي اكتئاب,مش متخيله نفسي كمان بتاع <NUM><NUM> سنين كدا وانا بحكي لولادي قصه كفاح امهم و قد اي هي عافرت و قاومت ضغت نفسي و اكتئاب و تخ
لا لا يعم شويه اكتئاب بس 😂💔,1,1,0,يعم شويه اكتئاب,لا لا يعم شويه اكتئاب بس 😂💔
اكتئاب اليل دا مش عارفه هنخلص منو امتا,1,0,0,اكتئاب اليل عارفه هنخلص منو امتا,اكتئاب اليل دا مش عارفه هنخلص منو امتا
قلق ابيه معي بنومي,1,0,0,قلق ابيه معي بنومي,قلق ابيه معي بنومي
بكيت تذكرت تسريبات مينسوك وجاني اكتئاب,1,0,0,بكيت تذكرت تسريبات مينسوك وجاني اكتئاب,بكيت تذكرت تسريبات مينسوك وجاني اكتئاب
كأبه مُركزه 😂💔,1,0,0,كابه مركزه,كابه مركزه 😂💔
رمضان العام حاشني اكتئاب,1,0,0,رمضان العام حاشني اكتئاب,رمضان العام حاشني اكتئاب
عندي رهاب اجتماعي ما امزح,1,1,0,عندي رهاب اجتماعي امزح,عندي رهاب اجتماعي ما امزح
هما شوية اكتئاب موسمي وهيروحوا لحالهم,1,0,0,هما شويه اكتئاب موسمي وهيروحوا لحالهم,هما شويه اكتئاب موسمي وهيروحوا لحالهم
هلع موطبيعي فيني,1,0,0,هلع موطبيعي فيني,هلع موطبيعي فيني
مشكلة الاكتئاب أنه مرض مخادع يجعلك ترى السعادة سطحية والحزن عمق وهذا ما يجعلني قلقا أحيانا كثير,1,1,0,مشكله الاكتئاب انه مرض مخادع يجعلك تري السعاده سطحيه والحزن عمق وهذا يجعلني قلقا احيانا كثير,مشكله الاكتئاب انه مرض مخادع يجعلك تري السعاده سطحيه والحزن عمق وهذا ما يجعلني قلقا احيانا كثير
وفكرت اروح طبيب نفسي مثلك لاكن مازلت بمرحلة التردد لاني فقدت ثقتي بنفسي كثير ونفس اعراضك كلها فيني شعور متعب جداً والله 🚶🏻‍♀️☹️,1,0,1,وفكرت اروح طبيب نفسي مثلك لاكن مازلت بمرحله التردد لاني فقدت ثقتي بنفسي كثير ونفس اعراضك كلها فيني شعور متعب جدا والله 🚶🏻‍♀️☹️,وفكرت اروح طبيب نفسي مثلك لاكن مازلت بمرحله التردد لاني فقدت ثقتي بنفسي كثير ونفس اعراضك كلها فيني شعور متعب جدا والله 🚶🏻♀️☹️
ابكي😭,1,0,0,ابكي😭,ابكي😭
واله احس اني ضايعه ابي اعرف اذا بتخرج وانا اشتغل بنفس الوقت ولا لا مرا هالموضوع مسب لي قلق وتوتر,1,1,0,واله احس اني ضايعه ابي اعرف اذا بتخرج وانا اشتغل بنفس الوقت ولا مرا هالموضوع مسب قلق وتوتر,واله احس اني ضايعه ابي اعرف اذا بتخرج وانا اشتغل بنفس الوقت ولا لا مرا هالموضوع مسب لي قلق وتوتر
"ان كان الانِتحار بجسّدي مُحرم فان _x000D_
داخلي قد رمىٰ بنفسه الىٰ الهاوية مُنذ زمن",1,0,0,الانتحار بجسدي محرم فان داخلي رميٰ بنفسه اليٰ الهاويه منذ زمن,ان كان الانتحار بجسدي محرم فان _x<NUM>D_داخلي قد رمي بنفسه الي الهاويه منذ زمن
بشكل جدي الحين انا صدق عندي ترست ايشوز مع الأشخاص بسب علاقه سابقه ومو قادره اثق بأي علاقه أو ارتاح واطمئن مع اصحاب,1,0,0,بشكل جدي الحين انا صدق عندي ترست ايشوز الاشخاص بسب علاقه سابقه ومو قادره اثق باي علاقه ارتاح واطمئن اصحاب,بشكل جدي الحين انا صدق عندي ترست ايشوز مع الاشخاص بسب علاقه سابقه ومو قادره اثق باي علاقه او ارتاح واطمئن مع اصحاب
أعراض مرض البلاجرا هى التهاب حاد بالجلد و إسهال و غثيان و صداع و اكتئاب 9,1,0,0,اعراض مرض البلاجرا التهاب حاد بالجلد اسهال غثيان صداع اكتئاب,اعراض مرض البلاجرا هي التهاب حاد بالجلد و اسهال و غثيان و صداع و اكتئاب <NUM>
بقالي فترة كبيرة عندي كآبة اجتماعية علاقاتي تقلصت وانحصرت على ناس معينة مبقتش قابل اشوف الناس زي الأول ,1,0,0,بقالي فتره كبيره عندي كابه اجتماعيه علاقاتي تقلصت وانحصرت علي ناس معينه مبقتش قابل اشوف الناس الاول,بقالي فتره كبيره عندي كابه اجتماعيه علاقاتي تقلصت وانحصرت علي ناس معينه مبقتش قابل اشوف الناس زي الاول
وقت الاكتئاب,1,0,0,وقت الاكتئاب,وقت الاكتئاب
حبيبتي تقول فيني اكتئاب,1,0,0,حبيبتي تقول فيني اكتئاب,حبيبتي تقول فيني اكتئاب
انتحار انا اليوم,1,0,0,انتحار انا اليوم,انتحار انا اليوم
أكره الوجُع البارد الي صاير فيني الي مَا يخليني لا أبكي و لا أفضفض بس كذا أتعب و أشيل حرقة قلبّي و أضحك و أسكت و أنام,1,1,0,اكره الوجع البارد الي صاير فيني الي يخليني ابكي افضفض كذا اتعب اشيل حرقه قلبي اضحك اسكت انام,اكره الوجع البارد الي صاير فيني الي ما يخليني لا ابكي و لا افضفض بس كذا اتعب و اشيل حرقه قلبي و اضحك و اسكت و انام
و بئساً لنا فقد اصبحنا في دوامة الاكتئاب,1,0,0,بئسا لنا فقد اصبحنا دوامه الاكتئاب,و بئسا لنا فقد اصبحنا في دوامه الاكتئاب
كفاية اكتئاب قومي يلا,1,0,0,كفايه اكتئاب قومي يلا,كفايه اكتئاب قومي يلا
القرآن الكريم والصلاة كان عندي اكتئاب والحمدله خف بعد المداومة على قرأت القرآن,1,0,0,القران الكريم والصلاه عندي اكتئاب والحمدله المداومه علي قرات القران,القران الكريم والصلاه كان عندي اكتئاب والحمدله خف بعد المداومه علي قرات القران
"حزين اكتئاب_x000D_
بتوتر انكزايتي_x000D_
بت دا انت عندك سندروم التراباتيت_x000D_
بتعيط باليل بس عندك تروما يالا دكتور دلوقتي",1,0,0,حزين اكتئاب بتوتر انكزايتي انت عندك سندروم التراباتيت بتعيط باليل عندك تروما يالا دكتور دلوقتي,حزين اكتئاب_x<NUM>D_بتوتر انكزايتي_x<NUM>D_بت دا انت عندك سندروم التراباتيت_x<NUM>D_بتعيط باليل بس عندك تروما يالا دكتور دلوقتي
"عن أي حياة تحدثون _x000D_
ونحن مصابون ب الاكتئاب في هذه الأعمار",1,0,0,حياه تحدثون ونحن مصابون الاكتئاب الاعمار,عن اي حياه تحدثون _x<NUM>D_ونحن مصابون ب الاكتئاب في هذه الاعمار
نوبات اكتئاب حاد و اضطرابات نفسية و شعور بالتعب والخمول الشديد طول الوقت و انعدام التركيز و كل ده لازم اذاكر,1,0,0,نوبات اكتئاب حاد اضطرابات نفسيه شعور بالتعب والخمول الشديد طول الوقت انعدام التركيز لازم اذاكر,نوبات اكتئاب حاد و اضطرابات نفسيه و شعور بالتعب والخمول الشديد طول الوقت و انعدام التركيز و كل ده لازم اذاكر
الواحد بالمية دا يجي وقت اكتئاب الدوره بس,1,0,0,الواحد بالميه يجي وقت اكتئاب الدوره,الواحد بالميه دا يجي وقت اكتئاب الدوره بس
ليه اضطريت اسيب كل حاجة بحبها مرة واحدة كدة امشى واخسر كل ده بحجة كفاية عناء وشقاء بس طلع الشقاء ده مكمل وزاد عليه كآبة أكتر,1,0,0,ليه اضطريت اسيب حاجه بحبها مره واحده كده امشي واخسر بحجه كفايه عناء وشقاء طلع الشقاء مكمل وزاد عليه كابه اكتر,ليه اضطريت اسيب كل حاجه بحبها مره واحده كده امشي واخسر كل ده بحجه كفايه عناء وشقاء بس طلع الشقاء ده مكمل وزاد عليه كابه اكتر
عزلة وذكريات وكورونا يا دمار القلب,1,0,0,عزله وذكريات وكورونا دمار القلب,عزله وذكريات وكورونا يا دمار القلب
خلاص لا تكمل يكفي حزن😭😿,1,1,0,خلاص تكمل يكفي حزن😭😿,خلاص لا تكمل يكفي حزن😭😿
و الروحُ من فرطِ التعبِ بَهُتتْ,1,0,0,الروح فرط التعب بهتت,و الروح من فرط التعب بهتت
يُمكِنُني البُكاء ولا أُجيدُ الحديث أنا الصامِتةُ الكتومةُ تُميتُني الهمومُ و أدفنُ بالأحزانِ ,1,0,0,يمكنني البكاء ولا اجيد الحديث انا الصامته الكتومه تميتني الهموم ادفن بالاحزان,يمكنني البكاء ولا اجيد الحديث انا الصامته الكتومه تميتني الهموم و ادفن بالاحزان
من الألم النفسي قاعده ابكي,1,0,0,الالم النفسي قاعده ابكي,من الالم النفسي قاعده ابكي
فينوس ممكن سؤال ليش لما تنخفض طاقتي أو أحس بخوف أو قلق أحس أطفالي فجأه يصيرون نفسي بالضبط,1,0,0,فينوس ممكن سؤال ليش لما تنخفض طاقتي احس بخوف قلق احس اطفالي فجاه يصيرون نفسي بالضبط,فينوس ممكن سؤال ليش لما تنخفض طاقتي او احس بخوف او قلق احس اطفالي فجاه يصيرون نفسي بالضبط
"حدا قال اني مضاد اكتئاب مثلا_x000D_
صح انا حدا كتير بحب يكون ايجابي بس مالي مصلحة اجتماعية انا 🤦🏻‍♀️بصلح حياتي و واقعي لقريب بس مو لكون",1,0,0,حدا قال اني مضاد اكتئاب مثلا انا حدا كتير بحب ايجابي مالي مصلحه اجتماعيه انا 🤦🏻‍♀️بصلح حياتي واقعي لقريب لكون,حدا قال اني مضاد اكتئاب مثلا_x<NUM>D_صح انا حدا كتير بحب يكون ايجابي بس مالي مصلحه اجتماعيه انا 🤦🏻♀️بصلح حياتي و واقعي لقريب بس مو لكون
نهاية نير مسببه لي اكتئاب حتى مالي نفس شي,1,0,0,نهايه نير مسببه اكتئاب حتي مالي نفس,نهايه نير مسببه لي اكتئاب حتي مالي نفس شي
مؤخرا امر باحباط وشعور غير مريح واعتقد انه بداية رهاب اجتماعي,1,1,0,مؤخرا امر باحباط وشعور غير مريح واعتقد انه بدايه رهاب اجتماعي,مؤخرا امر باحباط وشعور غير مريح واعتقد انه بدايه رهاب اجتماعي
أنا مُش لِوحدي أنا معايا الوحدة و المَلل و الروتين مالين عليا حَياتي,1,0,0,انا لوحدي انا معايا الوحده الملل الروتين مالين عليا حياتي,انا مش لوحدي انا معايا الوحده و الملل و الروتين مالين عليا حياتي
"أسوأ شيء بهذا الكون لما يكون ذوقك أغلى من ميزانيتك _x000D_
حزن وبس",1,0,0,اسوا شيء بهذا الكون لما ذوقك اغلي ميزانيتك حزن وبس,اسوا شيء بهذا الكون لما يكون ذوقك اغلي من ميزانيتك _x<NUM>D_حزن وبس
فترة كآبه و تخبط,1,0,0,فتره كابه تخبط,فتره كابه و تخبط
أنت شخص تعرضت لحاله اكتئاب تعايشها منذ سنوات وبدأت الحاله عند وصولك لسن الثلاثين لانك عالق ولا تستطيع تق,1,0,0,انت شخص تعرضت لحاله اكتئاب تعايشها منذ سنوات وبدات الحاله وصولك لسن الثلاثين لانك عالق ولا تستطيع,انت شخص تعرضت لحاله اكتئاب تعايشها منذ سنوات وبدات الحاله عند وصولك لسن الثلاثين لانك عالق ولا تستطيع تق
راحة و عزلة,1,0,0,راحه عزله,راحه و عزله
اكتئاب ودموع وحرقه ااه الحمدلله ياررب,1,0,0,اكتئاب ودموع وحرقه ااه الحمدلله ياررب,اكتئاب ودموع وحرقه ااه الحمدلله ياررب
انا تلك الروح المحطمه التي تبحث عن من يفهمها انا تلك الغابة الهادئة التي بداخلها كثيراً من الاسرار انا تلك التي تبحث عن اشخاص قد غابو ولم يعودو .,1,0,0,انا الروح المحطمه التي تبحث يفهمها انا الغابه الهادئه التي بداخلها كثيرا الاسرار انا التي تبحث اشخاص غابو ولم يعودو,انا تلك الروح المحطمه التي تبحث عن من يفهمها انا تلك الغابه الهادئه التي بداخلها كثيرا من الاسرار انا تلك التي تبحث عن اشخاص قد غابو ولم يعودو .
أريد الانتحار لايمكن أعيش,1,0,0,اريد الانتحار لايمكن اعيش,اريد الانتحار لايمكن اعيش
كابه,1,0,0,كابه,كابه
الانتحار واجب😂,1,0,0,الانتحار واجب😂,الانتحار واجب😂
احس اني داخلة في اكتئاب,1,0,0,احس اني داخله اكتئاب,احس اني داخله في اكتئاب
كلنا هنمر بمرحلة اكتئاب وانا دلوقتي فيها وربنا يستر,1,0,0,كلنا هنمر بمرحله اكتئاب وانا دلوقتي فيها وربنا يستر,كلنا هنمر بمرحله اكتئاب وانا دلوقتي فيها وربنا يستر
يا رب وظيفة تنتشلني من كآبة اليوم الطويل و الروتين الممل 🥺,1,0,0,وظيفه تنتشلني كابه اليوم الطويل الروتين الممل,يا رب وظيفه تنتشلني من كابه اليوم الطويل و الروتين الممل 🥺
"لن نعود _x000D_
بات كُل منا في طريقه في النهاية تعود الأمور لنصابها ما مِن أحد ياخذ حزن أحد كلّ قلب حزنهُ معه",1,1,0,نعود بات منا طريقه النهايه تعود الامور لنصابها احد ياخذ حزن احد قلب حزنه معه,لن نعود _x<NUM>D_بات كل منا في طريقه في النهايه تعود الامور لنصابها ما من احد ياخذ حزن احد كل قلب حزنه معه
انا مكتئب منهك,1,0,0,انا مكتئب منهك,انا مكتئب منهك
تحسبوني سكت بس الواقع اني لحين ابكي,1,0,0,تحسبوني سكت الواقع اني لحين ابكي,تحسبوني سكت بس الواقع اني لحين ابكي
متى الاكتئاب بيفارقنا,1,0,0,متي الاكتئاب بيفارقنا,متي الاكتئاب بيفارقنا
شكلي مولود مكتئب,1,0,0,شكلي مولود مكتئب,شكلي مولود مكتئب
اكتئاب بسب التوتر النفسي 💔,1,0,0,اكتئاب بسب التوتر النفسي,اكتئاب بسب التوتر النفسي 💔
رهاب,1,0,0,رهاب,رهاب
اكتئاب حاد من الاناتومي,1,0,0,اكتئاب حاد الاناتومي,اكتئاب حاد من الاناتومي
اكتئاب 🤣,1,0,0,اكتئاب,اكتئاب 🤣
كل يوم ابكي عليه ابغاه,1,0,0,يوم ابكي عليه ابغاه,كل يوم ابكي عليه ابغاه
شكلي بروح طبيب نفسي يب يب,1,0,0,شكلي بروح طبيب نفسي,شكلي بروح طبيب نفسي يب يب
فيه دور اكتئاب داخل عليا وانا لسه مخلصتش الي معايا,1,0,0,فيه دور اكتئاب داخل عليا وانا لسه مخلصتش الي معايا,فيه دور اكتئاب داخل عليا وانا لسه مخلصتش الي معايا
الصوره عبارة عن فول اكتئاب,1,0,0,الصوره عباره فول اكتئاب,الصوره عباره عن فول اكتئاب
حالة انتحار من جانبي لو لم أحافظ على عزلتي,1,1,0,حاله انتحار جانبي احافظ علي عزلتي,حاله انتحار من جانبي لو لم احافظ علي عزلتي
من عندي كلها حزن وما فيها اي ايجابيه 👀,1,0,0,عندي كلها حزن وما فيها ايجابيه,من عندي كلها حزن وما فيها اي ايجابيه 👀
والله لو الانتحار حلال كان من زمان مالي اثر في هالحياه,1,0,0,والله الانتحار حلال زمان مالي اثر هالحياه,والله لو الانتحار حلال كان من زمان مالي اثر في هالحياه
ليت الانتحار حلال🙂💔,1,0,0,ليت الانتحار حلال🙂💔,ليت الانتحار حلال🙂💔
عنيكي فيها حزن,1,0,0,عنيكي فيها حزن,عنيكي فيها حزن
واله فعلا اكتئاب وملل😂,1,0,0,واله فعلا اكتئاب وملل😂,واله فعلا اكتئاب وملل😂
اكتئاب المراهقه طلع مو بس بفتره المراهقه بيقعد معي طول عمري شكله,1,0,0,اكتئاب المراهقه طلع بفتره المراهقه بيقعد معي طول عمري شكله,اكتئاب المراهقه طلع مو بس بفتره المراهقه بيقعد معي طول عمري شكله
اذا ذا مو اكتئاب اجل ايش حيكون,1,0,0,اذا اكتئاب اجل ايش حيكون,اذا ذا مو اكتئاب اجل ايش حيكون
لا مو اكتئاب بس فقد شغف 🤦🏻‍♀️,1,1,0,اكتئاب فقد شغف 🤦🏻‍♀️,لا مو اكتئاب بس فقد شغف 🤦🏻♀️
كآبة غير مبررة للكل وحتى لنفسي,1,1,0,كابه غير مبرره للكل وحتي لنفسي,كابه غير مبرره للكل وحتي لنفسي
حاله صعبة من اكتئاب نمر بيها,1,0,0,حاله صعبه اكتئاب نمر بيها,حاله صعبه من اكتئاب نمر بيها
الله يشغلهم كافينا الاكتئاب الي فينا,1,0,0,الله يشغلهم كافينا الاكتئاب الي فينا,الله يشغلهم كافينا الاكتئاب الي فينا
يعني ما أصدق على اله أفتك من اكتئاب ما بعد الفطور يجيني اكتئاب ما قبل السحور حياتي أصبحت رهينة هالقطب,1,1,0,يعني اصدق علي اله افتك اكتئاب الفطور يجيني اكتئاب السحور حياتي اصبحت رهينه هالقطب,يعني ما اصدق علي اله افتك من اكتئاب ما بعد الفطور يجيني اكتئاب ما قبل السحور حياتي اصبحت رهينه هالقطب
وقتها بس ابكي لين ربي يفرجها,1,0,0,وقتها ابكي لين ربي يفرجها,وقتها بس ابكي لين ربي يفرجها
على حافة الانتحار بس مبينه كول,1,0,0,علي حافه الانتحار مبينه كول,علي حافه الانتحار بس مبينه كول
لما اشوف حاجة تضحكني بس انا مكتئب,1,0,0,لما اشوف حاجه تضحكني انا مكتئب,لما اشوف حاجه تضحكني بس انا مكتئب
"لستُ حزين ولستُ سعيداً أيضاً, أنا في المرحلة الأصعب لا أشعر بشيء",1,1,0,لست حزين ولست سعيدا ايضا انا المرحله الاصعب اشعر بشيء,"لست حزين ولست سعيدا ايضا, انا في المرحله الاصعب لا اشعر بشيء"
"أعاني من نوبة اكتئاب عظمى ولكن _x000D_
يعزّ علي أنّ يبتلع حزني كلَّ الذين أحبّهُم ويحبّوني",1,0,0,اعاني نوبه اكتئاب عظمي ولكن يعز علي يبتلع حزني الذين احبهم ويحبوني,اعاني من نوبه اكتئاب عظمي ولكن _x<NUM>D_يعز علي ان يبتلع حزني كل الذين احبهم ويحبوني
شعور اللحظه عندي رهاب من كل العلاقات واحس اني خايفه على نفسي من كل حاجه,1,0,0,شعور اللحظه عندي رهاب العلاقات واحس اني خايفه علي نفسي حاجه,شعور اللحظه عندي رهاب من كل العلاقات واحس اني خايفه علي نفسي من كل حاجه
النفسية محتاجة نوم عميق متواصل بعيدا عن جو الاكتئاب ده,1,0,0,النفسيه محتاجه نوم عميق متواصل بعيدا الاكتئاب,النفسيه محتاجه نوم عميق متواصل بعيدا عن جو الاكتئاب ده
"٢رغم استخدامي لحبوب ماتغير ولا شي والاعراض مستمره _x000D_
وصرف لي دكتور النفسيه حبوب لوسترال مضاد لقلق منذو ار",1,0,0,٢رغم استخدامي لحبوب ماتغير ولا والاعراض مستمره وصرف دكتور النفسيه حبوب لوسترال مضاد لقلق منذو,<NUM>رغم استخدامي لحبوب ماتغير ولا شي والاعراض مستمره _x<NUM>D_وصرف لي دكتور النفسيه حبوب لوسترال مضاد لقلق منذو ار
الانتحار هو الحل,1,0,0,الانتحار الحل,الانتحار هو الحل
الجو بيعطي شحنات اكتئاب ولا كيف☹️,1,0,0,الجو بيعطي شحنات اكتئاب ولا كيف☹️,الجو بيعطي شحنات اكتئاب ولا كيف☹️
امر بحالة صعبة جداً اكتئاب وضيقة,1,0,1,امر بحاله صعبه جدا اكتئاب وضيقه,امر بحاله صعبه جدا اكتئاب وضيقه
حزن القلب,1,0,0,حزن القلب,حزن القلب
الراحه النفسيه ثريد عن مركب السيلوسيبين او مايسمى بالفطر المهلوس في جامعة بريطانيا بالتحديد إجراء الدكتور روبن دراس,1,0,0,الراحه النفسيه ثريد مركب السيلوسيبين مايسمي بالفطر المهلوس جامعه بريطانيا بالتحديد اجراء الدكتور روبن دراس,الراحه النفسيه ثريد عن مركب السيلوسيبين او مايسمي بالفطر المهلوس في جامعه بريطانيا بالتحديد اجراء الدكتور روبن دراس
ابلكيشن بجيب لواحد اكتئاب فوق اكتئابه والله,1,0,0,ابلكيشن بجيب لواحد اكتئاب فوق اكتئابه والله,ابلكيشن بجيب لواحد اكتئاب فوق اكتئابه والله
كيف عرف اني مكتئب 😂,1,0,0,عرف اني مكتئب,كيف عرف اني مكتئب 😂
يضايقني جداً موضوع اني ما اقدر افهم مشاعري اقرب الى اني بجسد ما افهمه لاني ما اعرف هل الشعور المؤلم الكئيب المظلم,1,1,1,يضايقني جدا موضوع اني اقدر افهم مشاعري اقرب الي اني بجسد افهمه لاني اعرف الشعور المؤلم الكئيب المظلم,يضايقني جدا موضوع اني ما اقدر افهم مشاعري اقرب الي اني بجسد ما افهمه لاني ما اعرف هل الشعور المؤلم الكئيب المظلم
الاكتئاب اضطراب نفسي والجينات لها دور في الاصابه في حال تعرض الشخص الى مسببات الاكتئاب مثل الصدمات والضغوط النفسيه,1,0,0,الاكتئاب اضطراب نفسي والجينات لها دور الاصابه حال تعرض الشخص الي مسببات الاكتئاب مثل الصدمات والضغوط النفسيه,الاكتئاب اضطراب نفسي والجينات لها دور في الاصابه في حال تعرض الشخص الي مسببات الاكتئاب مثل الصدمات والضغوط النفسيه
لما تكون مكتئب ومحد يلاحظ واهلك م يهتموا لك ونظرتك سوداويه لحياة وتبغى تنتحر بس م تقدر وم تقدر تطلع من نوبة الاكتئاب,1,0,0,لما تكون مكتئب ومحد يلاحظ واهلك يهتموا ونظرتك سوداويه لحياه وتبغي تنتحر تقدر تقدر تطلع نوبه الاكتئاب,لما تكون مكتئب ومحد يلاحظ واهلك م يهتموا لك ونظرتك سوداويه لحياه وتبغي تنتحر بس م تقدر وم تقدر تطلع من نوبه الاكتئاب
هل حد من اسكندريه جاله اكتئاب قبل كدا,1,0,0,اسكندريه جاله اكتئاب كدا,هل حد من اسكندريه جاله اكتئاب قبل كدا
متضايقه حقك كلنا نتضايق بس حبي لا تكرهين نفسك انتي تستحقين كل الحب ماحب ابعص حزن الاشخاص بس لانو حابه,1,1,0,متضايقه حقك كلنا نتضايق حبي تكرهين نفسك انتي تستحقين الحب ماحب ابعص حزن الاشخاص لانو حابه,متضايقه حقك كلنا نتضايق بس حبي لا تكرهين نفسك انتي تستحقين كل الحب ماحب ابعص حزن الاشخاص بس لانو حابه
حزن😓💔,1,0,0,حزن😓💔,حزن😓💔
جد ما اكذب قايز احسني بديت اصير ايجابيه واتحسن صح انو لما تجيني نوبه اكتئاب اكون اسوء من قبل بس من ارجع طبيعيه ,1,1,0,اكذب قايز احسني بديت اصير ايجابيه واتحسن انو لما تجيني نوبه اكتئاب اكون اسوء ارجع طبيعيه,جد ما اكذب قايز احسني بديت اصير ايجابيه واتحسن صح انو لما تجيني نوبه اكتئاب اكون اسوء من قبل بس من ارجع طبيعيه
الحالات الحرجة مسببه لي قلق 😥,1,0,0,الحالات الحرجه مسببه قلق,الحالات الحرجه مسببه لي قلق 😥
الحقيقه أنا شايف إن أحسن حاجه الواحد يقدمها لنفسه الفتره دي إنّه يتعود ع الحياه لوحده يعيش لوحده يخرج لوحده ي,1,0,0,الحقيقه انا شايف احسن حاجه الواحد يقدمها لنفسه الفتره انه يتعود الحياه لوحده يعيش لوحده يخرج لوحده,الحقيقه انا شايف ان احسن حاجه الواحد يقدمها لنفسه الفتره دي انه يتعود ع الحياه لوحده يعيش لوحده يخرج لوحده ي
مفيش طاقة للكلام ولا لاي حاجة,1,0,0,مفيش طاقه للكلام ولا لاي حاجه,مفيش طاقه للكلام ولا لاي حاجه
جرعة كآبة,1,0,0,جرعه كابه,جرعه كابه
واله الواحد معد يدري هو اكتئاب ولا انطفاء ولا نضج ولا انعدام الشغف ولا تخلف ولا حاله نفسيه,1,0,0,واله الواحد معد يدري اكتئاب ولا انطفاء ولا نضج ولا انعدام الشغف ولا تخلف ولا حاله نفسيه,واله الواحد معد يدري هو اكتئاب ولا انطفاء ولا نضج ولا انعدام الشغف ولا تخلف ولا حاله نفسيه
يقلقني أن ثمة شيئًا محطمًا في جيلنا ثمة الكثير من العيون الحزينة في وجوه سعيدة,1,0,0,يقلقني ثمه شيئا محطما جيلنا ثمه الكثير العيون الحزينه وجوه سعيده,يقلقني ان ثمه شيئا محطما في جيلنا ثمه الكثير من العيون الحزينه في وجوه سعيده
اول مره احس اني صدق مكتئب,1,0,0,اول مره احس اني صدق مكتئب,اول مره احس اني صدق مكتئب
فكرة اني بعد 6 شهور بنصكر19 سنة ونخش ال 20 تجيبلي في اكتئاب,1,0,0,فكره اني شهور بنصكر سنه ونخش تجيبلي اكتئاب,فكره اني بعد <NUM> شهور بنصكر<NUM> سنه ونخش ال <NUM> تجيبلي في اكتئاب
بتكلم مع واحد زميلي من شوية علي موضوع الانتحار وليه الانسان ميقتلش نفسه ويرتاح وليه ربنا حرم الانتحار ,1,0,0,بتكلم واحد زميلي شويه علي موضوع الانتحار وليه الانسان ميقتلش نفسه ويرتاح وليه ربنا حرم الانتحار,بتكلم مع واحد زميلي من شويه علي موضوع الانتحار وليه الانسان ميقتلش نفسه ويرتاح وليه ربنا حرم الانتحار
عمريش فت حالة اكتئاب حاد زي كده والنبي 🙂,1,0,0,عمريش حاله اكتئاب حاد كده والنبي,عمريش فت حاله اكتئاب حاد زي كده والنبي 🙂
واله الواحد صار ما يدري الي فيه هو اكتئاب ولا انطفاء تام ولا نضج ولا انعدام الشغف ولا صدمه ولا حاله نفسيه ولا هذي شخصيته,1,1,0,واله الواحد صار يدري الي فيه اكتئاب ولا انطفاء تام ولا نضج ولا انعدام الشغف ولا صدمه ولا حاله نفسيه ولا هذي شخصيته,واله الواحد صار ما يدري الي فيه هو اكتئاب ولا انطفاء تام ولا نضج ولا انعدام الشغف ولا صدمه ولا حاله نفسيه ولا هذي شخصيته
انا حزين جامد وشكلي هدخل مود اكتئاب قد لا اخرج منه ابداً,1,1,0,انا حزين جامد وشكلي هدخل مود اكتئاب اخرج منه ابدا,انا حزين جامد وشكلي هدخل مود اكتئاب قد لا اخرج منه ابدا
لولا أن الأنتحار محرم لكنتم رئيتوني ميتا منذ زمن,1,0,0,لولا الانتحار محرم لكنتم رئيتوني ميتا منذ زمن,لولا ان الانتحار محرم لكنتم رئيتوني ميتا منذ زمن
قنبلة كآبة واقعية,1,0,0,قنبله كابه واقعيه,قنبله كابه واقعيه
والله مدري مرات تجيك كآبه او ضوجه بدون سبب 🧘🏻‍♂️,1,1,0,والله مدري مرات تجيك كابه ضوجه بدون سبب 🧘🏻‍♂️,والله مدري مرات تجيك كابه او ضوجه بدون سبب 🧘🏻♂️
اليوم قررت ابتدي فتره جديده لاني امر بحالة اكتئاب قرت اصادق ناس غير عني وغير عن الاشياء الي احبها عشان انوع لاني,1,1,0,اليوم قررت ابتدي فتره جديده لاني امر بحاله اكتئاب قرت اصادق ناس غير عني وغير الاشياء الي احبها عشان انوع لاني,اليوم قررت ابتدي فتره جديده لاني امر بحاله اكتئاب قرت اصادق ناس غير عني وغير عن الاشياء الي احبها عشان انوع لاني
خايفه من زحل الثامن حياتي عبارة عن تحديات و قلق,1,0,0,خايفه زحل الثامن حياتي عباره تحديات قلق,خايفه من زحل الثامن حياتي عباره عن تحديات و قلق
زمان ف ٣ ثانوي بعد امتحان ما قعدت اعيط من كتر الضغط جت هي قعدت جنبي وقعدت تعيط من غير م تقولي ف اي تلقائي بطلت عياط,1,1,0,زمان ثانوي امتحان قعدت اعيط كتر الضغط قعدت جنبي وقعدت تعيط غير تقولي تلقائي بطلت عياط,زمان ف <NUM> ثانوي بعد امتحان ما قعدت اعيط من كتر الضغط جت هي قعدت جنبي وقعدت تعيط من غير م تقولي ف اي تلقائي بطلت عياط
ليتني عندك انا ابي اروح عند امي انا الي ابي انام ولا ابي اروح ولا ابي اجي وش قاعد يخربط ذا شكل الجوال فيه اكتئاب,1,0,0,ليتني عندك انا ابي اروح امي انا الي ابي انام ولا ابي اروح ولا ابي اجي قاعد يخربط شكل الجوال فيه اكتئاب,ليتني عندك انا ابي اروح عند امي انا الي ابي انام ولا ابي اروح ولا ابي اجي وش قاعد يخربط ذا شكل الجوال فيه اكتئاب
قاعده ابكي بصمت ه😭,1,0,0,قاعده ابكي بصمت,قاعده ابكي بصمت ه😭
اكتئاب الصيام ده مش كويس,1,0,0,اكتئاب الصيام كويس,اكتئاب الصيام ده مش كويس
قاعده احاول بس جاني اكتئاب من بعد ما خلصت فصول مورياتي,1,1,0,قاعده احاول جاني اكتئاب خلصت فصول مورياتي,قاعده احاول بس جاني اكتئاب من بعد ما خلصت فصول مورياتي
محاولات الانتحار بدأتها من ١٦ سنه وما فوق لين وقفت نهائيًا من نفسي بدون مساعدة أحد بعد فشل كل محاولاتي ,1,1,0,محاولات الانتحار بداتها سنه وما فوق لين وقفت نهائيا نفسي بدون مساعده احد فشل محاولاتي,محاولات الانتحار بداتها من <NUM><NUM> سنه وما فوق لين وقفت نهائيا من نفسي بدون مساعده احد بعد فشل كل محاولاتي
مدري انا متبلده ولا عندي اكتئاب شوفولنا دكتور نفسي ولا شيخ روحاني يشوف شالسالفه,1,0,0,مدري انا متبلده ولا عندي اكتئاب شوفولنا دكتور نفسي ولا شيخ روحاني يشوف شالسالفه,مدري انا متبلده ولا عندي اكتئاب شوفولنا دكتور نفسي ولا شيخ روحاني يشوف شالسالفه
مرَّت عليّ أيام تمنيّت فيها أن تنتهي حياتي,1,0,0,مرت علي ايام تمنيت فيها تنتهي حياتي,مرت علي ايام تمنيت فيها ان تنتهي حياتي
ما اتفقنا يا اكتئاب تجي برمضان,1,1,0,اتفقنا اكتئاب تجي برمضان,ما اتفقنا يا اكتئاب تجي برمضان
تبدو الحياة كأنها عملية متواصلة من استبدال قلق بآخر,1,0,0,تبدو الحياه كانها عمليه متواصله استبدال قلق باخر,تبدو الحياه كانها عمليه متواصله من استبدال قلق باخر
لحظات التأمُّل لمكان شخصٍ غائِب كانَ حضورهُ بالدُّنيا تُعادِل حُزن الدُّنيا,1,0,0,لحظات التامل لمكان شخص غائب حضوره بالدنيا تعادل حزن الدنيا,لحظات التامل لمكان شخص غائب كان حضوره بالدنيا تعادل حزن الدنيا
اول ما احس اني مكتئب او زعلان او مخنوق بخش افرغ طاقتي السلبية في النوم وبجد النوم دا نعمه والله وبيريحني من التفكير الزايد اللي ممكن يتعبني,1,1,0,اول احس اني مكتئب زعلان مخنوق بخش افرغ طاقتي السلبيه النوم وبجد النوم نعمه والله وبيريحني التفكير الزايد اللي ممكن يتعبني,اول ما احس اني مكتئب او زعلان او مخنوق بخش افرغ طاقتي السلبيه في النوم وبجد النوم دا نعمه والله وبيريحني من التفكير الزايد اللي ممكن يتعبني
يراودني شعور الانتحار الان,1,0,0,يراودني شعور الانتحار الان,يراودني شعور الانتحار الان
لي ساعه ابكي بسببه اكرهه,1,0,0,ساعه ابكي بسببه اكرهه,لي ساعه ابكي بسببه اكرهه
الانتحار طريق الحزن والالم والوجع الابدي,1,0,0,الانتحار طريق الحزن والالم والوجع الابدي,الانتحار طريق الحزن والالم والوجع الابدي
لأنني مازلت خائفًا ولم أشعر بتلك الطمأنينة بعد. ليس لدي شخصٌ حقيقي كي أثق به، لطالما بقيتُ خائفًا بوجود الجميع,1,1,0,لانني مازلت خائفا ولم اشعر بتلك الطمانينه ليس لدي شخص حقيقي اثق به، لطالما بقيت خائفا بوجود الجميع,لانني مازلت خائفا ولم اشعر بتلك الطمانينه بعد. ليس لدي شخص حقيقي كي اثق به، لطالما بقيت خائفا بوجود الجميع
ابكي و تسألني الدموعمتى متى وقت الرجوع,1,0,0,ابكي تسالني الدموعمتي متي وقت الرجوع,ابكي و تسالني الدموعمتي متي وقت الرجوع
يارب اشفينا من الرهاب الاجتماعي🤲,1,0,0,يارب اشفينا الرهاب الاجتماعي🤲,يارب اشفينا من الرهاب الاجتماعي🤲
انتحرت حزن على وفاة ولدها توفى عندها بغرفتها بالمستشفى وكانت توها والده وحزنت حزن شديد حيل عليها توفى جد,1,0,0,انتحرت حزن علي وفاه ولدها توفي عندها بغرفتها بالمستشفي وكانت توها والده وحزنت حزن شديد حيل عليها توفي,انتحرت حزن علي وفاه ولدها توفي عندها بغرفتها بالمستشفي وكانت توها والده وحزنت حزن شديد حيل عليها توفي جد
حزن لاه سوي قلب مكسور,1,0,0,حزن لاه سوي قلب مكسور,حزن لاه سوي قلب مكسور
مكتئب واعلن الحداد 3 ايام,1,0,0,مكتئب واعلن الحداد ايام,مكتئب واعلن الحداد <NUM> ايام
بس المشكلة كل ما احطه يجيني اكتئاب,1,1,0,المشكله احطه يجيني اكتئاب,بس المشكله كل ما احطه يجيني اكتئاب
تجيب لي اكتئاب والله,1,0,0,تجيب اكتئاب والله,تجيب لي اكتئاب والله
سنجل بائس وحيد مكتئب 🙂,1,0,0,سنجل بائس وحيد مكتئب,سنجل بائس وحيد مكتئب 🙂
قلِق وكأني شجرةٌ دُون وَرق,1,0,0,قلق وكاني شجره دون ورق,قلق وكاني شجره دون ورق
طبيب نفسي بعالج جروحي,1,0,0,طبيب نفسي بعالج جروحي,طبيب نفسي بعالج جروحي
بموت حزن ابي ريما وغاده😢 دخلت حالة اكتئاب يوم راحو,1,0,0,بموت حزن ابي ريما وغاده😢 دخلت حاله اكتئاب يوم راحو,بموت حزن ابي ريما وغاده😢 دخلت حاله اكتئاب يوم راحو
ف طريقي لمرحلة اكتئاب,1,0,0,طريقي لمرحله اكتئاب,ف طريقي لمرحله اكتئاب
دامها وصلت ان ابوي يقول لي نوديك طبيب نفسي معناته الوضع متطور,1,0,0,دامها وصلت ابوي يقول نوديك طبيب نفسي معناته الوضع متطور,دامها وصلت ان ابوي يقول لي نوديك طبيب نفسي معناته الوضع متطور
الواحد بقى قلبه هَش من كتر الأحداث والأخبار الي بتعدي عليه في اليوم الواحد بشكل متسارع جدا ومحتاجين ناخد عُزلة بعيد عن كل دة,1,0,0,الواحد بقي قلبه كتر الاحداث والاخبار الي بتعدي عليه اليوم الواحد بشكل متسارع جدا ومحتاجين ناخد عزله بعيد,الواحد بقي قلبه هش من كتر الاحداث والاخبار الي بتعدي عليه في اليوم الواحد بشكل متسارع جدا ومحتاجين ناخد عزله بعيد عن كل ده
فتره مليانه حِزن,1,0,0,فتره مليانه حزن,فتره مليانه حزن
خشيت كثيراً أن أبقى بمُفردي لكنني بقيت.,1,0,0,خشيت كثيرا ابقي بمفردي لكنني بقيت,خشيت كثيرا ان ابقي بمفردي لكنني بقيت.
جاني اكتئاب من التوقعات والقوالب الي انحط فيها بشكل مو طبيعي,1,0,0,جاني اكتئاب التوقعات والقوالب الي انحط فيها بشكل طبيعي,جاني اكتئاب من التوقعات والقوالب الي انحط فيها بشكل مو طبيعي
هذي حياه اكتئاب ب اكتئاب 😂,1,0,0,هذي حياه اكتئاب اكتئاب,هذي حياه اكتئاب ب اكتئاب 😂
"ثقيلٌ هو الحزن_x000D_
أبحث في ليلي الطويل_x000D_
عن موسيقا تصدح_x000D_
لأفرد جناحي وأحلق عالياً_x000D_
علّ الحزن يخشى السماء ويهوي _x000D_
_x000D_
حزن عبارات بوح خواطر اكتئاب",1,0,0,ثقيل الحزن ابحث ليلي الطويل موسيقا تصدح لافرد جناحي واحلق عاليا الحزن يخشي السماء ويهوي حزن عبارات بوح خواطر اكتئاب,ثقيل هو الحزن_x<NUM>D_ابحث في ليلي الطويل_x<NUM>D_عن موسيقا تصدح_x<NUM>D_لافرد جناحي واحلق عاليا_x<NUM>D_عل الحزن يخشي السماء ويهوي _x<NUM>D__x<NUM>D_حزن عبارات بوح خواطر اكتئاب
حزن شويه صغيره مره,1,0,0,حزن شويه صغيره مره,حزن شويه صغيره مره
لستُ مكتئب أنا فقط متعب من المجاملات والإختلاط والضحكات التي أطلقها بدلاً من الشتائم أنا مُتعب من الحوارات التي أخوضها ولا تهمني,1,0,0,لست مكتئب انا فقط متعب المجاملات والاختلاط والضحكات التي اطلقها بدلا الشتائم انا متعب الحوارات التي اخوضها ولا تهمني,لست مكتئب انا فقط متعب من المجاملات والاختلاط والضحكات التي اطلقها بدلا من الشتائم انا متعب من الحوارات التي اخوضها ولا تهمني
فجأه وبدون سبب ابي ابكي ولا ابي اشوف حد,1,0,0,فجاه وبدون سبب ابي ابكي ولا ابي اشوف,فجاه وبدون سبب ابي ابكي ولا ابي اشوف حد
احياناً تكون سوداوي نتيجة كآبة الفكر لا الحياه,1,1,0,احيانا تكون سوداوي نتيجه كابه الفكر الحياه,احيانا تكون سوداوي نتيجه كابه الفكر لا الحياه
عليك اكتئاب فتره قصيره ,1,0,0,عليك اكتئاب فتره قصيره,عليك اكتئاب فتره قصيره
حتى الآن لم أجرب الدخول الى اي سبيس رهاب اجتماعي,1,1,0,حتي الان اجرب الدخول الي سبيس رهاب اجتماعي,حتي الان لم اجرب الدخول الي اي سبيس رهاب اجتماعي
أنا السنة الي فات أخدت قرار أني مش هشوف حلقة منسي وفعلا لآن ماشفتهاش ولا عايز أشو,1,0,0,انا السنه الي فات اخدت قرار اني هشوف حلقه منسي وفعلا لان ماشفتهاش ولا عايز اشو,انا السنه الي فات اخدت قرار اني مش هشوف حلقه منسي وفعلا لان ماشفتهاش ولا عايز اشو
حايشني اكتئاب الحل هو النوم,1,0,0,حايشني اكتئاب الحل النوم,حايشني اكتئاب الحل هو النوم
الجو مليان كأبة و زهق و قرف,1,0,0,الجو مليان كابه زهق قرف,الجو مليان كابه و زهق و قرف
عن نفسي انا لما خلصته جاني شوي شعور بالأكتئاب بس اغلب الاشخاص الي تابعوه جاهم اكتئاب,1,0,0,نفسي انا لما خلصته جاني شوي شعور بالاكتئاب اغلب الاشخاص الي تابعوه جاهم اكتئاب,عن نفسي انا لما خلصته جاني شوي شعور بالاكتئاب بس اغلب الاشخاص الي تابعوه جاهم اكتئاب
لدينا ما يعرف باضطرابات المزاج والتي تمثل النسبة الأكبر٦٤٪ مثل اضطراب ثنائى القطب,1,1,0,لدينا يعرف باضطرابات المزاج والتي تمثل النسبه الاكبر٦٤٪ مثل اضطراب ثنائي القطب,لدينا ما يعرف باضطرابات المزاج والتي تمثل النسبه الاكبر<NUM><NUM>٪ مثل اضطراب ثنائي القطب
مره مره تجيني لحظه كساد وملل غريبه بكل مخلطه ب كآبه 😑,1,0,0,مره مره تجيني لحظه كساد وملل غريبه بكل مخلطه كابه,مره مره تجيني لحظه كساد وملل غريبه بكل مخلطه ب كابه 😑
حزن الصاحب مُعدي ومؤلم💔,1,0,0,حزن الصاحب معدي ومؤلم💔,حزن الصاحب معدي ومؤلم💔
الانسان بيبقى مكتئب بدخل اكلم صحابى بكتئب اكتر 🙂,1,0,0,الانسان بيبقي مكتئب بدخل اكلم صحابي بكتئب اكتر,الانسان بيبقي مكتئب بدخل اكلم صحابي بكتئب اكتر 🙂
قوقعه مغلقه مليانه اكتئاب ومش عارف تنشل نفسك منها ومحدش عارف يخش ينتشلك منها,1,0,0,قوقعه مغلقه مليانه اكتئاب ومش عارف تنشل نفسك منها ومحدش عارف يخش ينتشلك منها,قوقعه مغلقه مليانه اكتئاب ومش عارف تنشل نفسك منها ومحدش عارف يخش ينتشلك منها
لقد عشت أسوأ اللحظات بمفردي,1,0,0,لقد عشت اسوا اللحظات بمفردي,لقد عشت اسوا اللحظات بمفردي
"اخاف تجي ذيك الحظه الي كل الناس _x000D_
تقدر تشوف الي بداخلي بيقول _x000D_
ذي كيف عايشه كيف متحمله _x000D_
اخاف يجي يوم من الايام",1,0,0,اخاف تجي ذيك الحظه الي الناس تقدر تشوف الي بداخلي بيقول عايشه متحمله اخاف يجي يوم الايام,اخاف تجي ذيك الحظه الي كل الناس _x<NUM>D_تقدر تشوف الي بداخلي بيقول _x<NUM>D_ذي كيف عايشه كيف متحمله _x<NUM>D_اخاف يجي يوم من الايام
حاسة حالي راح ابكي 🥲💔,1,0,0,حاسه حالي راح ابكي,حاسه حالي راح ابكي 🥲💔
انا لو بس معنديش رهاب اجتماعي كنت بهدلتكوا,1,0,0,انا معنديش رهاب اجتماعي كنت بهدلتكوا,انا لو بس معنديش رهاب اجتماعي كنت بهدلتكوا
نبدو كالأموات حينَ لا يشعُر بِنا أحد,1,1,0,نبدو كالاموات حين يشعر بنا احد,نبدو كالاموات حين لا يشعر بنا احد
قنبله اكتئاب واتفجرت ف التايم💣,1,0,0,قنبله اكتئاب واتفجرت التايم💣,قنبله اكتئاب واتفجرت ف التايم💣
"هل التكميم يسب نوبات هلع _x000D_
_x000D_
جتني مرتين وقتها اكون توني نايمه ويصحوني وتجيني هالحاله خوف وهلع وحركات ما احس فيها",1,1,0,التكميم يسب نوبات هلع جتني مرتين وقتها اكون توني نايمه ويصحوني وتجيني هالحاله خوف وهلع وحركات احس فيها,هل التكميم يسب نوبات هلع _x<NUM>D__x<NUM>D_جتني مرتين وقتها اكون توني نايمه ويصحوني وتجيني هالحاله خوف وهلع وحركات ما احس فيها
مش فكرة اكتئاب بس انا مش مبسوط,1,0,0,فكره اكتئاب انا مبسوط,مش فكره اكتئاب بس انا مش مبسوط
واله الواحد مايدري اهوا اكتئاب ولا انطفاء ولا نضج ولا انعدام الشغف ولا تخلف ولا حاله نفسيه ولا هذي شخصيته,1,0,0,واله الواحد مايدري اهوا اكتئاب ولا انطفاء ولا نضج ولا انعدام الشغف ولا تخلف ولا حاله نفسيه ولا هذي شخصيته,واله الواحد مايدري اهوا اكتئاب ولا انطفاء ولا نضج ولا انعدام الشغف ولا تخلف ولا حاله نفسيه ولا هذي شخصيته
قاعده افكر هل فعلاً استاهل انام وانا ابكي,1,0,0,قاعده افكر فعلا استاهل انام وانا ابكي,قاعده افكر هل فعلا استاهل انام وانا ابكي
مع ذلك الحمدله اشوف العملية كانت أرحم و أهون رغم كل آلامها صحيح مريت بسبها في مرحلة اكتئاب فضيعة و اتمنّى انسا,1,0,0,الحمدله اشوف العمليه ارحم اهون رغم الامها صحيح مريت بسبها مرحله اكتئاب فضيعه اتمني انسا,مع ذلك الحمدله اشوف العمليه كانت ارحم و اهون رغم كل الامها صحيح مريت بسبها في مرحله اكتئاب فضيعه و اتمني انسا
كآبه حسبي الله,1,0,0,كابه حسبي الله,كابه حسبي الله
اقصي مراحل الحزن انك بتكون ملكش نفس تشتكي مش عايز مساعدة من حد مش عايز تتكلم مع حد ومش مستني حد يكلمك ولا حد فكراك أساساً عندك كلام كتير يتقال بس مش حاسس انك محتاج تقوله عشان عارف انه مش هيفرق و مش هيتفهم كل الي محتاجه انك تفضل ساكت و في حالك وبس…  ,1,0,0,اقصي مراحل الحزن انك بتكون ملكش نفس تشتكي عايز مساعده عايز تتكلم ومش مستني يكلمك ولا فكراك اساسا عندك كلام كتير يتقال حاسس انك محتاج تقوله عشان عارف انه هيفرق هيتفهم الي محتاجه انك تفضل ساكت حالك وبس…,اقصي مراحل الحزن انك بتكون ملكش نفس تشتكي مش عايز مساعده من حد مش عايز تتكلم مع حد ومش مستني حد يكلمك ولا حد فكراك اساسا عندك كلام كتير يتقال بس مش حاسس انك محتاج تقوله عشان عارف انه مش هيفرق و مش هيتفهم كل الي محتاجه انك تفضل ساكت و في حالك وبس...
طبيب نفسي ضروري,1,0,0,طبيب نفسي ضروري,طبيب نفسي ضروري
جاءت لي كآبة وسدة نفس لما عرفت الجامعة الي ناوين أدخلها😔,1,0,0,جاءت كابه وسده نفس لما عرفت الجامعه الي ناوين ادخلها😔,جاءت لي كابه وسده نفس لما عرفت الجامعه الي ناوين ادخلها😔
انهيار نفسي اكتئاب انتحار,1,0,0,انهيار نفسي اكتئاب انتحار,انهيار نفسي اكتئاب انتحار
اكتئاب بسب المفاضلة حسبي اله,1,0,0,اكتئاب بسب المفاضله حسبي اله,اكتئاب بسب المفاضله حسبي اله
"بوست لوالد واحده زميلتنا _x000D_
حتي الاهالي جالهم اكتئاب _x000D_
له الأمر من ق",1,0,0,بوست لوالد واحده زميلتنا حتي الاهالي جالهم اكتئاب الامر,بوست لوالد واحده زميلتنا _x<NUM>D_حتي الاهالي جالهم اكتئاب _x<NUM>D_له الامر من ق
الهم لا تجعل في قلبي مثقال ذره من حزن,1,1,0,الهم تجعل قلبي مثقال ذره حزن,الهم لا تجعل في قلبي مثقال ذره من حزن
انا الان في دوامة الادمان صعب ان اكسرها محتاج طبيب نفسي وادوية الاكتئاب,1,0,0,انا الان دوامه الادمان صعب اكسرها محتاج طبيب نفسي وادويه الاكتئاب,انا الان في دوامه الادمان صعب ان اكسرها محتاج طبيب نفسي وادويه الاكتئاب
واعطيت نفسي بوعد الانتحار طفح الكيل يالله اصبحت لا اسيطر على نفسي اسقط على الارض ابكي بقوه واصرخ يالله 💔,1,1,0,واعطيت نفسي بوعد الانتحار طفح الكيل يالله اصبحت اسيطر علي نفسي اسقط علي الارض ابكي بقوه واصرخ يالله,واعطيت نفسي بوعد الانتحار طفح الكيل يالله اصبحت لا اسيطر علي نفسي اسقط علي الارض ابكي بقوه واصرخ يالله 💔
"اتوقع اني نفسية كل ما يخلص ترم ادخل في حالة اكتئاب واحس بالفراغ الى ما اتعود بعد فترة _x000D_
بس حاليا الفترة صعبة",1,1,0,اتوقع اني نفسيه يخلص ترم ادخل حاله اكتئاب واحس بالفراغ الي اتعود فتره حاليا الفتره صعبه,اتوقع اني نفسيه كل ما يخلص ترم ادخل في حاله اكتئاب واحس بالفراغ الي ما اتعود بعد فتره _x<NUM>D_بس حاليا الفتره صعبه
طول عمري لما كنت احس اني علي مشارف اكتئاب عظيم كنت بهرب بالنوم علي أمل ان الوقت يعدّي وما أحسش هي حيلة طفولية بس,1,0,0,طول عمري لما كنت احس اني علي مشارف اكتئاب عظيم كنت بهرب بالنوم علي امل الوقت يعدي وما احسش حيله طفوليه,طول عمري لما كنت احس اني علي مشارف اكتئاب عظيم كنت بهرب بالنوم علي امل ان الوقت يعدي وما احسش هي حيله طفوليه بس
اتوقع احد راش كآبه في الجو قاعد احس زيك,1,0,0,اتوقع احد راش كابه الجو قاعد احس زيك,اتوقع احد راش كابه في الجو قاعد احس زيك
باخد مهدئات وقت العازه مش عاوز اخد مضاد اكتئاب يستمر لفتره انا نفسيتي حاليا ف حاله هشاشه ومش ف احسن حال,1,0,0,باخد مهدئات وقت العازه عاوز اخد مضاد اكتئاب يستمر لفتره انا نفسيتي حاليا حاله هشاشه ومش احسن حال,باخد مهدئات وقت العازه مش عاوز اخد مضاد اكتئاب يستمر لفتره انا نفسيتي حاليا ف حاله هشاشه ومش ف احسن حال
لما تكون مكتئب بس لازم تقوم تضحك معهم عشان تاخذ فلوس,1,0,0,لما تكون مكتئب لازم تقوم تضحك معهم عشان تاخذ فلوس,لما تكون مكتئب بس لازم تقوم تضحك معهم عشان تاخذ فلوس
قمت ابكي ولحين ابكي فيني ضيقه يارب كل شي بخير,1,0,0,قمت ابكي ولحين ابكي فيني ضيقه يارب بخير,قمت ابكي ولحين ابكي فيني ضيقه يارب كل شي بخير
أعود إليك دائماً بنيّة السكينة عن كل قلق الأيام🤍,1,0,0,اعود اليك دائما بنيه السكينه قلق الايام🤍,اعود اليك دائما بنيه السكينه عن كل قلق الايام🤍
حزن😿💔,1,0,0,حزن😿💔,حزن😿💔
المستقبل مسبب لي اكتئاب,1,0,0,المستقبل مسبب اكتئاب,المستقبل مسبب لي اكتئاب
فضلت اخد بروزاك فترة طويلة ، روحت لدكتور القلب كتبلي ديبران ,1,0,0,فضلت اخد بروزاك فتره طويله روحت لدكتور القلب كتبلي ديبران,فضلت اخد بروزاك فتره طويله ، روحت لدكتور القلب كتبلي ديبران
حاليا انا داخلة ف دوامة اكتئاب بسب الفراغ ده وقعدة البيت🙂,1,0,0,حاليا انا داخله دوامه اكتئاب بسب الفراغ وقعده البيت🙂,حاليا انا داخله ف دوامه اكتئاب بسب الفراغ ده وقعده البيت🙂
لا أُريدُ شيئاً هذة الأيام سوه النجاه من نَفسي؛ أنني في أحزن نُسخة مِني ,1,1,0,اريد شيئا الايام سوه النجاه نفسي؛ انني احزن نسخه مني,لا اريد شيئا هذه الايام سوه النجاه من نفسي؛ انني في احزن نسخه مني
يارب خدني انا زهقت,1,0,0,يارب خدني انا زهقت,يارب خدني انا زهقت
هو ليه كل الي هنا اكتئاب و انطفاء وحدة ليه مفيش اي حاجة تانية,1,0,0,ليه الي اكتئاب انطفاء وحده ليه مفيش حاجه تانيه,هو ليه كل الي هنا اكتئاب و انطفاء وحده ليه مفيش اي حاجه تانيه
لما قولت لي كنت مرتبط بيها كده في وقت اكتئاب حسبتها اني عايز اتجوز جواز متعة طالما مفيش اطفال,1,0,0,لما قولت كنت مرتبط بيها كده وقت اكتئاب حسبتها اني عايز اتجوز جواز متعه طالما مفيش اطفال,لما قولت لي كنت مرتبط بيها كده في وقت اكتئاب حسبتها اني عايز اتجوز جواز متعه طالما مفيش اطفال
ولقد أسرفتُ بالكتمان حتى تاكلت ,1,0,0,ولقد اسرفت بالكتمان حتي تاكلت,ولقد اسرفت بالكتمان حتي تاكلت
الرهاب الاجتماعي اسوء شي مكن يتعرض له الشخص,1,0,0,الرهاب الاجتماعي اسوء مكن يتعرض الشخص,الرهاب الاجتماعي اسوء شي مكن يتعرض له الشخص
احس جاني اكتئاب,1,0,0,احس جاني اكتئاب,احس جاني اكتئاب
"منجد وربي بدون هم بدون حزن وعايش لنفسك فيلم اكل نوم 😩🤍_x000D_
ه",1,1,0,منجد وربي بدون بدون حزن وعايش لنفسك فيلم اكل نوم,منجد وربي بدون هم بدون حزن وعايش لنفسك فيلم اكل نوم 😩🤍_x<NUM>D_ه
الانتحار احسن من الجامعة,1,0,0,الانتحار احسن الجامعه,الانتحار احسن من الجامعه
توقيت صيفي جو شتوي احساس ربيعي اكتئاب خريفي اسعار اوروبية عيشة افريقية😏,1,0,0,توقيت صيفي شتوي احساس ربيعي اكتئاب خريفي اسعار اوروبيه عيشه افريقيه😏,توقيت صيفي جو شتوي احساس ربيعي اكتئاب خريفي اسعار اوروبيه عيشه افريقيه😏
ليش الانتحار حرام,1,0,0,ليش الانتحار حرام,ليش الانتحار حرام
القعدة في البيت بتجيب اكتئاب,1,0,0,القعده البيت بتجيب اكتئاب,القعده في البيت بتجيب اكتئاب
مستحيل اكون سعيده,1,0,0,مستحيل اكون سعيده,مستحيل اكون سعيده
كآبه مش ملل,1,0,0,كابه ملل,كابه مش ملل
"هتفضل مكتئب كده كتير _x000D_
 هو انآ كنت شريف فآيد يعني مآ آفضل مكتئب عآدي",1,0,0,هتفضل مكتئب كده كتير انا كنت شريف فايد يعني افضل مكتئب عادي,هتفضل مكتئب كده كتير _x<NUM>D_ هو انا كنت شريف فايد يعني ما افضل مكتئب عادي
هالأيام صرت اتنفس اكتئاب,1,0,0,هالايام صرت اتنفس اكتئاب,هالايام صرت اتنفس اكتئاب
مثلك بس انا فيني رهاب اجتماعي ما قد فتحت بث ب اي برنامج الا وتوترت,1,1,0,مثلك انا فيني رهاب اجتماعي فتحت برنامج الا وتوترت,مثلك بس انا فيني رهاب اجتماعي ما قد فتحت بث ب اي برنامج الا وتوترت
مش وقت اكتئاب خالص دلوقتي استنى لما ترحل,1,0,0,وقت اكتئاب خالص دلوقتي استني لما ترحل,مش وقت اكتئاب خالص دلوقتي استني لما ترحل
يحزن أننا في هذا العمر ونعاني من الاكتئاب.,1,0,0,يحزن اننا العمر ونعاني الاكتئاب,يحزن اننا في هذا العمر ونعاني من الاكتئاب.
شكله فيني اكتئاب دراسه صدق تحسون,1,0,0,شكله فيني اكتئاب دراسه صدق تحسون,شكله فيني اكتئاب دراسه صدق تحسون
ابي طريقه انتحار غير الشنق لاني جربتها بغيت اموت,1,1,0,ابي طريقه انتحار غير الشنق لاني جربتها بغيت اموت,ابي طريقه انتحار غير الشنق لاني جربتها بغيت اموت
  بنام كتير علشان مش مبسوط معاكم ع الكوكب,1,0,0,بنام كتير علشان مبسوط معاكم الكوكب,بنام كتير علشان مش مبسوط معاكم ع الكوكب
شايف لمعة حزن بعيونك 🥺,1,0,0,شايف لمعه حزن بعيونك,شايف لمعه حزن بعيونك 🥺
تذكرت البؤساء وثورة شباب الأبجدية ونهايتهم وجاني اكتئاب,1,0,0,تذكرت البؤساء وثوره شباب الابجديه ونهايتهم وجاني اكتئاب,تذكرت البؤساء وثوره شباب الابجديه ونهايتهم وجاني اكتئاب
والله العظيم الرياضة دي مادة تقصر العمر و تجيب إكتئاب,1,0,0,والله العظيم الرياضه ماده تقصر العمر تجيب اكتئاب,والله العظيم الرياضه دي ماده تقصر العمر و تجيب اكتئاب
بمناسبة ان أحس ان اختي ١٣ سنة فيها اكتئاب بسب محيطها الزق واهلنا المتخلفين ورغباتها الي مو قادره تحقها بسبهم من,1,0,0,بمناسبه احس اختي سنه فيها اكتئاب بسب محيطها الزق واهلنا المتخلفين ورغباتها الي قادره تحقها بسبهم,بمناسبه ان احس ان اختي <NUM><NUM> سنه فيها اكتئاب بسب محيطها الزق واهلنا المتخلفين ورغباتها الي مو قادره تحقها بسبهم من
يارب احمينى من نفسي انا جوايا طاقة انتحار رهيبة,1,0,0,يارب احميني نفسي انا جوايا طاقه انتحار رهيبه,يارب احميني من نفسي انا جوايا طاقه انتحار رهيبه
قلق وتوتر علاج هالحاله النوم عدل,1,0,0,قلق وتوتر علاج هالحاله النوم عدل,قلق وتوتر علاج هالحاله النوم عدل
الأنتحار عدة مراحل ولقد ختمتها كلها 🧸💗,1,0,0,الانتحار عده مراحل ولقد ختمتها كلها,الانتحار عده مراحل ولقد ختمتها كلها 🧸💗
بس لسى لحد الان تجيني نوبات هلع وساوس كثيرة من قوة الصدمات الي جتني كيف اتخلص من هذا التفكير السلبي,1,0,0,لسي لحد الان تجيني نوبات هلع وساوس كثيره قوه الصدمات الي جتني اتخلص التفكير السلبي,بس لسي لحد الان تجيني نوبات هلع وساوس كثيره من قوه الصدمات الي جتني كيف اتخلص من هذا التفكير السلبي
الواحد بيفكر ف الانتحار تسعوميت مرة ف اليوم الواحد,1,0,0,الواحد بيفكر الانتحار تسعوميت مره اليوم الواحد,الواحد بيفكر ف الانتحار تسعوميت مره ف اليوم الواحد
حزن ضوجه💔,1,0,0,حزن ضوجه💔,حزن ضوجه💔
"أتبكين على حُزنٍ مضى_x000D_
على محبوبٍ لو أحب لبقى _x000D_
ياغاليتي كُفِ عن الحُزن والبُكى _x000D_
من أرتحل لا يستحق الشقى",1,1,0,اتبكين علي حزن مضي علي محبوب احب لبقي ياغاليتي الحزن والبكي ارتحل يستحق الشقي,اتبكين علي حزن مضي_x<NUM>D_علي محبوب لو احب لبقي _x<NUM>D_ياغاليتي كف عن الحزن والبكي _x<NUM>D_من ارتحل لا يستحق الشقي
آه من حزن تمادى إلى ماله مدى,1,0,0,حزن تمادي الي ماله مدي,اه من حزن تمادي الي ماله مدي
بنام و انا ابكي عليه,1,0,0,بنام انا ابكي عليه,بنام و انا ابكي عليه
احس مسلسل الي عندي محمل صار عنده اكتئاب هلكدما كلما انقهر وابچي افتحه اتفرج اني ودموعي المسلسل محتاج هسة,1,0,0,احس مسلسل الي عندي محمل صار عنده اكتئاب هلكدما كلما انقهر وابچي افتحه اتفرج اني ودموعي المسلسل محتاج هسه,احس مسلسل الي عندي محمل صار عنده اكتئاب هلكدما كلما انقهر وابچي افتحه اتفرج اني ودموعي المسلسل محتاج هسه
و غير كذا فترة تغير الهرمونات عندها صح الرجال تحبه نفس الفتره لكن تخليه في الغالب يعتني من ا,1,1,0,غير كذا فتره تغير الهرمونات عندها الرجال تحبه نفس الفتره تخليه الغالب يعتني,و غير كذا فتره تغير الهرمونات عندها صح الرجال تحبه نفس الفتره لكن تخليه في الغالب يعتني من ا
ه ياربي واضح انه عنده,1,0,0,ياربي واضح انه عنده,ه ياربي واضح انه عنده
انا اخذ جميع الفيتامينات مع ذلك دخلت بموجة اكتئاب,1,0,0,انا اخذ جميع الفيتامينات دخلت بموجه اكتئاب,انا اخذ جميع الفيتامينات مع ذلك دخلت بموجه اكتئاب
لما يجو ضيوف متطفلين ويدخلوا غرفتك بدون استأذان ويبدأ شغل الرهاب الاجتماعي وسواس النظافه 🥲,1,1,0,لما يجو ضيوف متطفلين ويدخلوا غرفتك بدون استاذان ويبدا شغل الرهاب الاجتماعي وسواس النظافه,لما يجو ضيوف متطفلين ويدخلوا غرفتك بدون استاذان ويبدا شغل الرهاب الاجتماعي وسواس النظافه 🥲
حاجه تجيب اكتئاب واله,1,0,0,حاجه تجيب اكتئاب واله,حاجه تجيب اكتئاب واله
كل يوم عندما انام ابكي شوقاً يا ابي,1,0,0,يوم عندما انام ابكي شوقا ابي,كل يوم عندما انام ابكي شوقا يا ابي
"احتاج لمن يمسك بيدي ويضمني ويقول لي _x000D_
 كفاياك حزن فحزن يتعبني",1,0,0,احتاج لمن يمسك بيدي ويضمني ويقول كفاياك حزن فحزن يتعبني,احتاج لمن يمسك بيدي ويضمني ويقول لي _x<NUM>D_ كفاياك حزن فحزن يتعبني
"صباحك سعاده وهنأ ورضى ياكابتن 🤟_x000D_
_x000D_
مافيه دوله ادفى من أيرلندا شوي ما أحب البرد اله وكيلك يجيني اكتئاب",1,1,0,صباحك سعاده وهنا ورضي ياكابتن مافيه دوله ادفي ايرلندا شوي احب البرد اله وكيلك يجيني اكتئاب,صباحك سعاده وهنا ورضي ياكابتن 🤟_x<NUM>D__x<NUM>D_مافيه دوله ادفي من ايرلندا شوي ما احب البرد اله وكيلك يجيني اكتئاب
باقي سنة وتكمل عشر سنوات حزن,1,0,0,باقي سنه وتكمل عشر سنوات حزن,باقي سنه وتكمل عشر سنوات حزن
"🖤_x000D_
غدا سيكون يوم بلا اكتئاب رساله وجدت في جيب منتحر 🖤",1,0,0,غدا سيكون يوم بلا اكتئاب رساله وجدت جيب منتحر,🖤_x<NUM>D_غدا سيكون يوم بلا اكتئاب رساله وجدت في جيب منتحر 🖤
ما عُدتُ أنا حتى و إن عُدت ، انا جدًا حزين ,1,1,0,عدت انا حتي عدت انا جدا حزين,ما عدت انا حتي و ان عدت ، انا جدا حزين
عُزلة روحية,1,0,0,عزله روحيه,عزله روحيه
اليومين دول انا مكتئبة اوي,1,0,0,اليومين دول انا مكتئبه اوي,اليومين دول انا مكتئبه اوي
"تعب😬ضيقه😭اكتئاب☹️حزن😰تشت😟_x000D_
_x000D_
كلها ستذهب بقطرات من 🩸 😔",1,0,0,كلها ستذهب بقطرات,تعب😬ضيقه😭اكتئاب☹️حزن😰تشت😟_x<NUM>D__x<NUM>D_كلها ستذهب بقطرات من 🩸 😔
فيني حيره وخوف فيني قلق وماعرف أسبابه,1,0,0,فيني حيره وخوف فيني قلق وماعرف اسبابه,فيني حيره وخوف فيني قلق وماعرف اسبابه
والله محاربة الاكتئاب والو انيرجي صعبه خلصت كل الاغاني الي اعرفها والي ماعرفها وفتحت مقطع ٥٠ دقيقه ل2 يهرجون ولا فاد,1,0,0,والله محاربه الاكتئاب والو انيرجي صعبه خلصت الاغاني الي اعرفها والي ماعرفها وفتحت مقطع دقيقه يهرجون ولا فاد,والله محاربه الاكتئاب والو انيرجي صعبه خلصت كل الاغاني الي اعرفها والي ماعرفها وفتحت مقطع <NUM><NUM> دقيقه ل<NUM> يهرجون ولا فاد
خلصنا من اكتئاب الاختبارات ودخلنا بالاكتئاب الطبيعي,1,0,0,خلصنا اكتئاب الاختبارات ودخلنا بالاكتئاب الطبيعي,خلصنا من اكتئاب الاختبارات ودخلنا بالاكتئاب الطبيعي
ابصراحة ابصراحة حزنت مرا ودخلت في حالة كآبة 😔,1,0,0,ابصراحه ابصراحه حزنت مرا ودخلت حاله كابه,ابصراحه ابصراحه حزنت مرا ودخلت في حاله كابه 😔
"و أشعر بكآبة ثقيلة تجثم على صدري كآبة توشك أن تكون نبوءة ﻻ تفسير لها و ﻻ تعليل _x000D_
 فترة أليمة",1,0,0,اشعر بكابه ثقيله تجثم علي صدري كابه توشك تكون نبوءه تفسير لها تعليل فتره اليمه,و اشعر بكابه ثقيله تجثم علي صدري كابه توشك ان تكون نبوءه ﻻ تفسير لها و ﻻ تعليل _x<NUM>D_ فتره اليمه
ياليل مع اكتئاب ذا ما في شي مفرح يعني,1,1,0,ياليل اكتئاب مفرح يعني,ياليل مع اكتئاب ذا ما في شي مفرح يعني
مات الكلام ودموعنا عيت تغيب فيها تعب وفيها عتب وفيها حزن,1,0,0,مات الكلام ودموعنا عيت تغيب فيها تعب وفيها عتب وفيها حزن,مات الكلام ودموعنا عيت تغيب فيها تعب وفيها عتب وفيها حزن
اعلان بيجبلي اكتئاب,1,0,0,اعلان بيجبلي اكتئاب,اعلان بيجبلي اكتئاب
"إكرام الحزين حضنه 😁_x000D_
_x000D_
كم أنا حزين 🥺",1,0,0,اكرام الحزين حضنه انا حزين,اكرام الحزين حضنه 😁_x<NUM>D__x<NUM>D_كم انا حزين 🥺
وصلت ل مبقتش عارف دا اكتئاب ولا انطفاء ولا انا كدا فى حالتى العادية اصلاً,1,0,0,وصلت مبقتش عارف اكتئاب ولا انطفاء ولا انا كدا حالتي العاديه اصلا,وصلت ل مبقتش عارف دا اكتئاب ولا انطفاء ولا انا كدا في حالتي العاديه اصلا
بدأت أحس بالنقلة النوعية الي صارت بحياتي وهاد مسبلي اكتئاب مش عارفة أطلع منو,1,0,0,بدات احس بالنقله النوعيه الي صارت بحياتي وهاد مسبلي اكتئاب عارفه اطلع منو,بدات احس بالنقله النوعيه الي صارت بحياتي وهاد مسبلي اكتئاب مش عارفه اطلع منو
مو طبيعي النوم الي فيني اله يستر شكلها موجة اكتئاب جايه,1,0,0,طبيعي النوم الي فيني اله يستر شكلها موجه اكتئاب جايه,مو طبيعي النوم الي فيني اله يستر شكلها موجه اكتئاب جايه
جاني اكتئاب من وراهم,1,0,0,جاني اكتئاب وراهم,جاني اكتئاب من وراهم
كل شي يتغير الا كآبه السبت ماتغير,1,0,0,يتغير الا كابه السبت ماتغير,كل شي يتغير الا كابه السبت ماتغير
لما تكون شخص مكتئب وتقع بالحُب مأساة,1,0,0,لما تكون شخص مكتئب وتقع بالحب ماساه,لما تكون شخص مكتئب وتقع بالحب ماساه
ماعرف هذا أكتئاب ولا فتره وتروح لكن هالشعور عمره ماراح ولا أختفى من داخلي ولو بشكل بسيط,1,0,0,ماعرف اكتئاب ولا فتره وتروح هالشعور عمره ماراح ولا اختفي داخلي ولو بشكل بسيط,ماعرف هذا اكتئاب ولا فتره وتروح لكن هالشعور عمره ماراح ولا اختفي من داخلي ولو بشكل بسيط
طب ي حبيبي مدام انت واد فشيخ وبطيل بطل اكتئاب كمان,1,0,0,حبيبي مدام انت واد فشيخ وبطيل بطل اكتئاب كمان,طب ي حبيبي مدام انت واد فشيخ وبطيل بطل اكتئاب كمان
بداية اكتئاب 😣,1,0,0,بدايه اكتئاب,بدايه اكتئاب 😣
لا ما هي ذيك اكتئاب😭,1,1,0,ذيك اكتئاب😭,لا ما هي ذيك اكتئاب😭
اتمنى يجي اليوم ال يبقى عندي سلام نفسي واحط دماغي وانام م غير قلق وتفكير كتير,1,1,0,اتمني يجي اليوم يبقي عندي سلام نفسي واحط دماغي وانام غير قلق وتفكير كتير,اتمني يجي اليوم ال يبقي عندي سلام نفسي واحط دماغي وانام م غير قلق وتفكير كتير
ارجع اقول ليه الانتحار حرام,1,0,0,ارجع اقول ليه الانتحار حرام,ارجع اقول ليه الانتحار حرام
"أنا مش عارفة هو اكتئاب ولا انطفاء_x000D_
ولا نضج ولا وحدة ولا الجو حر ولا أنا جعانة🤔",1,0,0,انا عارفه اكتئاب ولا انطفاء ولا نضج ولا وحده ولا الجو ولا انا جعانه🤔,انا مش عارفه هو اكتئاب ولا انطفاء_x<NUM>D_ولا نضج ولا وحده ولا الجو حر ولا انا جعانه🤔
الموضوع طلع صعب واحساسك انك لوحدك صعب وانك تعبان وموجوع والموضوع بيتمكن منك كل شوية ,1,0,0,الموضوع طلع صعب واحساسك انك لوحدك صعب وانك تعبان وموجوع والموضوع بيتمكن منك شويه,الموضوع طلع صعب واحساسك انك لوحدك صعب وانك تعبان وموجوع والموضوع بيتمكن منك كل شويه
اكثر نومه تسب اكتئاب واصحى منها كاره الحياة ,1,0,0,اكثر نومه تسب اكتئاب واصحي منها كاره الحياه,اكثر نومه تسب اكتئاب واصحي منها كاره الحياه
كآبة ضربتي فجأة خ,1,0,0,كابه ضربتي فجاه,كابه ضربتي فجاه خ
يابني بقولك اكتئاب تقولي ولعانه,1,0,0,يابني بقولك اكتئاب تقولي ولعانه,يابني بقولك اكتئاب تقولي ولعانه
"ما عندي إلا قلب يملاه العفاف _x000D_
واقف لا هو غالب ولا هو منغلب_x000D_
_x000D_
ربي انا عبدك وابن عبدك واخاف _x000D_
 كآبة المنظر وسوء المنقلب",1,1,0,عندي الا قلب يملاه العفاف واقف غالب ولا منغلب ربي انا عبدك وابن عبدك واخاف كابه المنظر وسوء المنقلب,ما عندي الا قلب يملاه العفاف _x<NUM>D_واقف لا هو غالب ولا هو منغلب_x<NUM>D__x<NUM>D_ربي انا عبدك وابن عبدك واخاف _x<NUM>D_ كابه المنظر وسوء المنقلب
تذكرت هذا الشي ايام المدرسه واحس جتني نوبه هلع,1,0,0,تذكرت الشي ايام المدرسه واحس جتني نوبه هلع,تذكرت هذا الشي ايام المدرسه واحس جتني نوبه هلع
فخوره اوي بنفسي عشان لما بحس بضعف او بوادر اكتئاب باخد بعضي واقفل واقعد مع نفسي وبقي احسن فعلا محدش له جميل عليا,1,0,0,فخوره اوي بنفسي عشان لما بحس بضعف بوادر اكتئاب باخد بعضي واقفل واقعد نفسي وبقي احسن فعلا محدش جميل عليا,فخوره اوي بنفسي عشان لما بحس بضعف او بوادر اكتئاب باخد بعضي واقفل واقعد مع نفسي وبقي احسن فعلا محدش له جميل عليا
"او ما يبقى_x000D_
بس روح شو بدي في_x000D_
 اعذرني بس المود على كآبة",1,1,0,يبقي روح بدي اعذرني المود علي كابه,او ما يبقي_x<NUM>D_بس روح شو بدي في_x<NUM>D_ اعذرني بس المود علي كابه
والله انها كآبه,1,0,0,والله انها كابه,والله انها كابه
واله الواحد معد يدري هو اكتئاب ولا انطفاء ولا نضج ولا انعدام الشغف ولا تخلف ولا حاله نفسيه😩,1,0,0,واله الواحد معد يدري اكتئاب ولا انطفاء ولا نضج ولا انعدام الشغف ولا تخلف ولا حاله نفسيه😩,واله الواحد معد يدري هو اكتئاب ولا انطفاء ولا نضج ولا انعدام الشغف ولا تخلف ولا حاله نفسيه😩
"بدايةً انا وقتها ما أعرف أيش معنى إكتئاب ولا عندي خلفية عنه_x000D_
كيف دخلت المرحلة_x000D_
بعدما إنتقلت من مدرسة عظيمة معطيه ال",1,1,0,بدايه انا وقتها اعرف ايش معني اكتئاب ولا عندي خلفيه عنه دخلت المرحله بعدما انتقلت مدرسه عظيمه معطيه,بدايه انا وقتها ما اعرف ايش معني اكتئاب ولا عندي خلفيه عنه_x<NUM>D_كيف دخلت المرحله_x<NUM>D_بعدما انتقلت من مدرسه عظيمه معطيه ال
بداخلي تعب لا يحكي إنما أشعر به كل ليلة يجعلني شخص أخر ملئ بالإنكسار شخص لا يعرف الفرح يسكنه الحزن دائما,1,1,0,بداخلي تعب يحكي انما اشعر ليله يجعلني شخص اخر ملئ بالانكسار شخص يعرف الفرح يسكنه الحزن دائما,بداخلي تعب لا يحكي انما اشعر به كل ليله يجعلني شخص اخر ملئ بالانكسار شخص لا يعرف الفرح يسكنه الحزن دائما
"يا جماعة في معانا على تويتر طبيب نفسي _x000D_
اتوقع إني بحاجه الى مستشفى الرشيد",1,0,0,جماعه معانا علي تويتر طبيب نفسي اتوقع اني بحاجه الي مستشفي الرشيد,يا جماعه في معانا علي تويتر طبيب نفسي _x<NUM>D_اتوقع اني بحاجه الي مستشفي الرشيد
حزن😂😭,1,0,0,حزن😂😭,حزن😂😭
"أنا مكتئب بشكل ناعم وأليف_x000D_
لا وجهي متجهم ولا أصرخ كثيرًا_x000D_
مكتئب وجهي مبتسم",1,1,0,انا مكتئب بشكل ناعم واليف وجهي متجهم ولا اصرخ كثيرا مكتئب وجهي مبتسم,انا مكتئب بشكل ناعم واليف_x<NUM>D_لا وجهي متجهم ولا اصرخ كثيرا_x<NUM>D_مكتئب وجهي مبتسم
كل شيء حرام مايجوز وغير الاشياء الممنوعه وبالنهايه يقولون ليش معهم اكتئاب ياخي يلعن العيشه هنا,1,0,0,شيء حرام مايجوز وغير الاشياء الممنوعه وبالنهايه يقولون ليش معهم اكتئاب ياخي يلعن العيشه,كل شيء حرام مايجوز وغير الاشياء الممنوعه وبالنهايه يقولون ليش معهم اكتئاب ياخي يلعن العيشه هنا
انابفكر ف الانتحار🤔 صح الانتحار هو الحل 😱انامش هنتحر اناهفكر بس 😂,1,0,0,انابفكر الانتحار🤔 الانتحار الحل 😱انامش هنتحر اناهفكر,انابفكر ف الانتحار🤔 صح الانتحار هو الحل 😱انامش هنتحر اناهفكر بس 😂
لا طاقه لي للكلام، ولو كان هُناك ما هو أهدأ من الصمت لفعلته.,1,1,0,طاقه للكلام، ولو اهدا الصمت لفعلته,لا طاقه لي للكلام، ولو كان هناك ما هو اهدا من الصمت لفعلته.
اتمنى انك ما تجربين الاكتئاب والتبلد لأنه بشع,1,1,0,اتمني انك تجربين الاكتئاب والتبلد لانه بشع,اتمني انك ما تجربين الاكتئاب والتبلد لانه بشع
مشكلتي كتومه مره مره يعني لو رحت لطبيب نفسي تلاقيني ابكي واقول مافيني شي,1,0,0,مشكلتي كتومه مره مره يعني رحت لطبيب نفسي تلاقيني ابكي واقول مافيني,مشكلتي كتومه مره مره يعني لو رحت لطبيب نفسي تلاقيني ابكي واقول مافيني شي
فيه دراما حزينه و اكتئاب,1,0,0,فيه دراما حزينه اكتئاب,فيه دراما حزينه و اكتئاب
مكنش عظيم انا مبتفرجش عالمسلسل و مشفتش غير المقطع ده على يوتيوب و جالي اكتئاب من ساعتها شديد جدا,1,1,0,مكنش عظيم انا مبتفرجش عالمسلسل مشفتش غير المقطع علي يوتيوب جالي اكتئاب ساعتها شديد جدا,مكنش عظيم انا مبتفرجش عالمسلسل و مشفتش غير المقطع ده علي يوتيوب و جالي اكتئاب من ساعتها شديد جدا
موجة اكتئاب مفاجئه,1,0,0,موجه اكتئاب مفاجئه,موجه اكتئاب مفاجئه
الإكتئاب لعنة لا تزوَل إلا بالإنتحار,1,1,0,الاكتئاب لعنه تزول الا بالانتحار,الاكتئاب لعنه لا تزول الا بالانتحار
والله ابكي ابكي,1,0,0,والله ابكي ابكي,والله ابكي ابكي
بديت ايأس من الحياه شكله بيكون الحل الوحيد الانتحار بعد الياس ,1,0,0,بديت اياس الحياه شكله بيكون الحل الوحيد الانتحار الياس,بديت اياس من الحياه شكله بيكون الحل الوحيد الانتحار بعد الياس
فعلا من بعد ما تخرجت من سنة وانا الان مكتئب لأن حرفيا الولد مكانه ابدا مو البيت وجالس ٢٤ ساعة من وصل عمره,1,1,0,فعلا تخرجت سنه وانا الان مكتئب لان حرفيا الولد مكانه ابدا البيت وجالس ساعه وصل عمره,فعلا من بعد ما تخرجت من سنه وانا الان مكتئب لان حرفيا الولد مكانه ابدا مو البيت وجالس <NUM><NUM> ساعه من وصل عمره
مسكينه توها قبل اسبوعين تقول انا ما قدرت انوم واكل وجاني اكتئاب من النهاية😔💔متخلفة,1,1,0,مسكينه توها اسبوعين تقول انا قدرت انوم واكل وجاني اكتئاب النهايه😔💔متخلفه,مسكينه توها قبل اسبوعين تقول انا ما قدرت انوم واكل وجاني اكتئاب من النهايه😔💔متخلفه
شكلك نسيت المقطعالي مصورينه من داخل السياره وهو ماسك دموعه هذولي صورتين وفيديو اكرهم ويجيني اكتئاب اذا شفتهم بالتايم لاين💔,1,0,0,شكلك نسيت المقطعالي مصورينه داخل السياره وهو ماسك دموعه هذولي صورتين وفيديو اكرهم ويجيني اكتئاب اذا شفتهم بالتايم لاين💔,شكلك نسيت المقطعالي مصورينه من داخل السياره وهو ماسك دموعه هذولي صورتين وفيديو اكرهم ويجيني اكتئاب اذا شفتهم بالتايم لاين💔
ي عمري عندها اكتئاب الولاده,1,0,0,عمري عندها اكتئاب الولاده,ي عمري عندها اكتئاب الولاده
زيادة على الرّوتين الكئيب ماعندك حياة خاصّة عايشه عشان ترضين الناس لا معليش كذا أوڤر اكتئاب احتفظي فيه لِنفسك,1,1,0,زياده علي الروتين الكئيب ماعندك حياه خاصه عايشه عشان ترضين الناس معليش كذا اوڤر اكتئاب احتفظي فيه لنفسك,زياده علي الروتين الكئيب ماعندك حياه خاصه عايشه عشان ترضين الناس لا معليش كذا اوڤر اكتئاب احتفظي فيه لنفسك
قتل الشعور هذي بداية انتحار,1,0,0,قتل الشعور هذي بدايه انتحار,قتل الشعور هذي بدايه انتحار
حزن على رحيل عروسين بشكل مفاجئ بعد السحور كانا في انتظار مولودهما,1,0,0,حزن علي رحيل عروسين بشكل مفاجئ السحور كانا انتظار مولودهما,حزن علي رحيل عروسين بشكل مفاجئ بعد السحور كانا في انتظار مولودهما
مدري ابكي من القهر و لا ابكي مستلطفتهم 😭,1,1,0,مدري ابكي القهر ابكي مستلطفتهم,مدري ابكي من القهر و لا ابكي مستلطفتهم 😭
ليڤل الاكتئاب عالي,1,0,0,ليڤل الاكتئاب عالي,ليڤل الاكتئاب عالي
ماعدت أعرف هو اكتئاب والا انطفاء ولا نضج,1,0,0,ماعدت اعرف اكتئاب والا انطفاء ولا نضج,ماعدت اعرف هو اكتئاب والا انطفاء ولا نضج
كآبه مابعدها كآبه,1,0,0,كابه مابعدها كابه,كابه مابعدها كابه
ليش ما نقدر نتكلم بكل شي نحسه عند اهالينا وبدون قلق ولا خوف ليش او حتى ليش ما عودونا على كذا انا نقول الي خاطرنا,1,1,0,ليش نقدر نتكلم بكل نحسه اهالينا وبدون قلق ولا خوف ليش حتي ليش عودونا علي كذا انا نقول الي خاطرنا,ليش ما نقدر نتكلم بكل شي نحسه عند اهالينا وبدون قلق ولا خوف ليش او حتي ليش ما عودونا علي كذا انا نقول الي خاطرنا
محاولة انتحار حلال,1,0,0,محاوله انتحار حلال,محاوله انتحار حلال
الي بعده بدخل اكتئاب اني,1,0,0,الي بعده بدخل اكتئاب اني,الي بعده بدخل اكتئاب اني
ايه واضح كلها حزن وصياح 😩,1,0,0,ايه واضح كلها حزن وصياح,ايه واضح كلها حزن وصياح 😩
الاوضاع ماتساعد شكله جانا اكتئاب 💔,1,0,0,الاوضاع ماتساعد شكله جانا اكتئاب,الاوضاع ماتساعد شكله جانا اكتئاب 💔
احس اني شخص مكتئب بس جالس يسوي نفسو انو طبيعي,1,0,0,احس اني شخص مكتئب جالس يسوي نفسو انو طبيعي,احس اني شخص مكتئب بس جالس يسوي نفسو انو طبيعي
تخيلوا متخرج ومنب فرحان احس الوضع طبيعي لازم اشوف لي طبيب نفسي,1,0,0,تخيلوا متخرج ومنب فرحان احس الوضع طبيعي لازم اشوف طبيب نفسي,تخيلوا متخرج ومنب فرحان احس الوضع طبيعي لازم اشوف لي طبيب نفسي
يادى السنة السودة انا اى الى دخلنى ف موجة الاكتئاب دى 💔,1,0,0,يادي السنه السوده انا الي دخلني موجه الاكتئاب,يادي السنه السوده انا اي الي دخلني ف موجه الاكتئاب دي 💔
احسني دخلت اكتئاب لدرجة تخيلو م احب اطلع برا غرفتي قبل شوي طلعت مع ابوي مشوار ورجعت منفسه وفيني الصيحه بس م اصيح ال,1,0,0,احسني دخلت اكتئاب لدرجه تخيلو احب اطلع برا غرفتي شوي طلعت ابوي مشوار ورجعت منفسه وفيني الصيحه اصيح,احسني دخلت اكتئاب لدرجه تخيلو م احب اطلع برا غرفتي قبل شوي طلعت مع ابوي مشوار ورجعت منفسه وفيني الصيحه بس م اصيح ال
وتكون مشرق لحياة بشكل رهيب وعندك خط و اهداف و دنيا جميله فخيالك جتلك الفرصة تحقها تروح الدنيا تقولك انت صدقت نفس,1,0,0,وتكون مشرق لحياه بشكل رهيب وعندك اهداف دنيا جميله فخيالك جتلك الفرصه تحقها تروح الدنيا تقولك انت صدقت نفس,وتكون مشرق لحياه بشكل رهيب وعندك خط و اهداف و دنيا جميله فخيالك جتلك الفرصه تحقها تروح الدنيا تقولك انت صدقت نفس
مطلوب واحد انتحار ناجح من فضلك,1,0,0,مطلوب واحد انتحار ناجح فضلك,مطلوب واحد انتحار ناجح من فضلك
"بالصدفة لقيت لي تدوينات في ٢٠١٢ ٢٠١٣م بالكلاود_x000D_
جتني ضيقة أليمة كانت أسوأ فترة في حياتي حادث سيارة و مشاكل عائلي",1,0,0,بالصدفه لقيت تدوينات ٢٠١٢ ٢٠١٣م بالكلاود جتني ضيقه اليمه اسوا فتره حياتي حادث سياره مشاكل عائلي,بالصدفه لقيت لي تدوينات في <NUM><NUM><NUM><NUM> <NUM><NUM><NUM><NUM>م بالكلاود_x<NUM>D_جتني ضيقه اليمه كانت اسوا فتره في حياتي حادث سياره و مشاكل عائلي
واله الواحد مايدري اهو اكتئاب ولا انطفاء ولا نضج ولا انعدام الشغف ولا تخلف ولا حاله نفسيه,1,0,0,واله الواحد مايدري اهو اكتئاب ولا انطفاء ولا نضج ولا انعدام الشغف ولا تخلف ولا حاله نفسيه,واله الواحد مايدري اهو اكتئاب ولا انطفاء ولا نضج ولا انعدام الشغف ولا تخلف ولا حاله نفسيه
نفس الوقت بالهجري هالسنه ابكي عليها,1,0,0,نفس الوقت بالهجري هالسنه ابكي عليها,نفس الوقت بالهجري هالسنه ابكي عليها
احتاج شي يونسني يطلعني من حالة الاكتئاب الي انا فيه💔,1,0,0,احتاج يونسني يطلعني حاله الاكتئاب الي انا فيه💔,احتاج شي يونسني يطلعني من حاله الاكتئاب الي انا فيه💔
عزله لحالي ما بدي حدا 😂,1,1,0,عزله لحالي بدي حدا,عزله لحالي ما بدي حدا 😂
الناس كلها في حالة اكتئاب وحزن وحاجة آخر بهدلة بجد,1,0,0,الناس كلها حاله اكتئاب وحزن وحاجه اخر بهدله بجد,الناس كلها في حاله اكتئاب وحزن وحاجه اخر بهدله بجد
اي طريقة انتحار تريح,1,0,0,طريقه انتحار تريح,اي طريقه انتحار تريح
واله العظيم الرهاب الاجتماعي الي فيني مو مخليني اعيد على صحباتي واقاربي شسوي يا ناس,1,0,0,واله العظيم الرهاب الاجتماعي الي فيني مخليني اعيد علي صحباتي واقاربي شسوي ناس,واله العظيم الرهاب الاجتماعي الي فيني مو مخليني اعيد علي صحباتي واقاربي شسوي يا ناس
كآبة على وجوه الكلاب أيضًا الأيام هنا تمضي وحسب,1,0,0,كابه علي وجوه الكلاب ايضا الايام تمضي وحسب,كابه علي وجوه الكلاب ايضا الايام هنا تمضي وحسب
عندي اكتئاب فقط اضطراب الشخصية الحدية و هو مشابه كثير لثنائي القطب لكن مو نفسه🙏🏻,1,0,0,عندي اكتئاب فقط اضطراب الشخصيه الحديه مشابه كثير لثنائي القطب نفسه🙏🏻,عندي اكتئاب فقط اضطراب الشخصيه الحديه و هو مشابه كثير لثنائي القطب لكن مو نفسه🙏🏻
أعاني من قلب قلق قلق جدًا لحدّ الذي يجعل كل تلك الأمور الصغيرة عبارة عن عُقد,1,0,0,اعاني قلب قلق قلق جدا لحد الذي يجعل الامور الصغيره عباره عقد,اعاني من قلب قلق قلق جدا لحد الذي يجعل كل تلك الامور الصغيره عباره عن عقد
ًواله قلق,1,0,0,واله قلق,واله قلق
متضايقه صدق احس قاعده اعيش ب اكتئاب ومحد حاسس فيني الكل قاعد يضايقني,1,0,0,متضايقه صدق احس قاعده اعيش اكتئاب ومحد حاسس فيني الكل قاعد يضايقني,متضايقه صدق احس قاعده اعيش ب اكتئاب ومحد حاسس فيني الكل قاعد يضايقني
تُراودني فكرة إنتحار 🖤,1,0,0,تراودني فكره انتحار,تراودني فكره انتحار 🖤
"ابكي حتى انام _x000D_
هم اذا ف السعودية ابها بس اذا برا مدري مكن باريس",1,0,0,ابكي حتي انام اذا السعوديه ابها اذا برا مدري مكن باريس,ابكي حتي انام _x<NUM>D_هم اذا ف السعوديه ابها بس اذا برا مدري مكن باريس
شعرت أَنني وحدي تمامًا، وكأَنني آخر منْ بقي حيًا على الأرض، لا أستطيع وصف شعور الوحدة التامة هذهِ، أردتُ فقط أنْ أتبخر في الجو ولا أفكرَ في أي شيء ,1,1,0,شعرت انني وحدي تماما، وكانني اخر بقي حيا علي الارض، استطيع وصف شعور الوحده التامه هذه، اردت فقط اتبخر الجو ولا افكر شيء,شعرت انني وحدي تماما، وكانني اخر من بقي حيا علي الارض، لا استطيع وصف شعور الوحده التامه هذه، اردت فقط ان اتبخر في الجو ولا افكر في اي شيء
اكتئاب 💔,1,0,0,اكتئاب,اكتئاب 💔
لاسف حزن 😞💔,1,0,0,لاسف حزن,لاسف حزن 😞💔
الملائكه خُلِقت من نور وأنا خُلِقت من إكتئاب,1,0,0,الملائكه خلقت نور وانا خلقت اكتئاب,الملائكه خلقت من نور وانا خلقت من اكتئاب
"مكتئب ✔️_x000D_
حزين ✔️_x000D_
مصدع ✔️_x000D_
مش بنام ✔️",1,0,0,مكتئب حزين مصدع بنام,مكتئب ✔️_x<NUM>D_حزين ✔️_x<NUM>D_مصدع ✔️_x<NUM>D_مش بنام ✔️
انا بعرف انى مكتئب من النوم الكتير الى بنامه دا😔,1,0,0,انا بعرف اني مكتئب النوم الكتير الي بنامه دا😔,انا بعرف اني مكتئب من النوم الكتير الي بنامه دا😔
لالا حيصيبنا اكتئاب كفايه كده 🥺,1,0,0,لالا حيصيبنا اكتئاب كفايه كده,لالا حيصيبنا اكتئاب كفايه كده 🥺
مضاد الذهان عامل لي دماغ,1,0,0,مضاد الذهان عامل دماغ,مضاد الذهان عامل لي دماغ
"ع ادي اما تمشي🙃💔_x000D_
مكتئب",1,0,0,ادي اما تمشي🙃💔 مكتئب,ع ادي اما تمشي🙃💔_x<NUM>D_مكتئب
محاوله انتحارٌ فاشله🤡,1,0,0,محاوله انتحار فاشله🤡,محاوله انتحار فاشله🤡
مرت علي هذي الحالة واخذت معي وقت وتعبتني وراجعت دكتور وكتب لي مضادات اكتئاب مؤقته والحمد له رب العالمين والموضوع بسيط جدا,1,0,0,مرت علي هذي الحاله واخذت معي وقت وتعبتني وراجعت دكتور وكتب مضادات اكتئاب مؤقته والحمد العالمين والموضوع بسيط جدا,مرت علي هذي الحاله واخذت معي وقت وتعبتني وراجعت دكتور وكتب لي مضادات اكتئاب مؤقته والحمد له رب العالمين والموضوع بسيط جدا
لا احد يشعر بي,1,1,0,احد يشعر,لا احد يشعر بي
  كلنا غرقنا في احزان لا امل في زوالها ,1,1,0,كلنا غرقنا احزان امل زوالها,كلنا غرقنا في احزان لا امل في زوالها
هيئول ارجع لو عشان سبتو مش نائصه كآبه,1,0,0,هيئول ارجع عشان سبتو نائصه كابه,هيئول ارجع لو عشان سبتو مش نائصه كابه
حايشتني موجة اكتئاب,1,0,0,حايشتني موجه اكتئاب,حايشتني موجه اكتئاب
انا عندي اكتئاب,1,0,0,انا عندي اكتئاب,انا عندي اكتئاب
متنسيش تعزمينا عشان الواحد مكتئب وجايب اخره 😂🙃,1,0,0,متنسيش تعزمينا عشان الواحد مكتئب وجايب اخره,متنسيش تعزمينا عشان الواحد مكتئب وجايب اخره 😂🙃
نفسيتي الى الطريق المنحدره بسب الحظر و الله كآبة مليون خلاص فكونا نبا نطلع 💔,1,0,0,نفسيتي الي الطريق المنحدره بسب الحظر الله كابه مليون خلاص فكونا نبا نطلع,نفسيتي الي الطريق المنحدره بسب الحظر و الله كابه مليون خلاص فكونا نبا نطلع 💔
أنا اكثر شخص مكتئب ويضحك,1,0,0,انا اكثر شخص مكتئب ويضحك,انا اكثر شخص مكتئب ويضحك
كآبة جدًا,1,0,0,كابه جدا,كابه جدا
يمكن صدق اصير مكتئب زي ما قالت كدو,1,1,0,يمكن صدق اصير مكتئب قالت كدو,يمكن صدق اصير مكتئب زي ما قالت كدو
قايز احس اني مكتومه وبموت وتعبانه وبس ابكي تكفون قولوا لي وش اسوي,1,0,0,قايز احس اني مكتومه وبموت وتعبانه وبس ابكي تكفون قولوا اسوي,قايز احس اني مكتومه وبموت وتعبانه وبس ابكي تكفون قولوا لي وش اسوي
اهخ وانا صديقتي الغبيه دخلت حالت اكتئاب 😭💔,1,0,0,اهخ وانا صديقتي الغبيه دخلت حالت اكتئاب,اهخ وانا صديقتي الغبيه دخلت حالت اكتئاب 😭💔
معنديش اكتئاب أنا اكتئاب 🚶‍♂️,1,0,0,معنديش اكتئاب انا اكتئاب 🚶‍♂️,معنديش اكتئاب انا اكتئاب 🚶♂️
كل التروما الى حصلتلى فى حياتى لسه فى تراكمات منها جوايا وفى فاصل بينها وبين حياتى متمثل فى محاولتى للهروب والنسيان,1,0,0,التروما الي حصلتلي حياتي لسه تراكمات منها جوايا وفي فاصل بينها وبين حياتي متمثل محاولتي للهروب والنسيان,كل التروما الي حصلتلي في حياتي لسه في تراكمات منها جوايا وفي فاصل بينها وبين حياتي متمثل في محاولتي للهروب والنسيان
لا تكفين خلقه فيني اكتئاب واتحلطم من الذره كيف لو عاد انحبست في مكان وقسم لا اصير مجرمه😭💔,1,1,0,تكفين خلقه فيني اكتئاب واتحلطم الذره عاد انحبست مكان وقسم اصير مجرمه😭💔,لا تكفين خلقه فيني اكتئاب واتحلطم من الذره كيف لو عاد انحبست في مكان وقسم لا اصير مجرمه😭💔
الرهاب الاجتماعي اعاني منه,1,0,0,الرهاب الاجتماعي اعاني منه,الرهاب الاجتماعي اعاني منه
كآبة مود 😐,1,0,0,كابه مود,كابه مود 😐
صدگ چذب وصيت اخوية يجيبلي فد شي يساعدني عالنوم من الصيدلية راح الصيدﻻني منطيه بروزاك,1,0,0,صدگ چذب وصيت اخويه يجيبلي يساعدني عالنوم الصيدليه راح الصيدﻻني منطيه بروزاك,صدگ چذب وصيت اخويه يجيبلي فد شي يساعدني عالنوم من الصيدليه راح الصيدﻻني منطيه بروزاك
عيطي بس اكتئاب لا,1,1,0,عيطي اكتئاب,عيطي بس اكتئاب لا
تفكيرك هذا اوله تشكيك في الدين ثم إلحاد أو ارتداد مكن ترجعين يهودية أو نصر,1,0,0,تفكيرك اوله تشكيك الدين الحاد ارتداد مكن ترجعين يهوديه نصر,تفكيرك هذا اوله تشكيك في الدين ثم الحاد او ارتداد مكن ترجعين يهوديه او نصر
مره قلت لامي احس فيني اكتئاب ابغى اتعالج راحوا ودوا اخوي,1,0,0,مره قلت لامي احس فيني اكتئاب ابغي اتعالج راحوا ودوا اخوي,مره قلت لامي احس فيني اكتئاب ابغي اتعالج راحوا ودوا اخوي
ربي عوضني خيرًا عن كل شي انكسر بنفسي وعن كل حزن أصاب قلبي,1,0,0,ربي عوضني خيرا انكسر بنفسي وعن حزن اصاب قلبي,ربي عوضني خيرا عن كل شي انكسر بنفسي وعن كل حزن اصاب قلبي
كنت احسب اكتئابي سببه الدراسه عطلت وباقي لحين مكتئب,1,0,0,كنت احسب اكتئابي سببه الدراسه عطلت وباقي لحين مكتئب,كنت احسب اكتئابي سببه الدراسه عطلت وباقي لحين مكتئب
وبكيت في غيابك كما لم أفعل من قبل ، بكيت من كل الحواس ، بکیت كأنني لا أبكي ، بل أذوب دفعة واحدة وأمطر.,1,1,0,وبكيت غيابك افعل بكيت الحواس بکیت كانني ابكي اذوب دفعه واحده وامطر,وبكيت في غيابك كما لم افعل من قبل ، بكيت من كل الحواس ، بکیت كانني لا ابكي ، بل اذوب دفعه واحده وامطر.
تم بقراه ومستعده لاكتئاب لان اخر كتاب قريته برضو قصه حقيقيه تحزن وجاني اكتئاب اسبوع,1,0,0,بقراه ومستعده لاكتئاب لان اخر كتاب قريته برضو قصه حقيقيه تحزن وجاني اكتئاب اسبوع,تم بقراه ومستعده لاكتئاب لان اخر كتاب قريته برضو قصه حقيقيه تحزن وجاني اكتئاب اسبوع
لي نص ساعه ابكي,1,0,0,ساعه ابكي,لي نص ساعه ابكي
فترة طويلة كنت اعاني منه هلع و خوف من الموت فقدان الذه بأي شيء مرة زرت دكتور نفسي و صرف لي دواء بروزاك,1,0,0,فتره طويله كنت اعاني منه هلع خوف الموت فقدان الذه باي شيء مره زرت دكتور نفسي صرف دواء بروزاك,فتره طويله كنت اعاني منه هلع و خوف من الموت فقدان الذه باي شيء مره زرت دكتور نفسي و صرف لي دواء بروزاك
ياربي امس نايمه والدموع بعيني ياخي 😭 اول مره ابكي من القلب كذا,1,0,0,ياربي امس نايمه والدموع بعيني ياخي اول مره ابكي القلب كذا,ياربي امس نايمه والدموع بعيني ياخي 😭 اول مره ابكي من القلب كذا
لأن عمري م اخدت منها حاجة حلوة وبقيت عايش فيها بتمنى الموت كل يوم لأن كده كده الواحد عايش وكأنه مش عايش ,1,0,0,لان عمري اخدت منها حاجه حلوه وبقيت عايش فيها بتمني الموت يوم لان كده كده الواحد عايش وكانه عايش,لان عمري م اخدت منها حاجه حلوه وبقيت عايش فيها بتمني الموت كل يوم لان كده كده الواحد عايش وكانه مش عايش
اي ورقة عليها امضاء وختم نسر بقت تجيبلي اكتئاب الواحد ضيع عمره في مهازل واله,1,0,0,ورقه عليها امضاء وختم نسر بقت تجيبلي اكتئاب الواحد ضيع عمره مهازل واله,اي ورقه عليها امضاء وختم نسر بقت تجيبلي اكتئاب الواحد ضيع عمره في مهازل واله
الرهاب الاجتماعي قاعد يرجع لي ومقدر اسوي شي بخصوصه 😞,1,0,0,الرهاب الاجتماعي قاعد يرجع ومقدر اسوي بخصوصه,الرهاب الاجتماعي قاعد يرجع لي ومقدر اسوي شي بخصوصه 😞
ماكنش حزن عادي كان خذلان لكل حاجه جوايا 🖤,1,0,0,ماكنش حزن عادي خذلان لكل حاجه جوايا,ماكنش حزن عادي كان خذلان لكل حاجه جوايا 🖤
انا بمر في حياتي يوميا علي اشياء حزينة تقطم الواحد بس اتعودت فتأكد تماما انك لو وصلتني لحالة حزن شديد وجع وكسرة,1,0,0,انا بمر حياتي يوميا علي اشياء حزينه تقطم الواحد اتعودت فتاكد تماما انك وصلتني لحاله حزن شديد وجع وكسره,انا بمر في حياتي يوميا علي اشياء حزينه تقطم الواحد بس اتعودت فتاكد تماما انك لو وصلتني لحاله حزن شديد وجع وكسره
ابغى حضن ابكي فيه تعبت ابكي لوحدي,1,0,0,ابغي حضن ابكي فيه تعبت ابكي لوحدي,ابغي حضن ابكي فيه تعبت ابكي لوحدي
"يارب عاوزة اتبسط واعيش متطمنه _x000D_
كفايا هلع انا تعبت",1,0,0,يارب عاوزه اتبسط واعيش متطمنه كفايا هلع انا تعبت,يارب عاوزه اتبسط واعيش متطمنه _x<NUM>D_كفايا هلع انا تعبت
لا حزن ولا فرح فتره بلا شعُور,1,1,0,حزن ولا فرح فتره بلا شعور,لا حزن ولا فرح فتره بلا شعور
حزن واله,1,0,0,حزن واله,حزن واله
لما تكون فيك مشاعر متناقضه و حزن بس ماتعرف من ايش او ليه,1,0,0,لما تكون فيك مشاعر متناقضه حزن ماتعرف ايش ليه,لما تكون فيك مشاعر متناقضه و حزن بس ماتعرف من ايش او ليه
منه لله الي عرفني أن الانتحار حرام كان زمان دلوقتي في حته تانيه,1,0,0,منه لله الي عرفني الانتحار حرام زمان دلوقتي حته تانيه,منه لله الي عرفني ان الانتحار حرام كان زمان دلوقتي في حته تانيه
يارا نكد نفسنه عياط إحباط إكتئاب قتال مشاله إلك أكتر من إسم 😂,1,0,0,يارا نكد نفسنه عياط احباط اكتئاب قتال مشاله الك اكتر اسم,يارا نكد نفسنه عياط احباط اكتئاب قتال مشاله الك اكتر من اسم 😂
حاليا بفكر بطريقة انتحار قاتلة,1,0,0,حاليا بفكر بطريقه انتحار قاتله,حاليا بفكر بطريقه انتحار قاتله
ابكي على ماجرالي ياهلي 🤪,1,0,0,ابكي علي ماجرالي ياهلي,ابكي علي ماجرالي ياهلي 🤪
توم هولاند على الاقل ما يتكلم بطريقه باردة تحسك ان بيتر عنده اكتئاب,1,1,0,توم هولاند علي الاقل يتكلم بطريقه بارده تحسك بيتر عنده اكتئاب,توم هولاند علي الاقل ما يتكلم بطريقه بارده تحسك ان بيتر عنده اكتئاب
تعالي ديام ماقدر عندي رهاب من المجتمع,1,0,0,تعالي ديام ماقدر عندي رهاب المجتمع,تعالي ديام ماقدر عندي رهاب من المجتمع
فاليومَ أبكي على ما فاتني أسفًا وهل يُفيد بكاءٌ حين أبكيهِ واحَسرَتاهُ لعمرٍ ضاع أكثَرُه والويلُ إن كان باقِيهِ كماضيهِ,1,1,0,فاليوم ابكي علي فاتني اسفا وهل يفيد بكاء حين ابكيه واحسرتاه لعمر ضاع اكثره والويل باقيه كماضيه,فاليوم ابكي علي ما فاتني اسفا وهل يفيد بكاء حين ابكيه واحسرتاه لعمر ضاع اكثره والويل ان كان باقيه كماضيه
بخاطري ابكي,1,0,0,بخاطري ابكي,بخاطري ابكي
طريقة انتحار تكفون,1,0,0,طريقه انتحار تكفون,طريقه انتحار تكفون
احس ودي اروح عند طبيب نفسي فيني كميه شتات وزعل مو طبيعيه,1,0,0,احس ودي اروح طبيب نفسي فيني كميه شتات وزعل طبيعيه,احس ودي اروح عند طبيب نفسي فيني كميه شتات وزعل مو طبيعيه
ايوه صراحه بيجيلي كابه,1,0,0,ايوه صراحه بيجيلي كابه,ايوه صراحه بيجيلي كابه
ابكي عشان معرف وش اسوي مشاعري متلخبظه خوف قلق كلشيء,1,0,0,ابكي عشان معرف اسوي مشاعري متلخبظه خوف قلق كلشيء,ابكي عشان معرف وش اسوي مشاعري متلخبظه خوف قلق كلشيء
علامات تعني أني بحاجة لاستشارة طبيب نفسي الشعور الدائم بالحزن والبؤس وفقدان الأمل أغلب الوقت الأفكار العنيفة,1,0,0,علامات تعني اني بحاجه لاستشاره طبيب نفسي الشعور الدائم بالحزن والبؤس وفقدان الامل اغلب الوقت الافكار العنيفه,علامات تعني اني بحاجه لاستشاره طبيب نفسي الشعور الدائم بالحزن والبؤس وفقدان الامل اغلب الوقت الافكار العنيفه
لو الانتحار كان حلال كانت كل حاجه اتحلت,1,0,0,الانتحار حلال حاجه اتحلت,لو الانتحار كان حلال كانت كل حاجه اتحلت
حَزِين.. أشعُر بحُزن يَعتَصِر قَلبِي، حُزنٌ لَا يُوصَف أَلمُه أي شيء، ولَم يَسبِق لِي الإِحساس بهَذا الشّعور رُغمَ فقدَانِي لكَثيرٍ من الأصدِقاء و الأحِبه، جَسدي يتَداعى مِن شِدّته، شَيء يُحيرني يُقلقني، لقَد افتقدتكَ رُوحِي و أمَاكِني،و أَشعُر بِفرَاغ كَبير فِي قَلبِي,1,0,0,حزين اشعر بحزن يعتصر قلبي، حزن يوصف المه شيء، ولم يسبق الاحساس بهذا الشعور رغم فقداني لكثير الاصدقاء الاحبه، جسدي يتداعي شدته، شيء يحيرني يقلقني، لقد افتقدتك روحي اماكني،و اشعر بفراغ كبير قلبي,حزين.. اشعر بحزن يعتصر قلبي، حزن لا يوصف المه اي شيء، ولم يسبق لي الاحساس بهذا الشعور رغم فقداني لكثير من الاصدقاء و الاحبه، جسدي يتداعي من شدته، شيء يحيرني يقلقني، لقد افتقدتك روحي و اماكني،و اشعر بفراغ كبير في قلبي
لقد انطفئ شيء ما بداخلي، لم تعد رغباتي ومشاعري صالحة بعد الآن,1,1,0,لقد انطفئ شيء بداخلي، تعد رغباتي ومشاعري صالحه الان,لقد انطفئ شيء ما بداخلي، لم تعد رغباتي ومشاعري صالحه بعد الان
مود اكتئاب الميد تيرم مسيطر عليا يا فاطمة 🥲💔,1,0,0,مود اكتئاب الميد تيرم مسيطر عليا فاطمه,مود اكتئاب الميد تيرم مسيطر عليا يا فاطمه 🥲💔
"جماعا مهم 📢_x000D_
انا جاية اقولكم ان نزل واحلى اكتئاب وانعزال علينا كلنا ❤️",1,0,0,جماعا مهم انا جايه اقولكم نزل واحلي اكتئاب وانعزال علينا كلنا,جماعا مهم 📢_x<NUM>D_انا جايه اقولكم ان نزل واحلي اكتئاب وانعزال علينا كلنا ❤️
ياريت لو في دواء يغير المزاج و يجيب السعادة لمه يجيني اكتئاب اكره حياتي و افكر بالموت و اسلم امري ل الله,1,0,0,ياريت دواء يغير المزاج يجيب السعاده لمه يجيني اكتئاب اكره حياتي افكر بالموت اسلم امري الله,ياريت لو في دواء يغير المزاج و يجيب السعاده لمه يجيني اكتئاب اكره حياتي و افكر بالموت و اسلم امري ل الله
"متعبه نفسيا للحد أنني أشعر بالتعب الجسدي ,أود البكاء مثل ما كنت ابكي سابقاً ,أود البكاء بشده و لكنني لست قادره من شدة التعب الذي أشعر به او ژبما بسبب كثرة بكائي سابقة ، أود الصراخ بأعلى صوت في مكان مظلم ، أود حقاً أن اشعر بالطمأنينه و يذهب كل هذا الخوف و القلق الروحي مرهقه بشده",1,1,0,متعبه نفسيا للحد انني اشعر بالتعب الجسدي اود البكاء مثل كنت ابكي سابقا اود البكاء بشده لكنني لست قادره شده التعب الذي اشعر ژبما بسبب كثره بكائي سابقه اود الصراخ باعلي صوت مكان مظلم اود حقا اشعر بالطمانينه يذهب الخوف القلق الروحي مرهقه بشده,"متعبه نفسيا للحد انني اشعر بالتعب الجسدي ,اود البكاء مثل ما كنت ابكي سابقا ,اود البكاء بشده و لكنني لست قادره من شده التعب الذي اشعر به او ژبما بسبب كثره بكائي سابقه ، اود الصراخ باعلي صوت في مكان مظلم ، اود حقا ان اشعر بالطمانينه و يذهب كل هذا الخوف و القلق الروحي مرهقه بشده"
دخلة حالة اكتئاب لا ماقصرت ماخلت مسلسل الا سوتة وقتها,1,1,0,دخله حاله اكتئاب ماقصرت ماخلت مسلسل الا سوته وقتها,دخله حاله اكتئاب لا ماقصرت ماخلت مسلسل الا سوته وقتها
صار معي كآبه وشي اشبه بالمرض النفسي والسبب الحالات الي تجيني بالخاص وانا مو طالع بيدي شي من قله الحيلة يارب ياكريم,1,0,0,صار معي كابه وشي اشبه بالمرض النفسي والسبب الحالات الي تجيني بالخاص وانا طالع بيدي قله الحيله يارب ياكريم,صار معي كابه وشي اشبه بالمرض النفسي والسبب الحالات الي تجيني بالخاص وانا مو طالع بيدي شي من قله الحيله يارب ياكريم
"اشم ريحة حزن _x000D_
عظم اله لكم الاجر يا شيعة علي",1,0,0,اشم ريحه حزن عظم اله لكم الاجر شيعه علي,اشم ريحه حزن _x<NUM>D_عظم اله لكم الاجر يا شيعه علي
يا ربّ بُشرى قريبةٌ منك تمحيَّ كل قلقٌ وخوفٌ,1,0,0,بشري قريبه منك تمحي قلق وخوف,يا رب بشري قريبه منك تمحي كل قلق وخوف
واله الواحد معد يدري هو اكتئاب ولا انطفاء ولا نضج ولا كلهم مع بعض,1,0,0,واله الواحد معد يدري اكتئاب ولا انطفاء ولا نضج ولا كلهم بعض,واله الواحد معد يدري هو اكتئاب ولا انطفاء ولا نضج ولا كلهم مع بعض
"ضحكة مزيفة 😴اكتئاب لايفارق💤نفسية 0٪ عقل مدمر تفكير سلبي بألوان ذكارية مؤلمة_x000D_
_x000D_
وبالنهاية بتصفنّ بتقول",1,0,0,ضحكه مزيفه 😴اكتئاب لايفارق💤نفسيه عقل مدمر تفكير سلبي بالوان ذكاريه مؤلمه وبالنهايه بتصفن بتقول,ضحكه مزيفه 😴اكتئاب لايفارق💤نفسيه <NUM>٪ عقل مدمر تفكير سلبي بالوان ذكاريه مؤلمه_x<NUM>D__x<NUM>D_وبالنهايه بتصفن بتقول
"لو كان الانتحار حلال بتنتحر_x000D_
_x000D_
اكيد ليش لا اول واحد انا بنتحر",1,1,0,الانتحار حلال بتنتحر اكيد ليش اول واحد انا بنتحر,لو كان الانتحار حلال بتنتحر_x<NUM>D__x<NUM>D_اكيد ليش لا اول واحد انا بنتحر
"كنت أجي لك ود لو كلّي عتاب _x000D_
وأبتسم لك زيف لو كلّي كسور _x000D_
ماتركتك تلمح بوجهي إكتئاب _x000D_
كنت أبروّز صورة أحزاني سرور _x000D_
ليه",1,0,0,كنت اجي كلي عتاب وابتسم زيف كلي كسور ماتركتك تلمح بوجهي اكتئاب كنت ابروز صوره احزاني سرور ليه,كنت اجي لك ود لو كلي عتاب _x<NUM>D_وابتسم لك زيف لو كلي كسور _x<NUM>D_ماتركتك تلمح بوجهي اكتئاب _x<NUM>D_كنت ابروز صوره احزاني سرور _x<NUM>D_ليه
بقى برا مزاجي حلو اول ما ادخل البيت بنصاب بنوبة اكتئاب 🙄,1,1,0,بقي برا مزاجي حلو اول ادخل البيت بنصاب بنوبه اكتئاب,بقي برا مزاجي حلو اول ما ادخل البيت بنصاب بنوبه اكتئاب 🙄
مشاعر حزن وضيقه وهم وكآبه كلها اجتمعت بموت الم ياجماعه انا رح اموت ,1,0,0,مشاعر حزن وضيقه وهم وكابه كلها اجتمعت بموت الم ياجماعه انا اموت,مشاعر حزن وضيقه وهم وكابه كلها اجتمعت بموت الم ياجماعه انا رح اموت
محاوله انتحار ١,1,0,0,محاوله انتحار,محاوله انتحار <NUM>
كل تغريداتك عن التعدد صابني اكتئاب منها 🤮😐,1,0,0,تغريداتك التعدد صابني اكتئاب منها,كل تغريداتك عن التعدد صابني اكتئاب منها 🤮😐
"واله ما أنا عارفة هو اكتئاب ولا انطفاء ولا نضج ولا وحدة ولا توحد ولا_x000D_
بس الجامد ف الموضوع اني رايقه وق",1,1,0,واله انا عارفه اكتئاب ولا انطفاء ولا نضج ولا وحده ولا توحد ولا الجامد الموضوع اني رايقه,واله ما انا عارفه هو اكتئاب ولا انطفاء ولا نضج ولا وحده ولا توحد ولا_x<NUM>D_بس الجامد ف الموضوع اني رايقه وق
حد قالي مكن انك مش كويس نفسيا و محتاج تاخد علشان تريح نفسيتك من ضغوط او اكتئاب 😅,1,0,0,قالي مكن انك كويس نفسيا محتاج تاخد علشان تريح نفسيتك ضغوط اكتئاب,حد قالي مكن انك مش كويس نفسيا و محتاج تاخد علشان تريح نفسيتك من ضغوط او اكتئاب 😅
يا اخي في الأرياف تقعد بفلوسك مكتئب مش لاقي مكان تخرج فيه في البندر تقعد مكتئب برضه مش لاقي فلوس تصرفها علي الاماكن المتاحه لخروج,1,0,0,اخي الارياف تقعد بفلوسك مكتئب لاقي مكان تخرج فيه البندر تقعد مكتئب برضه لاقي فلوس تصرفها علي الاماكن المتاحه لخروج,يا اخي في الارياف تقعد بفلوسك مكتئب مش لاقي مكان تخرج فيه في البندر تقعد مكتئب برضه مش لاقي فلوس تصرفها علي الاماكن المتاحه لخروج
اصبح الكُتمان يؤذينيّ،لم يعد بِإماكاني ابتلاع المزيد مِن غصاتِ الالم،لم يعد جسدي يقاوم,1,0,0,اصبح الكتمان يؤذيني،لم يعد باماكاني ابتلاع المزيد غصات الالم،لم يعد جسدي يقاوم,اصبح الكتمان يؤذيني،لم يعد باماكاني ابتلاع المزيد من غصات الالم،لم يعد جسدي يقاوم
قاعده ادعي العيد حجر عشان تعاستي ما تدخل اكتئاب,1,1,0,قاعده ادعي العيد حجر عشان تعاستي تدخل اكتئاب,قاعده ادعي العيد حجر عشان تعاستي ما تدخل اكتئاب
لما تبقى مخنوق و مكتئب و تبص على صورتك و تلاقيك كنت بتضحك,1,0,0,لما تبقي مخنوق مكتئب تبص علي صورتك تلاقيك كنت بتضحك,لما تبقي مخنوق و مكتئب و تبص علي صورتك و تلاقيك كنت بتضحك
اتوقع بيجيني اكتئاب حاد او شيء,1,0,0,اتوقع بيجيني اكتئاب حاد شيء,اتوقع بيجيني اكتئاب حاد او شيء
"🇺🇸_x000D_
🇸🇦 انا مكتئب _x000D_
🇯🇴 انا بالاردن",1,0,0,انا مكتئب انا بالاردن,🇺🇸_x<NUM>D_🇸🇦 انا مكتئب _x<NUM>D_🇯🇴 انا بالاردن
قاعده ابكي على سبب اتمنى محد يعرفه بيوم من الايام بالصدفه وقتها بتدمر فعلاً,1,0,0,قاعده ابكي علي سبب اتمني محد يعرفه بيوم الايام بالصدفه وقتها بتدمر فعلا,قاعده ابكي علي سبب اتمني محد يعرفه بيوم من الايام بالصدفه وقتها بتدمر فعلا
عُزله مع كتاب مُفضل🖤,1,0,0,عزله كتاب مفضل🖤,عزله مع كتاب مفضل🖤
دي دخول في مرحلة اكتئاب بقى ولا ايه,1,0,0,دخول مرحله اكتئاب بقي ولا ايه,دي دخول في مرحله اكتئاب بقي ولا ايه
الواحد من كثر الاكتئاب يحس روحه كل يوم تطفي اكثر,1,0,0,الواحد كثر الاكتئاب يحس روحه يوم تطفي اكثر,الواحد من كثر الاكتئاب يحس روحه كل يوم تطفي اكثر
اكتئاب من الفارساد الي حتى الدامجوم احلى منهم,1,0,0,اكتئاب الفارساد الي حتي الدامجوم احلي منهم,اكتئاب من الفارساد الي حتي الدامجوم احلي منهم
احس من الحين شايله هم اكتئاب المغرب,1,0,0,احس الحين شايله اكتئاب المغرب,احس من الحين شايله هم اكتئاب المغرب
أنا الحاجات الي تجيب اكتئاب وخنقة وكرشة نفس بتقطع نفسها عليا الفترة دي 🤦,1,0,0,انا الحاجات الي تجيب اكتئاب وخنقه وكرشه نفس بتقطع نفسها عليا الفتره,انا الحاجات الي تجيب اكتئاب وخنقه وكرشه نفس بتقطع نفسها عليا الفتره دي 🤦
لا احد يهتم,1,1,0,احد يهتم,لا احد يهتم
كُل شئ اصبح مرهق للغايه.,1,0,0,اصبح مرهق للغايه,كل شئ اصبح مرهق للغايه.
 مكتئب وحزين,1,0,0,مكتئب وحزين,مكتئب وحزين
مو ناقصين كآبة خلنا نعيش هالجم يوم الي بقوا لنا براحة 🙂💔,1,0,0,ناقصين كابه خلنا نعيش هالجم يوم الي بقوا لنا براحه,مو ناقصين كابه خلنا نعيش هالجم يوم الي بقوا لنا براحه 🙂💔
كتنوين فتح في كلمة وداعًا سنظل نحمل كآبة الحياة إلى أن يركض عزرائيل نحونا,1,0,0,كتنوين فتح كلمه وداعا سنظل نحمل كابه الحياه الي يركض عزرائيل نحونا,كتنوين فتح في كلمه وداعا سنظل نحمل كابه الحياه الي ان يركض عزرائيل نحونا
انا شخص بيتوتي جداً بس الظاهر هالمرة الوضع إكتئاب بجدارة,1,0,1,انا شخص بيتوتي جدا الظاهر هالمره الوضع اكتئاب بجداره,انا شخص بيتوتي جدا بس الظاهر هالمره الوضع اكتئاب بجداره
"داخل على اهم مرحلة بحياتي بدبل اكتئاب_x000D_
ايوه كذا ياشيخ",1,0,0,داخل علي اهم مرحله بحياتي بدبل اكتئاب ايوه كذا ياشيخ,داخل علي اهم مرحله بحياتي بدبل اكتئاب_x<NUM>D_ايوه كذا ياشيخ
احس ابغى ابكي,1,0,0,احس ابغي ابكي,احس ابغي ابكي
لحين ابكي,1,0,0,لحين ابكي,لحين ابكي
كل فترة كدا بتجيلي نوبة اكتئاب ملهاش أي سبب بتخليني انعزل وماردش ع حد وغالباً بتكون يوم ومبتزدش عن ٣ أيام بس المرة دي مطولة,1,0,0,فتره كدا بتجيلي نوبه اكتئاب ملهاش سبب بتخليني انعزل وماردش وغالبا بتكون يوم ومبتزدش ايام المره مطوله,كل فتره كدا بتجيلي نوبه اكتئاب ملهاش اي سبب بتخليني انعزل وماردش ع حد وغالبا بتكون يوم ومبتزدش عن <NUM> ايام بس المره دي مطوله
من أحسن الحاجات إلي الواحد يقدمها لنفسه الفتره دي إنّه يتعود ع الحياه لوحده يعيش لوحده يخرج لو,1,0,0,احسن الحاجات الي الواحد يقدمها لنفسه الفتره انه يتعود الحياه لوحده يعيش لوحده يخرج,من احسن الحاجات الي الواحد يقدمها لنفسه الفتره دي انه يتعود ع الحياه لوحده يعيش لوحده يخرج لو
تضايق لما تشوف كل الي بعمرك مستانسين وعايشين حياتهم وانت واقع بعمق الأكتئاب ومجبور تجامل كل شيء انك بخير وانت ابداً عكس الجواب هذا,1,0,0,تضايق لما تشوف الي بعمرك مستانسين وعايشين حياتهم وانت واقع بعمق الاكتئاب ومجبور تجامل شيء انك بخير وانت ابدا عكس الجواب,تضايق لما تشوف كل الي بعمرك مستانسين وعايشين حياتهم وانت واقع بعمق الاكتئاب ومجبور تجامل كل شيء انك بخير وانت ابدا عكس الجواب هذا
كل الاكتئاب دا وباخد بروزاك احا,1,0,0,الاكتئاب وباخد بروزاك احا,كل الاكتئاب دا وباخد بروزاك احا
احاول اخف التوتر عشان م تجيني نوبة هلع غبيه لمرة الرابعة هذا الاسبوع,1,0,0,احاول اخف التوتر عشان تجيني نوبه هلع غبيه لمره الرابعه الاسبوع,احاول اخف التوتر عشان م تجيني نوبه هلع غبيه لمره الرابعه هذا الاسبوع
اخ واله حزن خصوصا ريمي وبائعة الكبريت اخ بس,1,0,0,واله حزن خصوصا ريمي وبائعه الكبريت,اخ واله حزن خصوصا ريمي وبائعه الكبريت اخ بس
ايوا انتي الي جبتيلى اكتئاب 🙂😂,1,0,0,ايوا انتي الي جبتيلي اكتئاب,ايوا انتي الي جبتيلي اكتئاب 🙂😂
كفاية إعلانات كومباوندات بقى جبتولنا إكتئاب,1,0,0,كفايه اعلانات كومباوندات بقي جبتولنا اكتئاب,كفايه اعلانات كومباوندات بقي جبتولنا اكتئاب
أحتاج عُزله,1,0,0,احتاج عزله,احتاج عزله
عندي دلوقتي طاقه عياط و اكتئاب رهيبه,1,0,0,عندي دلوقتي طاقه عياط اكتئاب رهيبه,عندي دلوقتي طاقه عياط و اكتئاب رهيبه
كآبه وضيقه وكل شيء خايس بالحياة,1,0,0,كابه وضيقه وكل شيء خايس بالحياه,كابه وضيقه وكل شيء خايس بالحياه
أبكي,1,0,0,ابكي,ابكي
كُل يومٍ ابكي ولم يبرد هذا الفؤاد,1,0,0,يوم ابكي ولم يبرد الفؤاد,كل يوم ابكي ولم يبرد هذا الفؤاد
عارف اما تحس ان حظك معدوم اسمك مشطوب من الحياه فتبقى عايز تلعن اليوم اللي اتولدت فيه,1,0,0,عارف اما تحس حظك معدوم اسمك مشطوب الحياه فتبقي عايز تلعن اليوم اللي اتولدت فيه,عارف اما تحس ان حظك معدوم اسمك مشطوب من الحياه فتبقي عايز تلعن اليوم اللي اتولدت فيه
اعترف كل نوبه هلع تمر علي جزء مني يفرح اني راح اموت,1,0,0,اعترف نوبه هلع تمر علي جزء مني يفرح اني راح اموت,اعترف كل نوبه هلع تمر علي جزء مني يفرح اني راح اموت
اليوم مكتئب فرحوني بليز,1,0,0,اليوم مكتئب فرحوني بليز,اليوم مكتئب فرحوني بليز
عقلي افري داي يا فاشل يا مكتئب يا موكوس,1,0,0,عقلي افري داي فاشل مكتئب موكوس,عقلي افري داي يا فاشل يا مكتئب يا موكوس
كأبه و وحده قاتله😣,1,0,0,كابه وحده قاتله😣,كابه و وحده قاتله😣
دايمًا بداية كل صيف خصيصًا هالوقت يحوشني اكتئاب لأسباب مجهوله ويطول شوي ف نسأل اله الصبر وان يعديها باسرع وقت,1,0,0,دايما بدايه صيف خصيصا هالوقت يحوشني اكتئاب لاسباب مجهوله ويطول شوي نسال اله الصبر وان يعديها باسرع وقت,دايما بدايه كل صيف خصيصا هالوقت يحوشني اكتئاب لاسباب مجهوله ويطول شوي ف نسال اله الصبر وان يعديها باسرع وقت
ما دا يا توحد يا اكتئاب أيهما اقرب,1,1,0,توحد اكتئاب ايهما اقرب,ما دا يا توحد يا اكتئاب ايهما اقرب
اعاني من اضطراب نفسي شديد,1,0,0,اعاني اضطراب نفسي شديد,اعاني من اضطراب نفسي شديد
وين تاي انا مكتئب,1,0,0,وين تاي انا مكتئب,وين تاي انا مكتئب
التصالح مع الذات هو القدرة على الاعتراف بالأخطاء وتقبُّلها بإيجابية ودون أيِّ خوفٍ أو توترٍ أو قلقٍ أو خجلٍ منها,1,0,0,التصالح الذات القدره علي الاعتراف بالاخطاء وتقبلها بايجابيه ودون خوف توتر قلق خجل منها,التصالح مع الذات هو القدره علي الاعتراف بالاخطاء وتقبلها بايجابيه ودون اي خوف او توتر او قلق او خجل منها
قريت اكثر عن الرهاب الاجتماعي وطلع صدق عندي,1,0,0,قريت اكثر الرهاب الاجتماعي وطلع صدق عندي,قريت اكثر عن الرهاب الاجتماعي وطلع صدق عندي
عارف لما نفسك ترتاح مش اكتر وانت عارف انك عمرك ما هترتاح فى الدنيا لانك جربت كل حاجه علشان ترتاح ومفيش فايدة,1,1,0,عارف لما نفسك ترتاح اكتر وانت عارف انك عمرك هترتاح الدنيا لانك جربت حاجه علشان ترتاح ومفيش فايده,عارف لما نفسك ترتاح مش اكتر وانت عارف انك عمرك ما هترتاح في الدنيا لانك جربت كل حاجه علشان ترتاح ومفيش فايده
لمن م اقدر اكمل المسلسل من التفكير واضطر اوقفه اعرف ان فيه موجة اكتئاب قادمة لا مفر ولا مهرب منها,1,1,0,لمن اقدر اكمل المسلسل التفكير واضطر اوقفه اعرف فيه موجه اكتئاب قادمه مفر ولا مهرب منها,لمن م اقدر اكمل المسلسل من التفكير واضطر اوقفه اعرف ان فيه موجه اكتئاب قادمه لا مفر ولا مهرب منها
ابا ابكي تعبت,1,0,0,ابا ابكي تعبت,ابا ابكي تعبت
مافي أسوء من قلة الحيلة تجاه نفسك مش زعلان بس ما عارف كيف تفرح كاره عيوب فيك بس مش عارف تغيرها معترف إنك مكتئب ومش عارف تعمل ايه,1,1,0,مافي اسوء قله الحيله تجاه نفسك زعلان عارف تفرح كاره عيوب فيك عارف تغيرها معترف انك مكتئب ومش عارف تعمل ايه,مافي اسوء من قله الحيله تجاه نفسك مش زعلان بس ما عارف كيف تفرح كاره عيوب فيك بس مش عارف تغيرها معترف انك مكتئب ومش عارف تعمل ايه
"وانا كمان لو مات يماش بنقهر 😭💔 إنما إيفسون واله بيجي لي إكتئاب إكتئاب _x000D_
لكن أظن ما بيموت حد فيهم بيموت أكين وسلطان",1,1,0,وانا كمان مات يماش بنقهر انما ايفسون واله بيجي اكتئاب اكتئاب اظن بيموت فيهم بيموت اكين وسلطان,وانا كمان لو مات يماش بنقهر 😭💔 انما ايفسون واله بيجي لي اكتئاب اكتئاب _x<NUM>D_لكن اظن ما بيموت حد فيهم بيموت اكين وسلطان
سونقتين طلعوا لي بالتل💔 دكتور مو ناقصه اكتئاب قبل ما انام,1,1,0,سونقتين طلعوا بالتل💔 دكتور ناقصه اكتئاب انام,سونقتين طلعوا لي بالتل💔 دكتور مو ناقصه اكتئاب قبل ما انام
محدش حاسس بيا,1,0,0,محدش حاسس بيا,محدش حاسس بيا
انا عندي كميات سكرينات لماتشات في نفس اليوم ليهم تجيب اكتئاب لاخر العمر 😂,1,0,0,انا عندي كميات سكرينات لماتشات نفس اليوم ليهم تجيب اكتئاب لاخر العمر,انا عندي كميات سكرينات لماتشات في نفس اليوم ليهم تجيب اكتئاب لاخر العمر 😂
الانتحار أفضل وسيلة😂,1,0,0,الانتحار افضل وسيله😂,الانتحار افضل وسيله😂
كنت أبكي على أشياء صغيرة كنت بلا هم ولا أكتئاب كانت الأوقات اوقات جميلة إلى ان مات أبوي أصبحت من ينامون في أحضان,1,0,0,كنت ابكي علي اشياء صغيره كنت بلا ولا اكتئاب الاوقات اوقات جميله الي مات ابوي اصبحت ينامون احضان,كنت ابكي علي اشياء صغيره كنت بلا هم ولا اكتئاب كانت الاوقات اوقات جميله الي ان مات ابوي اصبحت من ينامون في احضان
"بس انت مش باين عليك انك مكتئب _x000D_
انا أسف هخرج المره الجايه بحبل مشنقه حوالين رقبتي ✌️",1,0,0,انت باين عليك انك مكتئب انا اسف هخرج المره الجايه بحبل مشنقه حوالين رقبتي,بس انت مش باين عليك انك مكتئب _x<NUM>D_انا اسف هخرج المره الجايه بحبل مشنقه حوالين رقبتي ✌️
نوم يجيب الهم لو نمت الحين صحيت ٨ الصباح وش هالنوم الا يجيب اكتئاب,1,0,0,نوم يجيب الهم نمت الحين صحيت الصباح هالنوم الا يجيب اكتئاب,نوم يجيب الهم لو نمت الحين صحيت <NUM> الصباح وش هالنوم الا يجيب اكتئاب
عايز انتحر باي شكل من الاشكال,1,0,0,عايز انتحر باي شكل الاشكال,عايز انتحر باي شكل من الاشكال
حرفيًا مو قادره احب ولا شي بالحياة تعبت من التفكير في الانتحار كل مره محاولاتي تفشل ليش الحياة تبغاني هالكثر,1,0,0,حرفيا قادره احب ولا بالحياه تعبت التفكير الانتحار مره محاولاتي تفشل ليش الحياه تبغاني هالكثر,حرفيا مو قادره احب ولا شي بالحياه تعبت من التفكير في الانتحار كل مره محاولاتي تفشل ليش الحياه تبغاني هالكثر
بيني وبين الانتحار شعره تكفى ادعيلي لاحول ولا قوة إلا بالله أدعو لها يابشر 😭,1,0,0,بيني وبين الانتحار شعره تكفي ادعيلي لاحول ولا قوه الا بالله ادعو لها يابشر,بيني وبين الانتحار شعره تكفي ادعيلي لاحول ولا قوه الا بالله ادعو لها يابشر 😭
في الفتره الي احتاج فيها عُزله الناس صاروا يجون من كل مكان,1,0,0,الفتره الي احتاج فيها عزله الناس صاروا يجون مكان,في الفتره الي احتاج فيها عزله الناس صاروا يجون من كل مكان
نام مُكتئب ولم يستيقظ أبداً,1,0,1,نام مكتئب ولم يستيقظ ابدا,نام مكتئب ولم يستيقظ ابدا
لا قاعدة ابكي,1,1,0,قاعده ابكي,لا قاعده ابكي
بدي ابكي 😭😂,1,0,0,بدي ابكي,بدي ابكي 😭😂
فيه بوادر اكتئاب كده و يا ساتر استر يارب,1,0,0,فيه بوادر اكتئاب كده ساتر استر يارب,فيه بوادر اكتئاب كده و يا ساتر استر يارب
عجبني اصرارهم بس النهاية جابت لي اكتئاب 😬,1,0,0,عجبني اصرارهم النهايه جابت اكتئاب,عجبني اصرارهم بس النهايه جابت لي اكتئاب 😬
الواحد حزين انه مكتئب علشان مفتقد اساسيات الحياة اصلا مش بيدور علي رفاهية زيادة والله,1,0,0,الواحد حزين انه مكتئب علشان مفتقد اساسيات الحياه اصلا بيدور علي رفاهيه زياده والله,الواحد حزين انه مكتئب علشان مفتقد اساسيات الحياه اصلا مش بيدور علي رفاهيه زياده والله
يسطا انا بتلذ بوجع القلب بحب اعذب نفسي بدور عالحاجات الي تجيب اكتئاب واتفرج عليها 😐,1,0,0,يسطا انا بتلذ بوجع القلب بحب اعذب نفسي بدور عالحاجات الي تجيب اكتئاب واتفرج عليها,يسطا انا بتلذ بوجع القلب بحب اعذب نفسي بدور عالحاجات الي تجيب اكتئاب واتفرج عليها 😐
"📩_x000D_
_x000D_
السلام عليكم_x000D_
اسألكم باله ابي طبيب نفسي متاز بالاسم الحالة حساسة وماراح انساكم من دعواتي سواء بريدة او اي منطقة بالقصيم",1,0,0,السلام عليكم اسالكم باله ابي طبيب نفسي متاز بالاسم الحاله حساسه وماراح انساكم دعواتي سواء بريده منطقه بالقصيم,📩_x<NUM>D__x<NUM>D_السلام عليكم_x<NUM>D_اسالكم باله ابي طبيب نفسي متاز بالاسم الحاله حساسه وماراح انساكم من دعواتي سواء بريده او اي منطقه بالقصيم
أحتاج عُزلة لوحدي فقط,1,0,0,احتاج عزله لوحدي فقط,احتاج عزله لوحدي فقط
ولما تفكر تنزل يا إما انتحار او حادث وكلاهما موت,1,0,0,ولما تفكر تنزل اما انتحار حادث وكلاهما موت,ولما تفكر تنزل يا اما انتحار او حادث وكلاهما موت
أبكي بأسوء شكل,1,0,0,ابكي باسوء شكل,ابكي باسوء شكل
لما بخش فمود اكتئاب او انعزال باخد قرارات صح وناضجه وبتبقي كل تصرفاتي مظبوطه,1,0,0,لما بخش فمود اكتئاب انعزال باخد قرارات وناضجه وبتبقي تصرفاتي مظبوطه,لما بخش فمود اكتئاب او انعزال باخد قرارات صح وناضجه وبتبقي كل تصرفاتي مظبوطه
والله قلق واكتئاب,1,0,0,والله قلق واكتئاب,والله قلق واكتئاب
قلق,1,0,0,قلق,قلق
مو جايب لي اكتئاب الا ذا الحساب,1,0,0,جايب اكتئاب الا الحساب,مو جايب لي اكتئاب الا ذا الحساب
خد عندك اكتئاب وانعزال شهر كدا ع الماشي,1,0,0,عندك اكتئاب وانعزال شهر كدا الماشي,خد عندك اكتئاب وانعزال شهر كدا ع الماشي
واله الواحد مايدري هو انطفاء ولا اكتئاب ولا نضج ولا انعدام شغف ولا تخلف ولا حاله نفسيه ولا هذي شخصيته,1,0,0,واله الواحد مايدري انطفاء ولا اكتئاب ولا نضج ولا انعدام شغف ولا تخلف ولا حاله نفسيه ولا هذي شخصيته,واله الواحد مايدري هو انطفاء ولا اكتئاب ولا نضج ولا انعدام شغف ولا تخلف ولا حاله نفسيه ولا هذي شخصيته
"اعتزلت اهلي و اصحابي_x000D_
_x000D_
قبل المرض كنت احب الجمعات و التجمعات و الضحك و الوناسة_x000D_
_x000D_
و لكن مع الاكتئاب لاسف كل ذلك مات في",1,0,0,اعتزلت اهلي اصحابي المرض كنت احب الجمعات التجمعات الضحك الوناسه الاكتئاب لاسف مات,اعتزلت اهلي و اصحابي_x<NUM>D__x<NUM>D_قبل المرض كنت احب الجمعات و التجمعات و الضحك و الوناسه_x<NUM>D__x<NUM>D_و لكن مع الاكتئاب لاسف كل ذلك مات في
لم تكن أول مرةٍ أبكي فيها ولكنني بكيت بشكل مفرط ولم أستطع التوقف بدت دموعي كأنها لا تنتهي شعرتُ أنني فقدتُ شيئاً  ,1,1,0,تكن اول مره ابكي فيها ولكنني بكيت بشكل مفرط ولم استطع التوقف بدت دموعي كانها تنتهي شعرت انني فقدت شيئا,لم تكن اول مره ابكي فيها ولكنني بكيت بشكل مفرط ولم استطع التوقف بدت دموعي كانها لا تنتهي شعرت انني فقدت شيئا
قاعده انهم بداية اكتئاب جديد,1,0,0,قاعده انهم بدايه اكتئاب جديد,قاعده انهم بدايه اكتئاب جديد
"١٠١٤ صباحاً _x000D_
اكتئاب نفسي 🙂",1,0,0,١٠١٤ صباحا اكتئاب نفسي,<NUM><NUM><NUM><NUM> صباحا _x<NUM>D_اكتئاب نفسي 🙂
بدخل اكتئاب لو ماشفت بث بيكهيون بيجيني تانيب ضمير بس برضو لو مانمت بيجيني ضيقة لان ماحب افوت موعد نومي وش هالخياس ساعدوني 😭,1,0,0,بدخل اكتئاب ماشفت بيكهيون بيجيني تانيب ضمير برضو مانمت بيجيني ضيقه لان ماحب افوت موعد نومي هالخياس ساعدوني,بدخل اكتئاب لو ماشفت بث بيكهيون بيجيني تانيب ضمير بس برضو لو مانمت بيجيني ضيقه لان ماحب افوت موعد نومي وش هالخياس ساعدوني 😭
انا أيد شيلة الحظر✋واله ملينا حاشنا اكتئاب,1,0,0,انا ايد شيله الحظر✋واله ملينا حاشنا اكتئاب,انا ايد شيله الحظر✋واله ملينا حاشنا اكتئاب
وربي ما اتخيل نفسي بدون اخويا تعبت نفسيًا وانا اشوفه مكتئب وماني قادر اسوي,1,1,0,وربي اتخيل نفسي بدون اخويا تعبت نفسيا وانا اشوفه مكتئب وماني قادر اسوي,وربي ما اتخيل نفسي بدون اخويا تعبت نفسيا وانا اشوفه مكتئب وماني قادر اسوي
ابكي على حالي,1,0,0,ابكي علي حالي,ابكي علي حالي
واله حاشنا اكتئاب أستغفر اله,1,0,0,واله حاشنا اكتئاب استغفر اله,واله حاشنا اكتئاب استغفر اله
جد متعه خواتي كلهم بعيد واذا اجتمعوا البيت يصير مزعج ٢٤ ساعه 🥲وبعدها يروحون ويصير موحش ويجيني اكتئاب وابكي وعلى هالحال,1,0,0,متعه خواتي كلهم بعيد واذا اجتمعوا البيت يصير مزعج ساعه 🥲وبعدها يروحون ويصير موحش ويجيني اكتئاب وابكي وعلي هالحال,جد متعه خواتي كلهم بعيد واذا اجتمعوا البيت يصير مزعج <NUM><NUM> ساعه 🥲وبعدها يروحون ويصير موحش ويجيني اكتئاب وابكي وعلي هالحال
التعب النفسي مؤذي جداحاولوا لو لقيتوا حد داخل ف اكتئاب حاولوا تكونوا جمبه تخف عنه حتي لو هو رافض دا,1,0,0,التعب النفسي مؤذي جداحاولوا لقيتوا داخل اكتئاب حاولوا تكونوا جمبه تخف عنه حتي رافض,التعب النفسي مؤذي جداحاولوا لو لقيتوا حد داخل ف اكتئاب حاولوا تكونوا جمبه تخف عنه حتي لو هو رافض دا
مسلسلات رمضان الى متابعها كلها جبتلى اكتئاب وحزن انا ارجع لمسلسلاتى التركى واستاذه ديميت فريش وفرافيش والحفره الكا,1,0,0,مسلسلات رمضان الي متابعها كلها جبتلي اكتئاب وحزن انا ارجع لمسلسلاتي التركي واستاذه ديميت فريش وفرافيش والحفره الكا,مسلسلات رمضان الي متابعها كلها جبتلي اكتئاب وحزن انا ارجع لمسلسلاتي التركي واستاذه ديميت فريش وفرافيش والحفره الكا
اشك اني مريضة ودوني طبيب نفسي,1,0,0,اشك اني مريضه ودوني طبيب نفسي,اشك اني مريضه ودوني طبيب نفسي
تعبان متضايق مقهور مكتئب النوم هو الوحيد يحل كل شي ء,1,0,0,تعبان متضايق مقهور مكتئب النوم الوحيد يحل,تعبان متضايق مقهور مكتئب النوم هو الوحيد يحل كل شي ء
"اكتئاب حاد شديد الخطورة من الفلم احتاج ابكي شوي وافضفض الي فيني _x000D_
اسطوري بشكل محزن الحماس الباكي",1,0,0,اكتئاب حاد شديد الخطوره الفلم احتاج ابكي شوي وافضفض الي فيني اسطوري بشكل محزن الحماس الباكي,اكتئاب حاد شديد الخطوره من الفلم احتاج ابكي شوي وافضفض الي فيني _x<NUM>D_اسطوري بشكل محزن الحماس الباكي
لا شيء يُذكر سِوى نوبات الهلع,1,1,0,شيء يذكر سوي نوبات الهلع,لا شيء يذكر سوي نوبات الهلع
كنت أعيش لحظات إكتئاب وربي نسيتك احلى لحظاتي لما أكون معاك,1,0,0,كنت اعيش لحظات اكتئاب وربي نسيتك احلي لحظاتي لما اكون معاك,كنت اعيش لحظات اكتئاب وربي نسيتك احلي لحظاتي لما اكون معاك
طبعاً حيواني الاليف لانهم مضادات اكتئاب اما العريس مسببلي لاكتئاب 😂,1,0,0,طبعا حيواني الاليف لانهم مضادات اكتئاب اما العريس مسببلي لاكتئاب,طبعا حيواني الاليف لانهم مضادات اكتئاب اما العريس مسببلي لاكتئاب 😂
لازم تشوف ايش الشي الي مسب لك اكتئاب لازم تواجه مشكلتك الداخليه طمن نفسك من داخل انو مافيه شي دام ا,1,0,0,لازم تشوف ايش الشي الي مسب اكتئاب لازم تواجه مشكلتك الداخليه طمن نفسك داخل انو مافيه دام,لازم تشوف ايش الشي الي مسب لك اكتئاب لازم تواجه مشكلتك الداخليه طمن نفسك من داخل انو مافيه شي دام ا
"يقتلني الندم كلما تذكرت كلمات قلتها لشخص لا يستحق_x000D_
حزن اقتباسات",1,1,0,يقتلني الندم كلما تذكرت كلمات قلتها لشخص يستحق حزن اقتباسات,يقتلني الندم كلما تذكرت كلمات قلتها لشخص لا يستحق_x<NUM>D_حزن اقتباسات
هو ازاي المواطن المطحون ده كان بيتقدم في قص اطفال بجد انا بحبه اه وكل حاجة بس كانت حياته بؤس اوي دي قص تجيب اكتئ,1,0,0,ازاي المواطن المطحون بيتقدم اطفال بجد انا بحبه وكل حاجه حياته بؤس اوي تجيب اكتئ,هو ازاي المواطن المطحون ده كان بيتقدم في قص اطفال بجد انا بحبه اه وكل حاجه بس كانت حياته بؤس اوي دي قص تجيب اكتئ
لم أعرف يوماً حُزناً أكبر من حزن موت امي الذي جعل في قلبي ثقبًا يزدادُ بحنيني وشوقي موتِها الذي علّمني أن الحياة تم,1,1,0,اعرف يوما حزنا اكبر حزن موت امي الذي جعل قلبي ثقبا يزداد بحنيني وشوقي موتها الذي علمني الحياه,لم اعرف يوما حزنا اكبر من حزن موت امي الذي جعل في قلبي ثقبا يزداد بحنيني وشوقي موتها الذي علمني ان الحياه تم
اضطراب ثنائي القطب ثنائي القطب ليس من السهل التظاهر باني بخير لذلك اسال اله ان يعيني ويعين كل مصاب نفسي,1,1,0,اضطراب ثنائي القطب ثنائي القطب ليس السهل التظاهر باني بخير اسال اله يعيني ويعين مصاب نفسي,اضطراب ثنائي القطب ثنائي القطب ليس من السهل التظاهر باني بخير لذلك اسال اله ان يعيني ويعين كل مصاب نفسي
"ودي أخفي حزن وجهي وقلبي ماقوى_x000D_
بين جرحٍ مايعالج وعينٍ شاقيه",1,0,0,ودي اخفي حزن وجهي وقلبي ماقوي جرح مايعالج وعين شاقيه,ودي اخفي حزن وجهي وقلبي ماقوي_x<NUM>D_بين جرح مايعالج وعين شاقيه
"إياك أن تنبهر بكل ما تراه_x000D_
فبعض الماء سراب_x000D_
و بعض الأصدقاء خراب_x000D_
و بعض الأقارب أغراب_x000D_
و بعض البعيدون أحباب_x000D_
و بعض الفرح",1,1,0,اياك تنبهر بكل تراه فبعض الماء سراب بعض الاصدقاء خراب بعض الاقارب اغراب بعض البعيدون احباب بعض الفرح,اياك ان تنبهر بكل ما تراه_x<NUM>D_فبعض الماء سراب_x<NUM>D_و بعض الاصدقاء خراب_x<NUM>D_و بعض الاقارب اغراب_x<NUM>D_و بعض البعيدون احباب_x<NUM>D_و بعض الفرح
الفراغ العاطفي دي حاجة خطيرة لما الانسان يجيه دا الاحساس يتحول الى وحش مكروه مليان اكتئاب وحزن ,1,0,0,الفراغ العاطفي حاجه خطيره لما الانسان يجيه الاحساس يتحول الي وحش مكروه مليان اكتئاب وحزن,الفراغ العاطفي دي حاجه خطيره لما الانسان يجيه دا الاحساس يتحول الي وحش مكروه مليان اكتئاب وحزن
لما توصل من التعب إن ودّك تعالج عند طبيب نفسي وبالحقيقة كل الي تحتاجه شخص يسمعك بإهتمام,1,0,0,لما توصل التعب ودك تعالج طبيب نفسي وبالحقيقه الي تحتاجه شخص يسمعك باهتمام,لما توصل من التعب ان ودك تعالج عند طبيب نفسي وبالحقيقه كل الي تحتاجه شخص يسمعك باهتمام
والله لو مو الانتحار حرام الواحد يحط طلقة براسه ويخلص,1,0,0,والله الانتحار حرام الواحد يحط طلقه براسه ويخلص,والله لو مو الانتحار حرام الواحد يحط طلقه براسه ويخلص
شكلو اكتئاب ما بعد الدراسة,1,1,0,شكلو اكتئاب الدراسه,شكلو اكتئاب ما بعد الدراسه
لي ساعه ابكي,1,0,0,ساعه ابكي,لي ساعه ابكي
انا كلها اكلتني حزن,1,0,0,انا كلها اكلتني حزن,انا كلها اكلتني حزن
نوبات قلق وغضب وهلع واضطرابات نوم =لمياء,1,0,0,نوبات قلق وغضب وهلع واضطرابات نوم لمياء,نوبات قلق وغضب وهلع واضطرابات نوم =لمياء
"الحياة صعبانة علي من غير اكتئاب التويتر _x000D_
وزي ما حكوا الزملاء اله يعدي هالشهر على خير يارب",1,1,0,الحياه صعبانه علي غير اكتئاب التويتر وزي حكوا الزملاء اله يعدي هالشهر علي خير يارب,الحياه صعبانه علي من غير اكتئاب التويتر _x<NUM>D_وزي ما حكوا الزملاء اله يعدي هالشهر علي خير يارب
بتيجي تحاول تخرج من الاكتئاب والتعب الي انت فيه تلاقي مليون حاجه حواليك تحصل تدخلك فيه أكتر,1,0,0,بتيجي تحاول تخرج الاكتئاب والتعب الي انت فيه تلاقي مليون حاجه حواليك تحصل تدخلك فيه اكتر,بتيجي تحاول تخرج من الاكتئاب والتعب الي انت فيه تلاقي مليون حاجه حواليك تحصل تدخلك فيه اكتر
استغفر اله اذا مابغيتي السوق حطوك معقده وعندك اكتئاب ورهاب اجتماعي وتوحد 😭😂,1,0,0,استغفر اله اذا مابغيتي السوق حطوك معقده وعندك اكتئاب ورهاب اجتماعي وتوحد,استغفر اله اذا مابغيتي السوق حطوك معقده وعندك اكتئاب ورهاب اجتماعي وتوحد 😭😂
ده لسه فيه حزن في الأخر,1,0,0,لسه فيه حزن الاخر,ده لسه فيه حزن في الاخر
ولايهد حيلك مثل حزن شخص هو كل شيء بالنسبة لك يارب امسح على قلبها💔,1,0,0,ولايهد حيلك مثل حزن شخص شيء بالنسبه يارب امسح علي قلبها💔,ولايهد حيلك مثل حزن شخص هو كل شيء بالنسبه لك يارب امسح علي قلبها💔
انا مكتئب,1,0,0,انا مكتئب,انا مكتئب
طبعا اكتشفت ان عندي رهاب اجتماعي بشكل مو طبيعي لدرجه لما قابلت خالتي جتني الحاله اهربوا,1,0,0,طبعا اكتشفت عندي رهاب اجتماعي بشكل طبيعي لدرجه لما قابلت خالتي جتني الحاله اهربوا,طبعا اكتشفت ان عندي رهاب اجتماعي بشكل مو طبيعي لدرجه لما قابلت خالتي جتني الحاله اهربوا
تحس فيه غيمة كآبة مضلة على الكل فيه حاجه ناقصة ومحدش ليه نِفس لأى حاجه 💔,1,0,0,تحس فيه غيمه كابه مضله علي الكل فيه حاجه ناقصه ومحدش ليه نفس لاي حاجه,تحس فيه غيمه كابه مضله علي الكل فيه حاجه ناقصه ومحدش ليه نفس لاي حاجه 💔
تعبت نفسياً صدق مو قادرة اتحمل نفسي ومشاعري احتاج طبيب نفسي,1,0,0,تعبت نفسيا صدق قادره اتحمل نفسي ومشاعري احتاج طبيب نفسي,تعبت نفسيا صدق مو قادره اتحمل نفسي ومشاعري احتاج طبيب نفسي
احس اني داخله مرحلة اكتئاب مافي شي يسعدني ولايعجبني ولا يبهرني حاسه مل من كل شي مابي اخرج من البيت ماحب الناس ولا,1,0,0,احس اني داخله مرحله اكتئاب مافي يسعدني ولايعجبني ولا يبهرني حاسه مابي اخرج البيت ماحب الناس ولا,احس اني داخله مرحله اكتئاب مافي شي يسعدني ولايعجبني ولا يبهرني حاسه مل من كل شي مابي اخرج من البيت ماحب الناس ولا
ابيع كآبه,1,0,0,ابيع كابه,ابيع كابه
واله الواحد ماعاد يدري هو اكتئاب ولا انطفاء ولا نضج ولا انعدام الشغف ولا تخلف ولا حاله نفسيه ولا هذي شخصيته,1,0,0,واله الواحد ماعاد يدري اكتئاب ولا انطفاء ولا نضج ولا انعدام الشغف ولا تخلف ولا حاله نفسيه ولا هذي شخصيته,واله الواحد ماعاد يدري هو اكتئاب ولا انطفاء ولا نضج ولا انعدام الشغف ولا تخلف ولا حاله نفسيه ولا هذي شخصيته
جاني اكتئاب من البروفايل بس مو راضيه تغير الصوره 😭,1,0,0,جاني اكتئاب البروفايل راضيه تغير الصوره,جاني اكتئاب من البروفايل بس مو راضيه تغير الصوره 😭
الليله انا حزين و ذابح قلبي الضيق,1,0,0,الليله انا حزين ذابح قلبي الضيق,الليله انا حزين و ذابح قلبي الضيق
رسميًا نومي اختبص ودخلنا في مرحلة اكتئاب النوم,1,0,0,رسميا نومي اختبص ودخلنا مرحله اكتئاب النوم,رسميا نومي اختبص ودخلنا في مرحله اكتئاب النوم
واله بطلنا عارفين اذا هو اكتئاب او انطفاء او نضج او وحدة ام انه,1,0,0,واله بطلنا عارفين اذا اكتئاب انطفاء نضج وحده انه,واله بطلنا عارفين اذا هو اكتئاب او انطفاء او نضج او وحده ام انه
شعار المرحلة البحث عن طرق انتحار أقل إيلامًا,1,0,0,شعار المرحله البحث طرق انتحار اقل ايلاما,شعار المرحله البحث عن طرق انتحار اقل ايلاما
واله منا عارف هو إكتفاء ذاتي ولا اكتئاب حاد ولا استراحة محارب,1,0,0,واله منا عارف اكتفاء ذاتي ولا اكتئاب حاد ولا استراحه محارب,واله منا عارف هو اكتفاء ذاتي ولا اكتئاب حاد ولا استراحه محارب
تجيب اكتئاب غيرها,1,0,0,تجيب اكتئاب غيرها,تجيب اكتئاب غيرها
الضياع الي انا فيه حاليا مدخلني بحالة هلع صامتة مش طبيعية و خوف ,1,0,0,الضياع الي انا فيه حاليا مدخلني بحاله هلع صامته طبيعيه خوف,الضياع الي انا فيه حاليا مدخلني بحاله هلع صامته مش طبيعيه و خوف
يارب اي هدف اكمل عشانه حياتي غير ان الانتحار حرام,1,1,0,يارب هدف اكمل عشانه حياتي غير الانتحار حرام,يارب اي هدف اكمل عشانه حياتي غير ان الانتحار حرام
قلبّي يؤلمني هذا فقط ما اشعر بِه,1,1,0,قلبي يؤلمني فقط اشعر,قلبي يؤلمني هذا فقط ما اشعر به
هموم مشاكل ضغوطات نفسية اكتئاب هوشات صراعات داخليه,1,0,0,هموم مشاكل ضغوطات نفسيه اكتئاب هوشات صراعات داخليه,هموم مشاكل ضغوطات نفسيه اكتئاب هوشات صراعات داخليه
بتدخلين تكلمين معي انا وحدة عندي رهاب من مجتمع تويتر من الآخر يعني,1,0,0,بتدخلين تكلمين معي انا وحده عندي رهاب مجتمع تويتر الاخر يعني,بتدخلين تكلمين معي انا وحده عندي رهاب من مجتمع تويتر من الاخر يعني
لا أشعر بشيء جديد سوى الخذلان الاكتئاب أصبح رفيقًا لي في كل أيام الأسبوع السبعة أتصالح معه أحيانًا ,1,1,0,اشعر بشيء جديد سوي الخذلان الاكتئاب اصبح رفيقا ايام الاسبوع السبعه اتصالح معه احيانا,لا اشعر بشيء جديد سوي الخذلان الاكتئاب اصبح رفيقا لي في كل ايام الاسبوع السبعه اتصالح معه احيانا
ماصرت اعرف ذا اكتئاب ولا خمول ولا إنعدام شغف ولا ملل ولا,1,0,0,ماصرت اعرف اكتئاب ولا خمول ولا انعدام شغف ولا ملل ولا,ماصرت اعرف ذا اكتئاب ولا خمول ولا انعدام شغف ولا ملل ولا
"انا مُرهق جسد يارب انا من طين_x000D_
أنا كعبه حزن فيها الحزين يطوف",1,0,0,انا مرهق جسد يارب انا طين انا كعبه حزن فيها الحزين يطوف,انا مرهق جسد يارب انا من طين_x<NUM>D_انا كعبه حزن فيها الحزين يطوف
امراض نفسية اعاني منها ، لايعلم عنها عائلتي الوحدة ، الارق ، البكاء بدون سبب ، التفكير الزائد ، اضطرابات نفسية,1,1,0,امراض نفسيه اعاني منها لايعلم عنها عائلتي الوحده الارق البكاء بدون سبب التفكير الزائد اضطرابات نفسيه,امراض نفسيه اعاني منها ، لايعلم عنها عائلتي الوحده ، الارق ، البكاء بدون سبب ، التفكير الزائد ، اضطرابات نفسيه
"ها أن وحدي و الحزن يقطعني_x000D_
 لا انت تدري ماذا جرى لي_x000D_
و ابكي على جميع اخطائي",1,1,0,وحدي الحزن يقطعني انت تدري ماذا جري ابكي علي جميع اخطائي,ها ان وحدي و الحزن يقطعني_x<NUM>D_ لا انت تدري ماذا جري لي_x<NUM>D_و ابكي علي جميع اخطائي
نصلي لك نرجوك نتوّسل إليك أعد لنا السلام والطمأنينة وخذ القلق كله قلق اليل وقلق النهار,1,0,0,نصلي نرجوك نتوسل اليك اعد لنا السلام والطمانينه وخذ القلق كله قلق اليل وقلق النهار,نصلي لك نرجوك نتوسل اليك اعد لنا السلام والطمانينه وخذ القلق كله قلق اليل وقلق النهار
حاله اكتئاب 😢↗️↗️↗️↗️,1,0,0,حاله اكتئاب 😢↗️↗️↗️↗️,حاله اكتئاب 😢↗️↗️↗️↗️
فتره مُؤلمه جدًا وقاسيه ، لااعلم ما سبب تلِك الضيقه التي تاتيني دومًا والحُزن الذي سكن قلبي ،لكنّي اشعُر بألم قلبِي يتكرر كُل يوم,1,1,0,فتره مؤلمه جدا وقاسيه لااعلم سبب الضيقه التي تاتيني دوما والحزن الذي سكن قلبي ،لكني اشعر بالم قلبي يتكرر يوم,فتره مؤلمه جدا وقاسيه ، لااعلم ما سبب تلك الضيقه التي تاتيني دوما والحزن الذي سكن قلبي ،لكني اشعر بالم قلبي يتكرر كل يوم
وقت الكئابه مره اكتئاب ابي مجله جيمين هذي طيب,1,0,0,وقت الكئابه مره اكتئاب ابي مجله جيمين هذي طيب,وقت الكئابه مره اكتئاب ابي مجله جيمين هذي طيب
يلعنم القرف جاني إكتئاب,1,0,0,يلعنم القرف جاني اكتئاب,يلعنم القرف جاني اكتئاب
مكتئب أنا😞,1,0,0,مكتئب انا😞,مكتئب انا😞
"دكتور انا استخدم دواء لوسترال جرعة 50 ملغم ثلاث حبات باليوم _x000D_
_x000D_
واستخدم بعد دواء أدازيو حبة قبل النوم",1,0,0,دكتور انا استخدم دواء لوسترال جرعه ملغم ثلاث حبات باليوم واستخدم دواء ادازيو حبه النوم,دكتور انا استخدم دواء لوسترال جرعه <NUM> ملغم ثلاث حبات باليوم _x<NUM>D__x<NUM>D_واستخدم بعد دواء ادازيو حبه قبل النوم
ابكي ابكي,1,0,0,ابكي ابكي,ابكي ابكي
حياة تعيسه,1,0,0,حياه تعيسه,حياه تعيسه
أنا لست مكتئب فقط أريد أن انعزل عن مرضى النفوس,1,0,0,انا لست مكتئب فقط اريد انعزل مرضي النفوس,انا لست مكتئب فقط اريد ان انعزل عن مرضي النفوس
من كتر ما بشوف علاقات حب فاشلة وسيئة جداً و نتيجتها تخوّف قرت إني أعنّس حرفياً صار عندي رهاب مش طبيعي,1,1,1,كتر بشوف علاقات فاشله وسيئه جدا نتيجتها تخوف قرت اني اعنس حرفيا صار عندي رهاب طبيعي,من كتر ما بشوف علاقات حب فاشله وسيئه جدا و نتيجتها تخوف قرت اني اعنس حرفيا صار عندي رهاب مش طبيعي
وربي لو الانتحار حلال لانتحر 💔,1,0,0,وربي الانتحار حلال لانتحر,وربي لو الانتحار حلال لانتحر 💔
لو كان الانتحار حلال كان انتحرت,1,0,0,الانتحار حلال انتحرت,لو كان الانتحار حلال كان انتحرت
وبعدين ابكي من خفقان قلبي😽,1,0,0,وبعدين ابكي خفقان قلبي😽,وبعدين ابكي من خفقان قلبي😽
دخلت ف مود كأبه بتاعى شويه,1,0,0,دخلت مود كابه بتاعي شويه,دخلت ف مود كابه بتاعي شويه
شعور حلو يكون لك حساب تكلم فيه ما عندك احد يقول جبت لنا اكتئاب من كلامك,1,1,0,شعور حلو حساب تكلم فيه عندك احد يقول جبت لنا اكتئاب كلامك,شعور حلو يكون لك حساب تكلم فيه ما عندك احد يقول جبت لنا اكتئاب من كلامك
"بحس كل مرحلة الها اكتئاب مختلف _x000D_
التنويع حلو برضو 🤧",1,0,0,بحس مرحله الها اكتئاب مختلف التنويع حلو برضو,بحس كل مرحله الها اكتئاب مختلف _x<NUM>D_التنويع حلو برضو 🤧
بسم اله وندخل مود اكتئاب اخر اختبار,1,0,0,بسم اله وندخل مود اكتئاب اخر اختبار,بسم اله وندخل مود اكتئاب اخر اختبار
اعوذ بالله من كأبة رمضان هذا 💔,1,0,0,اعوذ بالله كابه رمضان,اعوذ بالله من كابه رمضان هذا 💔
"نفسيتي _x000D_
_x000D_
أسف جدًا لأني لم أكون بخير كما عاهدتُك _x000D_
أسف جدًا لأني لم أكون أستطيع أن أكون أنا _x000D_
لا أبكِيَ شوقاً",1,1,0,نفسيتي اسف جدا لاني اكون بخير عاهدتك اسف جدا لاني اكون استطيع اكون انا ابكي شوقا,نفسيتي _x<NUM>D__x<NUM>D_اسف جدا لاني لم اكون بخير كما عاهدتك _x<NUM>D_اسف جدا لاني لم اكون استطيع ان اكون انا _x<NUM>D_لا ابكي شوقا
فكرة الانتحار رجعت لي واحس اني قاعدة اختنق,1,0,0,فكره الانتحار رجعت واحس اني قاعده اختنق,فكره الانتحار رجعت لي واحس اني قاعده اختنق
مسكين مكتئب من الحين,1,0,0,مسكين مكتئب الحين,مسكين مكتئب من الحين
هو في اكتئاب جاي ولا ايه,1,0,0,اكتئاب جاي ولا ايه,هو في اكتئاب جاي ولا ايه
أبكي على نفسي كثير مع الاسف,1,0,0,ابكي علي نفسي كثير الاسف,ابكي علي نفسي كثير مع الاسف
شخصياته هذي هي الي راح تموتني لأنها تجيب لي قلق,1,0,0,شخصياته هذي الي راح تموتني لانها تجيب قلق,شخصياته هذي هي الي راح تموتني لانها تجيب لي قلق
كنت خايفه من تعب الاكتئاب يرجع لي و اقعد اداري بنفسي لين ما جاتني كورونا رجعت تعبت,1,1,0,كنت خايفه تعب الاكتئاب يرجع اقعد اداري بنفسي لين جاتني كورونا رجعت تعبت,كنت خايفه من تعب الاكتئاب يرجع لي و اقعد اداري بنفسي لين ما جاتني كورونا رجعت تعبت
ما قدرت أشوف الجزء المتلئ من الكوب إلا بعد ما أخذت مضادات اكتئاب لذلك وفر إيجابيتك العينة لشخص متملق مثلك,1,1,0,قدرت اشوف الجزء المتلئ الكوب الا اخذت مضادات اكتئاب وفر ايجابيتك العينه لشخص متملق مثلك,ما قدرت اشوف الجزء المتلئ من الكوب الا بعد ما اخذت مضادات اكتئاب لذلك وفر ايجابيتك العينه لشخص متملق مثلك
"الهم اني اعوذ بك من كآبة المنظر_x000D_
هو الشماغ الي تقل كوبرا ولا الوجه ولا الحيه الغير مقلمه",1,0,0,الهم اني اعوذ كابه المنظر الشماغ الي تقل كوبرا ولا الوجه ولا الحيه الغير مقلمه,الهم اني اعوذ بك من كابه المنظر_x<NUM>D_هو الشماغ الي تقل كوبرا ولا الوجه ولا الحيه الغير مقلمه
"أضحك واخفي حُزن الأيام بالحشِى_x000D_
واكتم هموُم القلب وأقول متعافِي",1,0,0,اضحك واخفي حزن الايام بالحشي واكتم هموم القلب واقول متعافي,اضحك واخفي حزن الايام بالحشي_x<NUM>D_واكتم هموم القلب واقول متعافي
ماعندي حتى طاقة لبكاء تداهمني نوبة إكتئاب ولا أجد عندي أي ردة فعل سوى الإستلقاء على السرير طوال اليوم والتعرض لكل هذا الألم,1,0,0,ماعندي حتي طاقه لبكاء تداهمني نوبه اكتئاب ولا اجد عندي رده فعل سوي الاستلقاء علي السرير طوال اليوم والتعرض لكل الالم,ماعندي حتي طاقه لبكاء تداهمني نوبه اكتئاب ولا اجد عندي اي رده فعل سوي الاستلقاء علي السرير طوال اليوم والتعرض لكل هذا الالم
اكتشفت مؤخرا أنه مهما تغير الشخص الي كان معيشني أسوأ ايام حياتي وسبب لي اكتئاب وحول أغلب أيام حياتي إلى جحيم ومهم,1,0,0,اكتشفت مؤخرا انه مهما تغير الشخص الي معيشني اسوا ايام حياتي وسبب اكتئاب وحول اغلب ايام حياتي الي جحيم ومهم,اكتشفت مؤخرا انه مهما تغير الشخص الي كان معيشني اسوا ايام حياتي وسبب لي اكتئاب وحول اغلب ايام حياتي الي جحيم ومهم
الصورة ال دي الي بالسماعة ياروش كنت بمر بفترة اكتئاب كانت في 2019 وكنت وازني زايد وشي متبهدل من السهر وكن,1,0,0,الصوره الي بالسماعه ياروش كنت بمر بفتره اكتئاب وكنت وازني زايد وشي متبهدل السهر وكن,الصوره ال دي الي بالسماعه ياروش كنت بمر بفتره اكتئاب كانت في <NUM> وكنت وازني زايد وشي متبهدل من السهر وكن
مين يعرف اعشاب طبيعيه تعالج الاكتئاب 😞,1,0,0,مين يعرف اعشاب طبيعيه تعالج الاكتئاب,مين يعرف اعشاب طبيعيه تعالج الاكتئاب 😞
لا اكتئاب بعد الولاده احس 🥺💞,1,1,0,اكتئاب الولاده احس,لا اكتئاب بعد الولاده احس 🥺💞
عاد خذي اداء درامي اعظم لبورجو يوم بيجيها اكتئاب 🔥,1,0,0,عاد خذي اداء درامي اعظم لبورجو يوم بيجيها اكتئاب,عاد خذي اداء درامي اعظم لبورجو يوم بيجيها اكتئاب 🔥
مرحله كأبه ,1,0,0,مرحله كابه,مرحله كابه
بيني اكتئاب حاد ف ما باكل شي,1,1,0,بيني اكتئاب حاد باكل,بيني اكتئاب حاد ف ما باكل شي
هالاسبوع خلص وانا لا تمارين ولا اكل سنع وهذا الي زايدني كآبة اختي تقول الاحظك مجرد ما اشوفك مكتئبة اعرف انك ماتسوين تمارينك,1,1,0,هالاسبوع خلص وانا تمارين ولا اكل سنع وهذا الي زايدني كابه اختي تقول الاحظك مجرد اشوفك مكتئبه اعرف انك ماتسوين تمارينك,هالاسبوع خلص وانا لا تمارين ولا اكل سنع وهذا الي زايدني كابه اختي تقول الاحظك مجرد ما اشوفك مكتئبه اعرف انك ماتسوين تمارينك
السلام عليكم عطيني نصيحة انت والمتابعين ايش الواحد بيسوي اذا راحت الرغبة في الدراسة بسب الاكتئاب والحالة النفس,1,0,0,السلام عليكم عطيني نصيحه انت والمتابعين ايش الواحد بيسوي اذا راحت الرغبه الدراسه بسب الاكتئاب والحاله النفس,السلام عليكم عطيني نصيحه انت والمتابعين ايش الواحد بيسوي اذا راحت الرغبه في الدراسه بسب الاكتئاب والحاله النفس
"اكتئاب مود 💔_x000D_
عياط مود 😭بسب ومن غير واله_x000D_
المهم ان_x000D_
الهرمونات مش مقصره معايا خالص _x000D_
عامله الواجب وزياده _x000D_
الواحد ناقص",1,1,0,اكتئاب مود عياط مود 😭بسب ومن غير واله المهم الهرمونات مقصره معايا خالص عامله الواجب وزياده الواحد ناقص,اكتئاب مود 💔_x<NUM>D_عياط مود 😭بسب ومن غير واله_x<NUM>D_المهم ان_x<NUM>D_الهرمونات مش مقصره معايا خالص _x<NUM>D_عامله الواجب وزياده _x<NUM>D_الواحد ناقص
تخيل وانت سهران هيك مخنوق و مكتئب يوقع عليك سقف الغرفة ويجيب أجلك 😐😑,1,0,0,تخيل وانت سهران هيك مخنوق مكتئب يوقع عليك سقف الغرفه ويجيب اجلك,تخيل وانت سهران هيك مخنوق و مكتئب يوقع عليك سقف الغرفه ويجيب اجلك 😐😑
انك تفضل كاتم ف نفسك كدة دة احسن ب كتير اوي من الصيح و تعرف كل الناس انك مكتئب دة عشان انتا كدة ي غبي بتقولهم انا ضعيف,1,0,0,انك تفضل كاتم نفسك كده احسن كتير اوي الصيح تعرف الناس انك مكتئب عشان انتا كده غبي بتقولهم انا ضعيف,انك تفضل كاتم ف نفسك كده ده احسن ب كتير اوي من الصيح و تعرف كل الناس انك مكتئب ده عشان انتا كده ي غبي بتقولهم انا ضعيف
أنا في إكتئاب حاد,1,0,0,انا اكتئاب حاد,انا في اكتئاب حاد
لقد اصبح صباحُي حزين وامسى ليلي مكتئب ☹️,1,0,0,لقد اصبح صباحي حزين وامسي ليلي مكتئب,لقد اصبح صباحي حزين وامسي ليلي مكتئب ☹️
وأنا مثلك أجمّع الأمل كلما استنفدتني كآبة وتأرجحت في خافقي قَدَمُ السكينة أنا مثلك أهشّ حرائق الأمس علّها تغادر ,1,0,0,وانا مثلك اجمع الامل كلما استنفدتني كابه وتارجحت خافقي قدم السكينه انا مثلك اهش حرائق الامس علها تغادر,وانا مثلك اجمع الامل كلما استنفدتني كابه وتارجحت في خافقي قدم السكينه انا مثلك اهش حرائق الامس علها تغادر
😂انتحار,1,0,0,😂انتحار,😂انتحار
"م اقدر فيني رهاب اجتماعي وقاعد اتعالج منه _x000D_
صعبه اقابل الناس ب السهوله ذي",1,0,0,اقدر فيني رهاب اجتماعي وقاعد اتعالج منه صعبه اقابل الناس السهوله,م اقدر فيني رهاب اجتماعي وقاعد اتعالج منه _x<NUM>D_صعبه اقابل الناس ب السهوله ذي
الانسان بيفضل مكتئب وقافل على نفسه الباب وبعدين يعوز يهرب شوية فيعك الدنيا ويرجع لوحده تاني,1,0,0,الانسان بيفضل مكتئب وقافل علي نفسه الباب وبعدين يعوز يهرب شويه فيعك الدنيا ويرجع لوحده تاني,الانسان بيفضل مكتئب وقافل علي نفسه الباب وبعدين يعوز يهرب شويه فيعك الدنيا ويرجع لوحده تاني
وخلصنا لعبنا الوحداني اليوم والله كله اكتئاب,1,0,0,وخلصنا لعبنا الوحداني اليوم والله كله اكتئاب,وخلصنا لعبنا الوحداني اليوم والله كله اكتئاب
حزن ما عندي خوات 😢,1,1,0,حزن عندي خوات,حزن ما عندي خوات 😢
اشعر بأني مريضُ من الحُزن,1,0,0,اشعر باني مريض الحزن,اشعر باني مريض من الحزن
احس ب اكتئاب عشان الاجازه اغلب وقتي في البيت وماعندي غرفة الحالي مافي مكان اخد راحتي فيه 💔,1,0,0,احس اكتئاب عشان الاجازه اغلب وقتي البيت وماعندي غرفه الحالي مافي مكان اخد راحتي فيه,احس ب اكتئاب عشان الاجازه اغلب وقتي في البيت وماعندي غرفه الحالي مافي مكان اخد راحتي فيه 💔
سبحان اله انتي نفس مدة مرضي انا كمان عندي اكتئاب وقلق شديد وربي خلاص احس اني انتهيت اعوذ باله تعب مره,1,0,0,سبحان اله انتي نفس مده مرضي انا كمان عندي اكتئاب وقلق شديد وربي خلاص احس اني انتهيت اعوذ باله تعب مره,سبحان اله انتي نفس مده مرضي انا كمان عندي اكتئاب وقلق شديد وربي خلاص احس اني انتهيت اعوذ باله تعب مره
صايرة تجيني نوبات هلع من كثر ما اشوف صور قط وكلاب متأذيه او ضايعه 💔,1,1,0,صايره تجيني نوبات هلع كثر اشوف صور وكلاب متاذيه ضايعه,صايره تجيني نوبات هلع من كثر ما اشوف صور قط وكلاب متاذيه او ضايعه 💔
موهبه من الله اقدر ابكي بأي وقت,1,0,0,موهبه الله اقدر ابكي باي وقت,موهبه من الله اقدر ابكي باي وقت
الألم الذي يبدأ من العائله، لا ينتهي أبدًا.,1,1,0,الالم الذي يبدا العائله، ينتهي ابدا,الالم الذي يبدا من العائله، لا ينتهي ابدا.
وكأن حُزن العالم يتسرب في جوف قلبي🖤,1,0,0,وكان حزن العالم يتسرب جوف قلبي🖤,وكان حزن العالم يتسرب في جوف قلبي🖤
اهو انا مبحبش ادي نفسي اجازة علشان دماغي الوسخة دي الي بتدخلني في إكتئاب,1,0,0,اهو انا مبحبش ادي نفسي اجازه علشان دماغي الوسخه الي بتدخلني اكتئاب,اهو انا مبحبش ادي نفسي اجازه علشان دماغي الوسخه دي الي بتدخلني في اكتئاب
فيه اشياء كثير اذا فكرت فيها تخليني ابكي وكثير بعد,1,0,0,فيه اشياء كثير اذا فكرت فيها تخليني ابكي وكثير,فيه اشياء كثير اذا فكرت فيها تخليني ابكي وكثير بعد
انت لا تعلم بشاعة  ما امر به,1,1,0,انت تعلم بشاعه امر,انت لا تعلم بشاعه ما امر به
انا جداً خايف ان هالعيد يكون فيه ناس مو زي العيد الي فات لاني ماتحمل صرت ارجف ويجيني ضيق تنفس من بعد الحجر لانه زاد الرهاب,1,0,1,انا جدا خايف هالعيد فيه ناس العيد الي فات لاني ماتحمل صرت ارجف ويجيني ضيق تنفس الحجر لانه زاد الرهاب,انا جدا خايف ان هالعيد يكون فيه ناس مو زي العيد الي فات لاني ماتحمل صرت ارجف ويجيني ضيق تنفس من بعد الحجر لانه زاد الرهاب
طريقة انتحار حلال,1,0,0,طريقه انتحار حلال,طريقه انتحار حلال
انا بحاجة الى سفرة تنسيني كآبة وطني المنهوب 🙂🥲,1,0,0,انا بحاجه الي سفره تنسيني كابه وطني المنهوب,انا بحاجه الي سفره تنسيني كابه وطني المنهوب 🙂🥲
وحده ومشاعر تساعد على الإنتحار,1,0,0,وحده ومشاعر تساعد علي الانتحار,وحده ومشاعر تساعد علي الانتحار
جوايا طاقة حزن رهيبه بجد وم عارفه اطلعها ف اي والحقيقه اني اليومين دول قماصه اوي وم قادره اتحمل كلمه من حد,1,0,0,جوايا طاقه حزن رهيبه بجد عارفه اطلعها والحقيقه اني اليومين دول قماصه اوي قادره اتحمل كلمه,جوايا طاقه حزن رهيبه بجد وم عارفه اطلعها ف اي والحقيقه اني اليومين دول قماصه اوي وم قادره اتحمل كلمه من حد
مبعملش حاجة من اول الصبح وانا الان مكتئب وحزين 😢,1,0,0,مبعملش حاجه اول الصبح وانا الان مكتئب وحزين,مبعملش حاجه من اول الصبح وانا الان مكتئب وحزين 😢
احلى موجة اكتئاب تجيبك الارض ناو,1,0,0,احلي موجه اكتئاب تجيبك الارض ناو,احلي موجه اكتئاب تجيبك الارض ناو
اهلين اكتئاب,1,0,0,اهلين اكتئاب,اهلين اكتئاب
انا معنديش لا اصحاب ولا اي حد خالص حتي اخواتي بعاد عني بس اوقات بحس ان كده كويس واوقات بحس اني عاجز وبفكر في الانتحار,1,1,0,انا معنديش اصحاب ولا خالص حتي اخواتي بعاد عني اوقات بحس كده كويس واوقات بحس اني عاجز وبفكر الانتحار,انا معنديش لا اصحاب ولا اي حد خالص حتي اخواتي بعاد عني بس اوقات بحس ان كده كويس واوقات بحس اني عاجز وبفكر في الانتحار
الواحد لما بيشوف مقاطع الطبخ وشكل الطبخات ومنظر الأكل بيصيبه اكتئاب اكتر من اكتئاب الجوع والمل💔,1,0,0,الواحد لما بيشوف مقاطع الطبخ وشكل الطبخات ومنظر الاكل بيصيبه اكتئاب اكتر اكتئاب الجوع والمل💔,الواحد لما بيشوف مقاطع الطبخ وشكل الطبخات ومنظر الاكل بيصيبه اكتئاب اكتر من اكتئاب الجوع والمل💔
العبد نفسيته خرا بدون سب يبدو اني مكتئب,1,1,0,العبد نفسيته خرا بدون يبدو اني مكتئب,العبد نفسيته خرا بدون سب يبدو اني مكتئب
موجة اكتئاب مفاجئة,1,0,0,موجه اكتئاب مفاجئه,موجه اكتئاب مفاجئه
و دخلت بفترة إكتئاب صارت ما تطلع عشان محد يشوفها و وصلت مرحله ما تناظر نفسها بالمرايا,1,1,0,دخلت بفتره اكتئاب صارت تطلع عشان محد يشوفها وصلت مرحله تناظر نفسها بالمرايا,و دخلت بفتره اكتئاب صارت ما تطلع عشان محد يشوفها و وصلت مرحله ما تناظر نفسها بالمرايا
لستُ الأنسانه المُناسبه لأي شيء,1,0,0,لست الانسانه المناسبه لاي شيء,لست الانسانه المناسبه لاي شيء
اف وين اميره احسني مكتئب ومب مفروض اكتئب لانه يومي😩,1,0,0,وين اميره احسني مكتئب ومب مفروض اكتئب لانه يومي😩,اف وين اميره احسني مكتئب ومب مفروض اكتئب لانه يومي😩
لأسف بالمتوسط عانيت من اضطراب الأكل لدرجه اني ابكي و انا اكل لأني تعبانه جدا ومره صعب علي اكل غير الغثيان والدوخه,1,1,0,لاسف بالمتوسط عانيت اضطراب الاكل لدرجه اني ابكي انا اكل لاني تعبانه جدا ومره صعب علي اكل غير الغثيان والدوخه,لاسف بالمتوسط عانيت من اضطراب الاكل لدرجه اني ابكي و انا اكل لاني تعبانه جدا ومره صعب علي اكل غير الغثيان والدوخه
ترى حتى الحيوانات تعرض لنفسية والاكتئاب مو بس البشر تذكرون الأسد إلي هجم على صاحبه المصري وقطع ك,1,0,0,تري حتي الحيوانات تعرض لنفسيه والاكتئاب البشر تذكرون الاسد الي هجم علي صاحبه المصري وقطع,تري حتي الحيوانات تعرض لنفسيه والاكتئاب مو بس البشر تذكرون الاسد الي هجم علي صاحبه المصري وقطع ك
الي يسمعني وانا بقول عندي طاقة اكتئاب ميقولش انه عندي من سنتين مثلاً لغاية مابقيت اتعامل معاه علي انه من اساسيات حياتي خلاص ☺️💁🏻‍♀️,1,0,0,الي يسمعني وانا بقول عندي طاقه اكتئاب ميقولش انه عندي سنتين مثلا لغايه مابقيت اتعامل معاه علي انه اساسيات حياتي خلاص ☺️💁🏻‍♀️,الي يسمعني وانا بقول عندي طاقه اكتئاب ميقولش انه عندي من سنتين مثلا لغايه مابقيت اتعامل معاه علي انه من اساسيات حياتي خلاص ☺️💁🏻♀️
والة الانتحار لو مش حرام انا كان زماني منتحر 💔,1,0,0,واله الانتحار حرام انا زماني منتحر,واله الانتحار لو مش حرام انا كان زماني منتحر 💔
حلمت اني ابكي لمن قمت المخده كلها دموع,1,0,0,حلمت اني ابكي لمن قمت المخده كلها دموع,حلمت اني ابكي لمن قمت المخده كلها دموع
توي أفتكرت إن من قبل لا أتخرج عندي إكتئاب يعني كأنك يابو زيد ماغزيت الفشل بالصحة النفسية ↗️↗️↗️,1,1,0,توي افتكرت اتخرج عندي اكتئاب يعني كانك يابو زيد ماغزيت الفشل بالصحه النفسيه ↗️↗️↗️,توي افتكرت ان من قبل لا اتخرج عندي اكتئاب يعني كانك يابو زيد ماغزيت الفشل بالصحه النفسيه ↗️↗️↗️
حاولت افصل يوم عيد ميلادي عن السنه كلها عشان حسيت اني ڜبعت كآبه و وجع و تفكير و سده نفس حسيت اني قلبي كبر و عجز ,1,0,0,حاولت افصل يوم عيد ميلادي السنه كلها عشان حسيت اني ڜبعت كابه وجع تفكير سده نفس حسيت اني قلبي كبر عجز,حاولت افصل يوم عيد ميلادي عن السنه كلها عشان حسيت اني ڜبعت كابه و وجع و تفكير و سده نفس حسيت اني قلبي كبر و عجز
السواد الي تحت عيني مش مرض ده قلة راحة وملامحي المقفولة مش كره لناس دي فرط حزن وعصبيتي مش غباء ده ضغط بحاول ا,1,0,0,السواد الي تحت عيني مرض قله راحه وملامحي المقفوله كره لناس فرط حزن وعصبيتي غباء ضغط بحاول,السواد الي تحت عيني مش مرض ده قله راحه وملامحي المقفوله مش كره لناس دي فرط حزن وعصبيتي مش غباء ده ضغط بحاول ا
كتمه توتر ضيق تنفس وابي ابكي بس مافي وقت الله ييسرها بس وتمر بسرعه ونتيجه كويسه,1,0,0,كتمه توتر ضيق تنفس وابي ابكي مافي وقت الله ييسرها وتمر بسرعه ونتيجه كويسه,كتمه توتر ضيق تنفس وابي ابكي بس مافي وقت الله ييسرها بس وتمر بسرعه ونتيجه كويسه
حزن رحت اشوف سويت لي,1,0,0,حزن رحت اشوف سويت,حزن رحت اشوف سويت لي
رغَبتي في الإبتِعاد عن الجَميع تزداد يومَاً بَعد يوم. ,1,0,0,رغبتي الابتعاد الجميع تزداد يوما يوم,رغبتي في الابتعاد عن الجميع تزداد يوما بعد يوم.
"تشانل يوتيوب وبالذات الوثائقيات الي بيقدموها_x000D_
موقع مدي مصر قولا واحدا بحسه بيقدمي وجبة كبيرة من الحقائق مبشو",1,0,0,تشانل يوتيوب وبالذات الوثائقيات الي بيقدموها موقع مدي مصر قولا واحدا بحسه بيقدمي وجبه كبيره الحقائق مبشو,تشانل يوتيوب وبالذات الوثائقيات الي بيقدموها_x<NUM>D_موقع مدي مصر قولا واحدا بحسه بيقدمي وجبه كبيره من الحقائق مبشو
انا حزينة اوي علي القط بتاعي,1,0,0,انا حزينه اوي علي القط بتاعي,انا حزينه اوي علي القط بتاعي
ترا الشعور يعور مليون الكل مستانس وفالها الا انا مكتئب لحالي,1,0,0,ترا الشعور يعور مليون الكل مستانس وفالها الا انا مكتئب لحالي,ترا الشعور يعور مليون الكل مستانس وفالها الا انا مكتئب لحالي
كآبة السفر بدت تسيطر علي,1,0,0,كابه السفر بدت تسيطر علي,كابه السفر بدت تسيطر علي
الي تمنيت اسويه وما سويته و نادم جداً إني اطلع من الجامعة من اول سنة و اعمل على بناء على مهارات ما,1,1,1,الي تمنيت اسويه وما سويته نادم جدا اني اطلع الجامعه اول سنه اعمل علي بناء علي مهارات,الي تمنيت اسويه وما سويته و نادم جدا اني اطلع من الجامعه من اول سنه و اعمل علي بناء علي مهارات ما
أدركت كم كنت مخطئًا حين تغاضيت عن شعوري في بعض الأحيان حين دفنت بعض من الأحزان دون أن أطفأ نارها حين سدت فوهة صدري,1,0,0,ادركت كنت مخطئا حين تغاضيت شعوري بعض الاحيان حين دفنت بعض الاحزان دون اطفا نارها حين سدت فوهه صدري,ادركت كم كنت مخطئا حين تغاضيت عن شعوري في بعض الاحيان حين دفنت بعض من الاحزان دون ان اطفا نارها حين سدت فوهه صدري
أبغا أنام  لكن مو قادرة أنام من كثر مو زعلانة وقلبي يعورني بنفس الوقت أبغا أشوف شي يطلع طاقتي السلبية,1,0,0,ابغا انام قادره انام كثر زعلانه وقلبي يعورني بنفس الوقت ابغا اشوف يطلع طاقتي السلبيه,ابغا انام لكن مو قادره انام من كثر مو زعلانه وقلبي يعورني بنفس الوقت ابغا اشوف شي يطلع طاقتي السلبيه
ما هو انا في مود انتحار حاليا,1,1,0,انا مود انتحار حاليا,ما هو انا في مود انتحار حاليا
كنت تعبان والموضوع قالب بصداع جامد ف وانا بكشف النهاردة الدكتور كتبلى مضادات اكتئاب مع العلاج ال هو لدرجادى باين عليا يدكتور,1,0,0,كنت تعبان والموضوع قالب بصداع جامد وانا بكشف النهارده الدكتور كتبلي مضادات اكتئاب العلاج لدرجادي باين عليا يدكتور,كنت تعبان والموضوع قالب بصداع جامد ف وانا بكشف النهارده الدكتور كتبلي مضادات اكتئاب مع العلاج ال هو لدرجادي باين عليا يدكتور
انا عايشة مو حُباً بالحياة انا عايشة لانه الانتحار حرام,1,0,0,انا عايشه حبا بالحياه انا عايشه لانه الانتحار حرام,انا عايشه مو حبا بالحياه انا عايشه لانه الانتحار حرام
"كنت في مكان سيء و مظلم_x000D_
شبه يوميًا ابكي و افكر_x000D_
ما كان يمر يوم بدون ما افكر بوضع ينان دخلت اكتئاب حقيقي_x000D_
الين قبل سنة",1,1,0,كنت مكان سيء مظلم شبه يوميا ابكي افكر يمر يوم بدون افكر بوضع ينان دخلت اكتئاب حقيقي الين سنه,كنت في مكان سيء و مظلم_x<NUM>D_شبه يوميا ابكي و افكر_x<NUM>D_ما كان يمر يوم بدون ما افكر بوضع ينان دخلت اكتئاب حقيقي_x<NUM>D_الين قبل سنه
الواحد شكله داخل ع فتره اكتئاب هو م قدها بجد,1,0,0,الواحد شكله داخل فتره اكتئاب قدها بجد,الواحد شكله داخل ع فتره اكتئاب هو م قدها بجد
واضح فايتة ع فترة اكتئاب رائعة,1,0,0,واضح فايته فتره اكتئاب رائعه,واضح فايته ع فتره اكتئاب رائعه
أنا مش كئيب أنا مُكتئب,1,0,0,انا كئيب انا مكتئب,انا مش كئيب انا مكتئب
🤏🏼🤏🏼🤏🏼🤏🏼🤏🏼 ابكي كثير 🤏🏼🤏🏼🤏🏼🤏🏼🤏🏼🤏🏼🤏🏼,1,0,0,🤏🏼🤏🏼🤏🏼🤏🏼🤏🏼 ابكي كثير 🤏🏼🤏🏼🤏🏼🤏🏼🤏🏼🤏🏼🤏🏼,🤏🏼🤏🏼🤏🏼🤏🏼🤏🏼 ابكي كثير 🤏🏼🤏🏼🤏🏼🤏🏼🤏🏼🤏🏼🤏🏼
خلص جد نفسي ابكي ابكي ابكي ابكي,1,0,0,خلص نفسي ابكي ابكي ابكي ابكي,خلص جد نفسي ابكي ابكي ابكي ابكي
اقسم باله حموت من الاكتئاب الي انا فيه دا,1,0,0,اقسم باله حموت الاكتئاب الي انا فيه,اقسم باله حموت من الاكتئاب الي انا فيه دا
الواحد يدخل على طبيب نفسي يحل مشاكل نفسية يطلع عنده مشاكل مادية,1,0,0,الواحد يدخل علي طبيب نفسي يحل مشاكل نفسيه يطلع عنده مشاكل ماديه,الواحد يدخل علي طبيب نفسي يحل مشاكل نفسيه يطلع عنده مشاكل ماديه
"كم الاماراتين وبعض العرب الي بيعزوا الاسرائلين وبيدعولهم بالصبر تجيب اكتئاب_x000D_
دول ملعونين في كل كتاب هم ومن ساندهم",1,0,0,الاماراتين وبعض العرب الي بيعزوا الاسرائلين وبيدعولهم بالصبر تجيب اكتئاب دول ملعونين كتاب ومن ساندهم,كم الاماراتين وبعض العرب الي بيعزوا الاسرائلين وبيدعولهم بالصبر تجيب اكتئاب_x<NUM>D_دول ملعونين في كل كتاب هم ومن ساندهم
ادعيلي ربنا ياخدني عشان انا مليش ف الانتحار مود اون,1,0,0,ادعيلي ربنا ياخدني عشان انا مليش الانتحار مود اون,ادعيلي ربنا ياخدني عشان انا مليش ف الانتحار مود اون
"يا شهر اله بالرحمة اتيتنا_x000D_
_x000D_
وفي ضيافة الرحمان جعلتنا_x000D_
_x000D_
فرحنا بقدومك وحزن بختامك_x000D_
_x000D_
حزن لفراقك مع سيد أئمتنا_x000D_
_x000D_
واعلياه",1,0,0,شهر اله بالرحمه اتيتنا وفي ضيافه الرحمان جعلتنا فرحنا بقدومك وحزن بختامك حزن لفراقك سيد ائمتنا واعلياه,يا شهر اله بالرحمه اتيتنا_x<NUM>D__x<NUM>D_وفي ضيافه الرحمان جعلتنا_x<NUM>D__x<NUM>D_فرحنا بقدومك وحزن بختامك_x<NUM>D__x<NUM>D_حزن لفراقك مع سيد ائمتنا_x<NUM>D__x<NUM>D_واعلياه
بالخطأ دخلت تويتر العماني وجاني اكتئاب,1,0,0,بالخطا دخلت تويتر العماني وجاني اكتئاب,بالخطا دخلت تويتر العماني وجاني اكتئاب
اله يكفيكوا شر اكتئاب اليل 😖,1,0,0,اله يكفيكوا اكتئاب اليل,اله يكفيكوا شر اكتئاب اليل 😖
حياتي خاليه من الحب جافه قاسيه بدون اهتمام بدون سوال بدون خوف فارغه من الحنان فراغ كبير وكاني لقيطه وش ينقصني عشان احب  ,1,1,0,حياتي خاليه الحب جافه قاسيه بدون اهتمام بدون سوال بدون خوف فارغه الحنان فراغ كبير وكاني لقيطه ينقصني عشان احب,حياتي خاليه من الحب جافه قاسيه بدون اهتمام بدون سوال بدون خوف فارغه من الحنان فراغ كبير وكاني لقيطه وش ينقصني عشان احب
"في حزن عيني وضح تعذيبك لمغليك_x000D_
وايضا وضح في عيوني شوقي لمراسيلك_x000D_
الى متى يا غلاتي بستمر اشكيك_x000D_
اشكي هواك وجفاك وقلة وصالك",1,0,0,حزن عيني وضح تعذيبك لمغليك وايضا وضح عيوني شوقي لمراسيلك الي متي غلاتي بستمر اشكيك اشكي هواك وجفاك وقله وصالك,في حزن عيني وضح تعذيبك لمغليك_x<NUM>D_وايضا وضح في عيوني شوقي لمراسيلك_x<NUM>D_الي متي يا غلاتي بستمر اشكيك_x<NUM>D_اشكي هواك وجفاك وقله وصالك
وربي مره زهق احس كآبه اليوم,1,0,0,وربي مره زهق احس كابه اليوم,وربي مره زهق احس كابه اليوم
لا انا مب حافظ وعندي رهاب اجتماعي,1,1,0,انا حافظ وعندي رهاب اجتماعي,لا انا مب حافظ وعندي رهاب اجتماعي
انا مكتئب ومضايق وزعلان,1,0,0,انا مكتئب ومضايق وزعلان,انا مكتئب ومضايق وزعلان
"العشرلاواخرمنرمضان _x000D_
الهم يامن تملك حوائج السائلين وتعلم ضمائر الصامتين أرزق كل مسلم سروراً لا يرى به حزن وسعادة لا يعكرها شقاء",1,1,0,الهم يامن تملك حوائج السائلين وتعلم ضمائر الصامتين ارزق مسلم سرورا يري حزن وسعاده يعكرها شقاء,العشرلاواخرمنرمضان _x<NUM>D_الهم يامن تملك حوائج السائلين وتعلم ضمائر الصامتين ارزق كل مسلم سرورا لا يري به حزن وسعاده لا يعكرها شقاء
مدري ابكي والا ابكي,1,0,0,مدري ابكي والا ابكي,مدري ابكي والا ابكي
الا يسب هلع وتوتر لاحظت ع نفسي هالشي منجد لان البيكتريا النافعه اللي بالبطن عددها يقل وكلو مرتبط ببعض ,1,0,0,الا يسب هلع وتوتر لاحظت نفسي هالشي منجد لان البيكتريا النافعه اللي بالبطن عددها يقل وكلو مرتبط ببعض,الا يسب هلع وتوتر لاحظت ع نفسي هالشي منجد لان البيكتريا النافعه اللي بالبطن عددها يقل وكلو مرتبط ببعض
كيس اكتئاب,1,0,0,كيس اكتئاب,كيس اكتئاب
احلامي الكثيره العشوائيه هذي الفتره تحاول توصلي رساله — لا يمكن عندكم قلق وتفكير مزمن,1,1,0,احلامي الكثيره العشوائيه هذي الفتره تحاول توصلي رساله يمكن عندكم قلق وتفكير مزمن,احلامي الكثيره العشوائيه هذي الفتره تحاول توصلي رساله - لا يمكن عندكم قلق وتفكير مزمن
انا حاليا مش حاس اني زعلان ولا فرحان ولا متضايق ولا مبسوط تفتكروا ده اكتئاب ولا تخلف😢😂,1,0,0,انا حاليا حاس اني زعلان ولا فرحان ولا متضايق ولا مبسوط تفتكروا اكتئاب ولا تخلف😢😂,انا حاليا مش حاس اني زعلان ولا فرحان ولا متضايق ولا مبسوط تفتكروا ده اكتئاب ولا تخلف😢😂
طيب انا كيف أعرف دموعي دموع حزن أو فرح💅,1,0,0,طيب انا اعرف دموعي دموع حزن فرح💅,طيب انا كيف اعرف دموعي دموع حزن او فرح💅
عُزله وصمت صحيح وهروب من الواقع مشادة مع الام وتوتر بالعلاقه,1,0,0,عزله وصمت صحيح وهروب الواقع مشاده الام وتوتر بالعلاقه,عزله وصمت صحيح وهروب من الواقع مشاده مع الام وتوتر بالعلاقه
واله اكتئاب قلت يمكن يخف و زاد الطين بله 🤦🏻‍♂️,1,0,0,واله اكتئاب قلت يمكن يخف زاد الطين بله 🤦🏻‍♂️,واله اكتئاب قلت يمكن يخف و زاد الطين بله 🤦🏻♂️
وحيد وقتلتهُ كآبة الغُربة فَهل مِن متسع ياكون,1,0,0,وحيد وقتلته كابه الغربه فهل متسع ياكون,وحيد وقتلته كابه الغربه فهل من متسع ياكون
واصله لمرحله اني ماعرف اتكلم هل هو طبيعي ولا اراجع طبيب نفسي 🤔,1,0,0,واصله لمرحله اني ماعرف اتكلم طبيعي ولا اراجع طبيب نفسي,واصله لمرحله اني ماعرف اتكلم هل هو طبيعي ولا اراجع طبيب نفسي 🤔
الانتحار افضل منهم,1,0,0,الانتحار افضل منهم,الانتحار افضل منهم
للحين ابكي عليه,1,0,0,للحين ابكي عليه,للحين ابكي عليه
يمر على حالة هلع من كل شئ حتى رنين هاتفه يرعبه 💔,1,0,0,يمر علي حاله هلع حتي رنين هاتفه يرعبه,يمر علي حاله هلع من كل شئ حتي رنين هاتفه يرعبه 💔
هذي الايه لمسلمين و المؤمنين مو الصهاينة كل شخص رضا يقعد بالاحتلال و يتعبرها دولة معناته راضي ب,1,0,0,هذي الايه لمسلمين المؤمنين الصهاينه شخص رضا يقعد بالاحتلال يتعبرها دوله معناته راضي,هذي الايه لمسلمين و المؤمنين مو الصهاينه كل شخص رضا يقعد بالاحتلال و يتعبرها دوله معناته راضي ب
ما زلت ذلك الطفل الذي يراقب الأشياء التي توجع قلبه وينظر إليها نظرة حزن شديد بدموع تستجدي عطف أي عابر,1,1,0,زلت الطفل الذي يراقب الاشياء التي توجع قلبه وينظر اليها نظره حزن شديد بدموع تستجدي عطف عابر,ما زلت ذلك الطفل الذي يراقب الاشياء التي توجع قلبه وينظر اليها نظره حزن شديد بدموع تستجدي عطف اي عابر
قاعده اتهرب من غرفتي لو دخلتها بتجيني نوبه اكتئاب,1,0,0,قاعده اتهرب غرفتي دخلتها بتجيني نوبه اكتئاب,قاعده اتهرب من غرفتي لو دخلتها بتجيني نوبه اكتئاب
مكتئب 😔💔,1,0,0,مكتئب,مكتئب 😔💔
اغث استاذه شفتها صوتها اكتئاب استغفر اله المشكله يقولون متوظفه هالسنه واسلوبها وشرحها 0 ماترد علينا الا بطلعه الروح,1,0,0,اغث استاذه شفتها صوتها اكتئاب استغفر اله المشكله يقولون متوظفه هالسنه واسلوبها وشرحها ماترد علينا الا بطلعه الروح,اغث استاذه شفتها صوتها اكتئاب استغفر اله المشكله يقولون متوظفه هالسنه واسلوبها وشرحها <NUM> ماترد علينا الا بطلعه الروح
عُزله,1,0,0,عزله,عزله
عندها اكتئاب مابعد الولادة لازم تأخذ دواء ولازم هي يكون عندها إرادة ورغبة في تغير وضعها لاتستسلم,1,0,0,عندها اكتئاب مابعد الولاده لازم تاخذ دواء ولازم عندها اراده ورغبه تغير وضعها لاتستسلم,عندها اكتئاب مابعد الولاده لازم تاخذ دواء ولازم هي يكون عندها اراده ورغبه في تغير وضعها لاتستسلم
فيه طاقة انتحار رهيبة في الجو,1,0,0,فيه طاقه انتحار رهيبه الجو,فيه طاقه انتحار رهيبه في الجو
اهخ وربي حزن الينا,1,0,0,اهخ وربي حزن الينا,اهخ وربي حزن الينا
ودي ابكي بدون توقف لين احس بأن هالحمل الي شايلته طاح عني,1,1,0,ودي ابكي بدون توقف لين احس بان هالحمل الي شايلته طاح عني,ودي ابكي بدون توقف لين احس بان هالحمل الي شايلته طاح عني
وصل فيني الحال احس بتانيب ضمير عشاني اعيش حياه شبه طبيعيه بس انا مكتئب و ماني سعيد ولا حتى احس بسعاده اكره هشي ليش انا كذا,1,0,0,وصل فيني الحال احس بتانيب ضمير عشاني اعيش حياه شبه طبيعيه انا مكتئب ماني سعيد ولا حتي احس بسعاده اكره هشي ليش انا كذا,وصل فيني الحال احس بتانيب ضمير عشاني اعيش حياه شبه طبيعيه بس انا مكتئب و ماني سعيد ولا حتي احس بسعاده اكره هشي ليش انا كذا
موجة اكتئاب قوية,1,0,0,موجه اكتئاب قويه,موجه اكتئاب قويه
صارت تجيني نوبات قلق بشكل أسوء من قبل، وهذا اللي ماكنت مخططة له..,1,0,0,صارت تجيني نوبات قلق بشكل اسوء قبل، وهذا اللي ماكنت مخططه,صارت تجيني نوبات قلق بشكل اسوء من قبل، وهذا اللي ماكنت مخططه له..
والي بيدخل اربع سنوات وهو ينتظر هالعمليه يسوها اصلا انا جاني اكتئاب من هالعمليه ,1,0,0,والي بيدخل اربع سنوات وهو ينتظر هالعمليه يسوها اصلا انا جاني اكتئاب هالعمليه,والي بيدخل اربع سنوات وهو ينتظر هالعمليه يسوها اصلا انا جاني اكتئاب من هالعمليه
سلمى بتبين إنها فرفوشه بس هيا مشغله اغاني تجيب اكتئاب اصلا,1,0,0,سلمي بتبين انها فرفوشه هيا مشغله اغاني تجيب اكتئاب اصلا,سلمي بتبين انها فرفوشه بس هيا مشغله اغاني تجيب اكتئاب اصلا
صوته عالي مره وهو يصارخ و ممكن يدخلني في حاله هلع فأنا اعفي نفسي عنه قليلا,1,0,0,صوته عالي مره وهو يصارخ ممكن يدخلني حاله هلع فانا اعفي نفسي عنه قليلا,صوته عالي مره وهو يصارخ و ممكن يدخلني في حاله هلع فانا اعفي نفسي عنه قليلا
لم تكن مجرد نوبات اكتئاب ، كانت إنطفاء تدريجي يسحب الروح,1,1,0,تكن مجرد نوبات اكتئاب انطفاء تدريجي يسحب الروح,لم تكن مجرد نوبات اكتئاب ، كانت انطفاء تدريجي يسحب الروح
انا رجعت اتسحل تاني في ال ودي حاجه متطمنش خالص شكلي داخل ع دور اكتئاب واسترها معانا يارب,1,0,0,انا رجعت اتسحل تاني ودي حاجه متطمنش خالص شكلي داخل دور اكتئاب واسترها معانا يارب,انا رجعت اتسحل تاني في ال ودي حاجه متطمنش خالص شكلي داخل ع دور اكتئاب واسترها معانا يارب
بكيت و هل بُكاء القلب يجدي ؟,1,0,0,بكيت بكاء القلب يجدي,بكيت و هل بكاء القلب يجدي ؟
مستغربة رد فعل الناس عليهم من امبارح واله حِزن,1,0,0,مستغربه فعل الناس عليهم امبارح واله حزن,مستغربه رد فعل الناس عليهم من امبارح واله حزن
الواحد فعلا بيقول أنه عنده قلق أو اكتئاب فهو اكيد حاسس بمشاعر سلبيه ممكن تكون اقل حده من الاكتئاب بس وارد تتطور,1,0,0,الواحد فعلا بيقول انه عنده قلق اكتئاب فهو اكيد حاسس بمشاعر سلبيه ممكن تكون اقل حده الاكتئاب وارد تتطور,الواحد فعلا بيقول انه عنده قلق او اكتئاب فهو اكيد حاسس بمشاعر سلبيه ممكن تكون اقل حده من الاكتئاب بس وارد تتطور
والله انا احتاج طبيب نفسي 😂 قلق وحدة عزلة اكتئاب ذهان فصام نوبات هلع,1,0,0,والله انا احتاج طبيب نفسي قلق وحده عزله اكتئاب ذهان فصام نوبات هلع,والله انا احتاج طبيب نفسي 😂 قلق وحده عزله اكتئاب ذهان فصام نوبات هلع
ليس قلق وحده بل الخوف أيضاً اعيش بفقاعة اضطراب المشاعر نفسي وذاتي وكياني يشغل بالي يأخذ حيز كبير ,1,1,0,ليس قلق وحده الخوف ايضا اعيش بفقاعه اضطراب المشاعر نفسي وذاتي وكياني يشغل بالي ياخذ حيز كبير,ليس قلق وحده بل الخوف ايضا اعيش بفقاعه اضطراب المشاعر نفسي وذاتي وكياني يشغل بالي ياخذ حيز كبير
نفسي ابكي,1,0,0,نفسي ابكي,نفسي ابكي
فكرة انك متساب وحدك وسط كل ده تجيب اكتئاب 🙄,1,0,0,فكره انك متساب وحدك وسط تجيب اكتئاب,فكره انك متساب وحدك وسط كل ده تجيب اكتئاب 🙄
هو دور اكتئاب هيجيب اجلي المرادي,1,0,0,دور اكتئاب هيجيب اجلي المرادي,هو دور اكتئاب هيجيب اجلي المرادي
أنا لا انسى كل ليلة أختنقت فيها همًا ، وانقبض قلبي حزنًا ، ولم أجد أحد حولي ، لم أمُت ، لم ينتهِ العالم ، لكنني أدركت حينها إنني وحيدة وحيدة للحد الذي لاحد له.,1,1,0,انا انسي ليله اختنقت فيها هما وانقبض قلبي حزنا ولم اجد احد حولي امت ينته العالم لكنني ادركت حينها انني وحيده وحيده للحد الذي لاحد,انا لا انسي كل ليله اختنقت فيها هما ، وانقبض قلبي حزنا ، ولم اجد احد حولي ، لم امت ، لم ينته العالم ، لكنني ادركت حينها انني وحيده وحيده للحد الذي لاحد له.
يأس انتحار,1,0,0,ياس انتحار,ياس انتحار
"انا بحاجة اضيع حزني ب حسّك_x000D_
ماني بحاجة حزن يا حزني الثاني",1,0,0,انا بحاجه اضيع حزني حسك ماني بحاجه حزن حزني الثاني,انا بحاجه اضيع حزني ب حسك_x<NUM>D_ماني بحاجه حزن يا حزني الثاني
كورونا جابت لي اكتئاب وتعب نفسي فوق التعب,1,0,0,كورونا جابت اكتئاب وتعب نفسي فوق التعب,كورونا جابت لي اكتئاب وتعب نفسي فوق التعب
لقد حاول الانتحار مراراً .. لكنه لم يجد حبلاً قادراً على حمل ثقل احزانه,1,1,0,لقد حاول الانتحار مرارا لكنه يجد حبلا قادرا علي حمل ثقل احزانه,لقد حاول الانتحار مرارا .. لكنه لم يجد حبلا قادرا علي حمل ثقل احزانه
طلع معاي اكتئاب حاد لاحول ولاقوة,1,0,0,طلع معاي اكتئاب حاد لاحول ولاقوه,طلع معاي اكتئاب حاد لاحول ولاقوه
السلام عليكم وصفت لي حبوب لوسترال وانا متزوجه هل لو احمل اتركهم لكي لاثؤثر ع الجنين والحمل,1,0,0,السلام عليكم وصفت حبوب لوسترال وانا متزوجه احمل اتركهم لكي لاثؤثر الجنين والحمل,السلام عليكم وصفت لي حبوب لوسترال وانا متزوجه هل لو احمل اتركهم لكي لاثؤثر ع الجنين والحمل
مفروض تعطوني جائزه اوسكار على اكثر انسان  منبوذ في الحياه😭😭 ,1,0,0,مفروض تعطوني جائزه اوسكار علي اكثر انسان منبوذ الحياه😭😭,مفروض تعطوني جائزه اوسكار علي اكثر انسان منبوذ في الحياه😭😭
عندما أقر الانتحار لن أترك رسالة انتحار خلفي لقد كُنت في كُل يوم أبعث عدة رسائل لكن لا أحد يهتم,1,1,0,عندما اقر الانتحار اترك رساله انتحار خلفي لقد كنت يوم ابعث عده رسائل احد يهتم,عندما اقر الانتحار لن اترك رساله انتحار خلفي لقد كنت في كل يوم ابعث عده رسائل لكن لا احد يهتم
اذا اجتمعت كثير مع الناس اصير افكر كثير في كل تصرف بعدين ادخل اكتئاب,1,0,0,اذا اجتمعت كثير الناس اصير افكر كثير تصرف بعدين ادخل اكتئاب,اذا اجتمعت كثير مع الناس اصير افكر كثير في كل تصرف بعدين ادخل اكتئاب
كأبة الاجازه من الحين محتليتني,1,0,0,كابه الاجازه الحين محتليتني,كابه الاجازه من الحين محتليتني
حزن حزن حزن كآبه موت,1,0,0,حزن حزن حزن كابه موت,حزن حزن حزن كابه موت
"حتى طعامي المُفضل لم يعد يسبب لي البهجة ولا مشاهدة فيلمي المفضل ولا سماع اغنية أحبها ولا المشاعر المؤقته "" لا شيء يعجبني، أريد أن ابكي",1,1,0,حتي طعامي المفضل يعد يسبب البهجه ولا مشاهده فيلمي المفضل ولا سماع اغنيه احبها ولا المشاعر المؤقته شيء يعجبني، اريد ابكي,"حتي طعامي المفضل لم يعد يسبب لي البهجه ولا مشاهده فيلمي المفضل ولا سماع اغنيه احبها ولا المشاعر المؤقته "" لا شيء يعجبني، اريد ان ابكي"
اكره لما تجيني نوبة هلع💔,1,0,0,اكره لما تجيني نوبه هلع💔,اكره لما تجيني نوبه هلع💔
معلش قصرت يا حمادة معاك بس واله دوامات مشاغل ع اكتئاب دخول الصيف ع كورونا و راحت الحمداله كوكتيل مشاكل كده,1,0,0,معلش قصرت حماده معاك واله دوامات مشاغل اكتئاب دخول الصيف كورونا راحت الحمداله كوكتيل مشاكل كده,معلش قصرت يا حماده معاك بس واله دوامات مشاغل ع اكتئاب دخول الصيف ع كورونا و راحت الحمداله كوكتيل مشاكل كده
أنا أيضاً أُصاب بحالات مِن الحُزن المُزمنة وداخلي ك البركان تُراودني الكثير من الأفكار المُقلقه تجعلني في حالة إكتئاب لا نهاية لها,1,1,0,انا ايضا اصاب بحالات الحزن المزمنه وداخلي البركان تراودني الكثير الافكار المقلقه تجعلني حاله اكتئاب نهايه لها,انا ايضا اصاب بحالات من الحزن المزمنه وداخلي ك البركان تراودني الكثير من الافكار المقلقه تجعلني في حاله اكتئاب لا نهايه لها
عزله,1,0,0,عزله,عزله
في حال تواجده بالملعب يعيشك بحالة اكتئاب,1,0,0,حال تواجده بالملعب يعيشك بحاله اكتئاب,في حال تواجده بالملعب يعيشك بحاله اكتئاب
هذا إكتئاب,1,0,0,اكتئاب,هذا اكتئاب
أقسم باله وبمن أحل القسم انا بهم وكربه,1,0,0,اقسم باله وبمن احل القسم انا بهم وكربه,اقسم باله وبمن احل القسم انا بهم وكربه
الجو كئيب كآبه غير طبيعيه,1,1,0,الجو كئيب كابه غير طبيعيه,الجو كئيب كابه غير طبيعيه
حياة تفتقر لجودة وليس اكتئاب ✅,1,0,0,حياه تفتقر لجوده وليس اكتئاب,حياه تفتقر لجوده وليس اكتئاب ✅
اكتئاب الصبح ده🌚,1,0,0,اكتئاب الصبح ده🌚,اكتئاب الصبح ده🌚
حزن😓,1,0,0,حزن😓,حزن😓
اناتومي ال لحاله كفيل ب اكتئاب حاد,1,0,0,اناتومي لحاله كفيل اكتئاب حاد,اناتومي ال لحاله كفيل ب اكتئاب حاد
لا شدعوا مو اكتئاب بس ملينا,1,1,0,شدعوا اكتئاب ملينا,لا شدعوا مو اكتئاب بس ملينا
لو اضمن طريقة انتحار ما تؤلم بسويها الحياة كإمرأة سعودية مقرفة مقرفة مقرفة لا اصدقاء كويسين لا اهل كويسين ,1,1,0,اضمن طريقه انتحار تؤلم بسويها الحياه كامراه سعوديه مقرفه مقرفه مقرفه اصدقاء كويسين اهل كويسين,لو اضمن طريقه انتحار ما تؤلم بسويها الحياه كامراه سعوديه مقرفه مقرفه مقرفه لا اصدقاء كويسين لا اهل كويسين
عايزة اعيط اوي لحد ما انام,1,1,0,عايزه اعيط اوي لحد انام,عايزه اعيط اوي لحد ما انام
"تراوح الأفكار مابين الإنتحار والموت تخشى نتيجة الأولى وتخشى تأخر الثانية لاتعلم أي شيء سوى_x000D_
أنك لاترغب بالعيش يومًا آخر",1,0,0,تراوح الافكار مابين الانتحار والموت تخشي نتيجه الاولي وتخشي تاخر الثانيه لاتعلم شيء سوي انك لاترغب بالعيش يوما اخر,تراوح الافكار مابين الانتحار والموت تخشي نتيجه الاولي وتخشي تاخر الثانيه لاتعلم اي شيء سوي_x<NUM>D_انك لاترغب بالعيش يوما اخر
احسني دخلت ب اكتئاب,1,0,0,احسني دخلت اكتئاب,احسني دخلت ب اكتئاب
تداهمني نوبة إكتئاب,1,0,0,تداهمني نوبه اكتئاب,تداهمني نوبه اكتئاب
لازلت غارق في اكتئابي وهاذا يولمني,1,0,0,لازلت غارق اكتئابي وهاذا يولمني,لازلت غارق في اكتئابي وهاذا يولمني
ربّاهُ إنّي مثقلُ وأكادُ أفتقِدُ الشهيق ربّاهُ إنّي ضائِعَ والأرضُ في عيني تضيق,1,0,0,رباه اني مثقل واكاد افتقد الشهيق رباه اني ضائع والارض عيني تضيق,رباه اني مثقل واكاد افتقد الشهيق رباه اني ضائع والارض في عيني تضيق
أشتهي عُزلة 💔,1,0,0,اشتهي عزله,اشتهي عزله 💔
حزن من شدّته يخرسك,1,0,0,حزن شدته يخرسك,حزن من شدته يخرسك
احسني مكتئب مره صعب اذاكر من هنا وانسى من هنا ليتني ماطلعت من بطن امي😣,1,0,0,احسني مكتئب مره صعب اذاكر وانسي ليتني ماطلعت بطن امي😣,احسني مكتئب مره صعب اذاكر من هنا وانسي من هنا ليتني ماطلعت من بطن امي😣
"عن كلِّ حُزنٍ قَد نديرُ وجُوهنَا_x000D_
لكنَّ وجهَ القلبِ كيفَ يُدارُ",1,0,0,حزن ندير وجوهنا وجه القلب يدار,عن كل حزن قد ندير وجوهنا_x<NUM>D_لكن وجه القلب كيف يدار
اشتقت ابكي,1,0,0,اشتقت ابكي,اشتقت ابكي
"التفكير ف الانتحار ↖️↖️↖️↖️↖️_x000D_
_x000D_
😂",1,0,0,التفكير الانتحار ↖️↖️↖️↖️↖️,التفكير ف الانتحار ↖️↖️↖️↖️↖️_x<NUM>D__x<NUM>D_😂
نوبة اكتئاب شديد دون سب وجيه,1,0,0,نوبه اكتئاب شديد دون وجيه,نوبه اكتئاب شديد دون سب وجيه
بعض الاهل هم سبب اكتئاب اولادهم,1,0,0,بعض الاهل سبب اكتئاب اولادهم,بعض الاهل هم سبب اكتئاب اولادهم
يوه كآبه الف,1,0,0,يوه كابه الف,يوه كابه الف
ظننت ان الحُزن لن يدوم و سيرحل كما رحل كل شئ، لكن رحل كل شئ و لم يرحل حُزني,1,1,0,ظننت الحزن يدوم سيرحل رحل شئ، رحل يرحل حزني,ظننت ان الحزن لن يدوم و سيرحل كما رحل كل شئ، لكن رحل كل شئ و لم يرحل حزني
معنديش طاقه اعمل حتى ابسط الحاجات الضرورية زى أن أنا انزل اجيب لبس او اكلم حد اساله عليه .. يدوبك شوية الطاقه اللى عندي بعمل بيهم شاي واغسل المواعين.,1,0,0,معنديش طاقه اعمل حتي ابسط الحاجات الضروريه انا انزل اجيب لبس اكلم اساله عليه يدوبك شويه الطاقه اللي عندي بعمل بيهم شاي واغسل المواعين,معنديش طاقه اعمل حتي ابسط الحاجات الضروريه زي ان انا انزل اجيب لبس او اكلم حد اساله عليه .. يدوبك شويه الطاقه اللي عندي بعمل بيهم شاي واغسل المواعين.
 انا محتاج طبيب نفسى 🙂,1,0,0,انا محتاج طبيب نفسي,انا محتاج طبيب نفسي 🙂
والله لولا ان الانتحار حرام كنت عملته من زمان,1,0,0,والله لولا الانتحار حرام كنت عملته زمان,والله لولا ان الانتحار حرام كنت عملته من زمان
العجز و قلة الحيلة غلبوني بقيت اخاف اقول لحد بحبك او متخافش او انا جنبك عشان عارفة ان هيجي يوم ضعفي و خوفي يغلبوني,1,0,0,العجز قله الحيله غلبوني بقيت اخاف اقول لحد بحبك متخافش انا جنبك عشان عارفه هيجي يوم ضعفي خوفي يغلبوني,العجز و قله الحيله غلبوني بقيت اخاف اقول لحد بحبك او متخافش او انا جنبك عشان عارفه ان هيجي يوم ضعفي و خوفي يغلبوني
أحس رغم إني أتفهم كلامه مسبقًا عن كون الي يحس فيه هو السأم فعلًا بس كلما قريت أكثر بديت أشك مو مكن يكون بكل بسا,1,0,0,احس رغم اني اتفهم كلامه مسبقا كون الي يحس فيه السام فعلا كلما قريت اكثر بديت اشك مكن بكل بسا,احس رغم اني اتفهم كلامه مسبقا عن كون الي يحس فيه هو السام فعلا بس كلما قريت اكثر بديت اشك مو مكن يكون بكل بسا
"جيل ال90 حظو ضاع _x000D_
وجيل ال20 مقضيها اكتئاب 😂",1,0,0,جيل حظو ضاع وجيل مقضيها اكتئاب,جيل ال<NUM> حظو ضاع _x<NUM>D_وجيل ال<NUM> مقضيها اكتئاب 😂
انا كنت اقاوم كثير و اكبت واكبت لين ظهرت لي نوبات هلع والالام جسدية وارهاق واكتئاب شديد,1,0,0,انا كنت اقاوم كثير اكبت واكبت لين ظهرت نوبات هلع والالام جسديه وارهاق واكتئاب شديد,انا كنت اقاوم كثير و اكبت واكبت لين ظهرت لي نوبات هلع والالام جسديه وارهاق واكتئاب شديد
حزن واله😔💔,1,0,0,حزن واله😔💔,حزن واله😔💔
الدُنيا عبست في وجهي كثيرًا ولا أريدها أن تعبس أكثر لقد عانيتُ ما عانيت من نزلات الحُزن المُزمنة ولا أحتاج إلى كآبةٍ أكثر من ذلك,1,1,0,الدنيا عبست وجهي كثيرا ولا اريدها تعبس اكثر لقد عانيت عانيت نزلات الحزن المزمنه ولا احتاج الي كابه اكثر,الدنيا عبست في وجهي كثيرا ولا اريدها ان تعبس اكثر لقد عانيت ما عانيت من نزلات الحزن المزمنه ولا احتاج الي كابه اكثر من ذلك
عاش انا مكتئب ضحكني,1,0,0,عاش انا مكتئب ضحكني,عاش انا مكتئب ضحكني
"عسى ما ينتهي عمري وأنا متوسد جرحي _x000D_
يحاصرني ألم ذكرى سكنها حزن مترامي ✍🏽",1,1,0,عسي ينتهي عمري وانا متوسد جرحي يحاصرني الم ذكري سكنها حزن مترامي,عسي ما ينتهي عمري وانا متوسد جرحي _x<NUM>D_يحاصرني الم ذكري سكنها حزن مترامي ✍🏽
حزن حزن حزن,1,0,0,حزن حزن حزن,حزن حزن حزن
الحياة توماتش كآبة ولا يتهيئ لي,1,0,0,الحياه توماتش كابه ولا يتهيئ,الحياه توماتش كابه ولا يتهيئ لي
أنا مقدر واله إن كلنا عندنا اكتئاب بس رجاء ذوقياً متبخلش في أنك تبان مبسوط لو حد عملك حاجة تبسطك ولما حد يسأل على,1,0,0,انا مقدر واله كلنا عندنا اكتئاب رجاء ذوقيا متبخلش انك تبان مبسوط عملك حاجه تبسطك ولما يسال علي,انا مقدر واله ان كلنا عندنا اكتئاب بس رجاء ذوقيا متبخلش في انك تبان مبسوط لو حد عملك حاجه تبسطك ولما حد يسال علي
"لو كان الانتحار ليس طريقاً لنار _x000D_
كان ودعتكم من زمان 🙇🏻‍♂️💔",1,1,0,الانتحار ليس طريقا لنار ودعتكم زمان 🙇🏻‍♂️💔,لو كان الانتحار ليس طريقا لنار _x<NUM>D_كان ودعتكم من زمان 🙇🏻♂️💔
كآبه وسواد الجو يشبه الاختبار,1,0,0,كابه وسواد الجو يشبه الاختبار,كابه وسواد الجو يشبه الاختبار
كآبه مافيها حياة ولامعنى,1,0,0,كابه مافيها حياه ولامعني,كابه مافيها حياه ولامعني
بروزاك,1,0,0,بروزاك,بروزاك
كِانت حيَاتي عُذاباً هائلاً لمُ يعِرفة ولمُ يفِهمة الآخرون,1,0,0,حياتي عذابا هائلا يعرفه ولم يفهمه الاخرون,كانت حياتي عذابا هائلا لم يعرفه ولم يفهمه الاخرون
حزن على مريضه حالتها صعبه,1,0,0,حزن علي مريضه حالتها صعبه,حزن علي مريضه حالتها صعبه
أتمنى يجي اليوم الي أروح لما صديقاتي يعزموني لكن الرهاب الإجتماعي مشكلة الله ياخدْه,1,0,0,اتمني يجي اليوم الي اروح لما صديقاتي يعزموني الرهاب الاجتماعي مشكله الله ياخده,اتمني يجي اليوم الي اروح لما صديقاتي يعزموني لكن الرهاب الاجتماعي مشكله الله ياخده
احس دخلت اكتئاب م امزح,1,0,0,احس دخلت اكتئاب امزح,احس دخلت اكتئاب م امزح
اكتئاب واله مش اكتر💔,1,0,0,اكتئاب واله اكتر💔,اكتئاب واله مش اكتر💔
جالسه اسوي وانا ابكي,1,0,0,جالسه اسوي وانا ابكي,جالسه اسوي وانا ابكي
عزله برضو 🌚😂,1,0,0,عزله برضو,عزله برضو 🌚😂
ابكي كل يوم قبل ما انام,1,1,0,ابكي يوم انام,ابكي كل يوم قبل ما انام
قبل شوي جونا ضيوف وانا داخله متحمسه متكشخه واول ماجلست انربط لساني وتوترت ولاعرفت اصب قهوه الله يلعن الرهاب بس,1,0,0,شوي جونا ضيوف وانا داخله متحمسه متكشخه واول ماجلست انربط لساني وتوترت ولاعرفت اصب قهوه الله يلعن الرهاب,قبل شوي جونا ضيوف وانا داخله متحمسه متكشخه واول ماجلست انربط لساني وتوترت ولاعرفت اصب قهوه الله يلعن الرهاب بس
يا ريتني بقرة عالأقل ما عندها هموم و اكتئاب و جامعة,1,1,0,ريتني بقره عالاقل عندها هموم اكتئاب جامعه,يا ريتني بقره عالاقل ما عندها هموم و اكتئاب و جامعه
اتوقع لو تكشفين عليها يجيك اكتئاب,1,0,0,اتوقع تكشفين عليها يجيك اكتئاب,اتوقع لو تكشفين عليها يجيك اكتئاب
بلا سبب افتقد طعم الايام التي اعيشها اشعر وكأني اعيش نفس اليوم الف مرة ولا يختلف فيه سوى تاريخه,1,0,0,بلا سبب افتقد طعم الايام التي اعيشها اشعر وكاني اعيش نفس اليوم الف مره ولا يختلف فيه سوي تاريخه,بلا سبب افتقد طعم الايام التي اعيشها اشعر وكاني اعيش نفس اليوم الف مره ولا يختلف فيه سوي تاريخه
إيه كمية الإكتئاب إلي بتيجي لواحد بعد رمضان دي أستغفر اله العظيم الواحد ملوش مزاج لأي حاجه خالص 😔,1,0,0,ايه كميه الاكتئاب الي بتيجي لواحد رمضان استغفر اله العظيم الواحد ملوش مزاج لاي حاجه خالص,ايه كميه الاكتئاب الي بتيجي لواحد بعد رمضان دي استغفر اله العظيم الواحد ملوش مزاج لاي حاجه خالص 😔
مُكتئب وفاقد الأمل بكل شي,1,0,0,مكتئب وفاقد الامل بكل,مكتئب وفاقد الامل بكل شي
شسوي 😭💔 جايني رهاب مرضي منها كذا تجيني افكار اني بختنق 😭,1,0,0,شسوي جايني رهاب مرضي منها كذا تجيني افكار اني بختنق,شسوي 😭💔 جايني رهاب مرضي منها كذا تجيني افكار اني بختنق 😭
الفيديو جابلي اكتئاب 😢,1,0,0,الفيديو جابلي اكتئاب,الفيديو جابلي اكتئاب 😢
أما أنا فقد نسيت شكل الأيام وهي سعيدة,1,0,0,اما انا فقد نسيت شكل الايام وهي سعيده,اما انا فقد نسيت شكل الايام وهي سعيده
احس اني دخلت حاله اكتئاب او شي,1,0,0,احس اني دخلت حاله اكتئاب,احس اني دخلت حاله اكتئاب او شي
احتاج طبيب نفسي وبدون شك 😂,1,0,0,احتاج طبيب نفسي وبدون,احتاج طبيب نفسي وبدون شك 😂
نفسي اروح عزله لحالي بدون ولا شي 💔,1,1,0,نفسي اروح عزله لحالي بدون ولا,نفسي اروح عزله لحالي بدون ولا شي 💔
مش مخصوصين اكتئاب و اله,1,0,0,مخصوصين اكتئاب اله,مش مخصوصين اكتئاب و اله
"انها ليلة حزن ليلة فراق _x000D_
_x000D_
‌واعلياه",1,0,0,انها ليله حزن ليله فراق ‌واعلياه,انها ليله حزن ليله فراق _x<NUM>D__x<NUM>D_واعلياه
لو الانتحار مايودي لنار كان ريحت نفسي,1,0,0,الانتحار مايودي لنار ريحت نفسي,لو الانتحار مايودي لنار كان ريحت نفسي
حرفيا انا كل ما احس نفسي داخلة على موجة اكتئاب بقص شعري او بحلق,1,1,0,حرفيا انا احس نفسي داخله علي موجه اكتئاب بقص شعري بحلق,حرفيا انا كل ما احس نفسي داخله علي موجه اكتئاب بقص شعري او بحلق
الله ياخذ الاكتئاب الي مسيطر علي هاليومين 💔,1,0,0,الله ياخذ الاكتئاب الي مسيطر علي هاليومين,الله ياخذ الاكتئاب الي مسيطر علي هاليومين 💔
انا اول في كأبة بس نكد انت 😂,1,0,0,انا اول كابه نكد انت,انا اول في كابه بس نكد انت 😂
ياولد عندي قلق😭,1,0,0,ياولد عندي قلق😭,ياولد عندي قلق😭
انا قاعد في اكتئاب لعند توا 😞,1,0,0,انا قاعد اكتئاب لعند توا,انا قاعد في اكتئاب لعند توا 😞
لقِد تعُبت من كل شيء لا اعِرف لمُا أبدو منهكاً إلى هاذا الحّد كُتنهيدة عُميقة بلا حُزن كصّراخ مُرعب بلا ألم,1,1,0,لقد تعبت شيء اعرف لما ابدو منهكا الي هاذا الحد كتنهيده عميقه بلا حزن كصراخ مرعب بلا الم,لقد تعبت من كل شيء لا اعرف لما ابدو منهكا الي هاذا الحد كتنهيده عميقه بلا حزن كصراخ مرعب بلا الم
أنا أسعد مكتئب و أكبر أجتماعي منعزل أذكى متغابي و أيضاً أغرب إنسان مفهوم,1,0,0,انا اسعد مكتئب اكبر اجتماعي منعزل اذكي متغابي ايضا اغرب انسان مفهوم,انا اسعد مكتئب و اكبر اجتماعي منعزل اذكي متغابي و ايضا اغرب انسان مفهوم
حزن سَحيق من النّوع الي يسب لك لوعة في الكبد و يولد لديك رغبة أستفراغ مافي جُوفك,1,0,0,حزن سحيق النوع الي يسب لوعه الكبد يولد لديك رغبه استفراغ مافي جوفك,حزن سحيق من النوع الي يسب لك لوعه في الكبد و يولد لديك رغبه استفراغ مافي جوفك
غثى و كآبة,1,0,0,غثي كابه,غثي و كابه
تعبت امثل الفرحة وانا بداخلي حزن تعبت اضحك وانا بداخلي غصه  ,1,0,0,تعبت امثل الفرحه وانا بداخلي حزن تعبت اضحك وانا بداخلي غصه,تعبت امثل الفرحه وانا بداخلي حزن تعبت اضحك وانا بداخلي غصه
خدي مضاد اكتئاب من الصيدليه,1,0,0,خدي مضاد اكتئاب الصيدليه,خدي مضاد اكتئاب من الصيدليه
انا قرفان من الناس ومن البشريه وعندى اسبابى ودوافعى المقنعه لاى حد عاقل مش اكتئاب او توحد او مشكله عندى انا هما الى ولاد وسخه,1,0,0,انا قرفان الناس ومن البشريه وعندي اسبابي ودوافعي المقنعه لاي عاقل اكتئاب توحد مشكله عندي انا هما الي ولاد وسخه,انا قرفان من الناس ومن البشريه وعندي اسبابي ودوافعي المقنعه لاي حد عاقل مش اكتئاب او توحد او مشكله عندي انا هما الي ولاد وسخه
الاكتئاب↖️↖️↖️↖️↖️↖️😩,1,0,0,,الاكتئاب↖️↖️↖️↖️↖️↖️😩
قاعده ابكي اف,1,0,0,قاعده ابكي,قاعده ابكي اف
ناقص اوبشن الانتحار 🙂😂💔,1,0,0,ناقص اوبشن الانتحار 🙂😂💔,ناقص اوبشن الانتحار 🙂😂💔
"وتنهمرُ عليكَ الأحزانُ دُفعةً واحدة ولاتعرف _x000D_
على أي حُزنً تحزن عليه أكثر",1,0,0,وتنهمر عليك الاحزان دفعه واحده ولاتعرف علي حزن تحزن عليه اكثر,وتنهمر عليك الاحزان دفعه واحده ولاتعرف _x<NUM>D_علي اي حزن تحزن عليه اكثر
أتألم بلا إحساس من دون أن يعلم أحد ولا حتى أنا ,1,0,0,اتالم بلا احساس دون يعلم احد ولا حتي انا,اتالم بلا احساس من دون ان يعلم احد ولا حتي انا
عندي رهاب إجتماعي حاد مستحيل كف ايدي ما يعرق اذا كلمت مجموعة من الأشخاص و كلهم يطالعوني,1,1,0,عندي رهاب اجتماعي حاد مستحيل ايدي يعرق اذا كلمت مجموعه الاشخاص كلهم يطالعوني,عندي رهاب اجتماعي حاد مستحيل كف ايدي ما يعرق اذا كلمت مجموعه من الاشخاص و كلهم يطالعوني
انا الي ماكنت انام باليل عشان انام بالمدرسه وبكذا اخف من الرهاب والتوتر ويطلع شكلي من برا كول وانا بالحقيقه منبوذ,1,0,0,انا الي ماكنت انام باليل عشان انام بالمدرسه وبكذا اخف الرهاب والتوتر ويطلع شكلي برا كول وانا بالحقيقه منبوذ,انا الي ماكنت انام باليل عشان انام بالمدرسه وبكذا اخف من الرهاب والتوتر ويطلع شكلي من برا كول وانا بالحقيقه منبوذ
حد راش إكتئاب ف الجو,1,0,0,راش اكتئاب الجو,حد راش اكتئاب ف الجو
يومي كله يا نايمه يا اذاكر وخذلك احلا اكتئاب,1,0,0,يومي كله نايمه اذاكر وخذلك احلا اكتئاب,يومي كله يا نايمه يا اذاكر وخذلك احلا اكتئاب
ابكي,1,0,0,ابكي,ابكي
"رمضان غير 😁_x000D_
المهم نبي الحظر يخلص واله صار فينا اكتئاب وهم",1,1,0,رمضان غير المهم نبي الحظر يخلص واله صار فينا اكتئاب وهم,رمضان غير 😁_x<NUM>D_المهم نبي الحظر يخلص واله صار فينا اكتئاب وهم
جاني اكتئاب من العيشة,1,0,0,جاني اكتئاب العيشه,جاني اكتئاب من العيشه
انا مكتئب مكتئب جداً,1,0,1,انا مكتئب مكتئب جدا,انا مكتئب مكتئب جدا
انا عندي اكتئاب بعد وقمت اتهاوش مع الناس الحين مابقى عندي ناس,1,0,0,انا عندي اكتئاب وقمت اتهاوش الناس الحين مابقي عندي ناس,انا عندي اكتئاب بعد وقمت اتهاوش مع الناس الحين مابقي عندي ناس
"خايفة افتح الاسبيس دي الاقي كلام ناس كبيرة و صعب و احزن ع نفسي اكتر ما أنا حزينة _x000D_
أنا مرة فتحتها طلعت عندي اكتئاب بجد",1,1,0,خايفه افتح الاسبيس الاقي كلام ناس كبيره صعب احزن نفسي اكتر انا حزينه انا مره فتحتها طلعت عندي اكتئاب بجد,خايفه افتح الاسبيس دي الاقي كلام ناس كبيره و صعب و احزن ع نفسي اكتر ما انا حزينه _x<NUM>D_انا مره فتحتها طلعت عندي اكتئاب بجد
احس عندي طاقة كآبة مي طبيعية,1,0,0,احس عندي طاقه كابه طبيعيه,احس عندي طاقه كابه مي طبيعيه
خلصت دموعي واحس ابغا ابكي بعد,1,0,0,خلصت دموعي واحس ابغا ابكي,خلصت دموعي واحس ابغا ابكي بعد
لو كان الانتحار حلال كان انتحرت من اول,1,0,0,الانتحار حلال انتحرت اول,لو كان الانتحار حلال كان انتحرت من اول
أُحاول أن أتجاهل ما بداخلي لكنهُ يؤلم اكتئاب,1,1,0,احاول اتجاهل بداخلي لكنه يؤلم اكتئاب,احاول ان اتجاهل ما بداخلي لكنه يؤلم اكتئاب
كان قلبي يتقطع,1,0,0,قلبي يتقطع,كان قلبي يتقطع
الواحد مش عارف دا اكتئاب ولا هدوء ولا مقاومه ولا انهيار💔,1,0,0,الواحد عارف اكتئاب ولا هدوء ولا مقاومه ولا انهيار💔,الواحد مش عارف دا اكتئاب ولا هدوء ولا مقاومه ولا انهيار💔
لكن كيف نتأكد أن إنتحاره ناتج عن ألم نفسي ثم كيف نقر أن ما أصابه إكتئاب و لا غير,1,1,0,نتاكد انتحاره ناتج الم نفسي نقر اصابه اكتئاب غير,لكن كيف نتاكد ان انتحاره ناتج عن الم نفسي ثم كيف نقر ان ما اصابه اكتئاب و لا غير
وليش تأنيب ضمير لم نكن سبب في معاناة أحد نحن الضحية مرض  وصمة  إبعاد عن الوظيفة شتات إجتماعي إكتئاب ديون,1,1,0,وليش تانيب ضمير نكن سبب معاناه احد الضحيه مرض وصمه ابعاد الوظيفه شتات اجتماعي اكتئاب ديون,وليش تانيب ضمير لم نكن سبب في معاناه احد نحن الضحيه مرض وصمه ابعاد عن الوظيفه شتات اجتماعي اكتئاب ديون
معلومة الرضاعة الطبيعية تحمي من اكتئاب ما بعد الولادة,1,1,0,معلومه الرضاعه الطبيعيه تحمي اكتئاب الولاده,معلومه الرضاعه الطبيعيه تحمي من اكتئاب ما بعد الولاده
محتاجه عزله طويله اروض فيها نفسي وارتب افكاري مش مرتاحه,1,0,0,محتاجه عزله طويله اروض فيها نفسي وارتب افكاري مرتاحه,محتاجه عزله طويله اروض فيها نفسي وارتب افكاري مش مرتاحه
حزين مكتئب منطفي انا,1,0,0,حزين مكتئب منطفي انا,حزين مكتئب منطفي انا
"ابكي من البعد ولا ابكي من الذكرى _x000D_
الضيق في خاطري والدمع في عيني",1,0,0,ابكي البعد ولا ابكي الذكري الضيق خاطري والدمع عيني,ابكي من البعد ولا ابكي من الذكري _x<NUM>D_الضيق في خاطري والدمع في عيني
والله العظيم افكر اروح طبيب نفسي او راح انهي حياتي,1,0,0,والله العظيم افكر اروح طبيب نفسي راح انهي حياتي,والله العظيم افكر اروح طبيب نفسي او راح انهي حياتي
ازاي اتخلصت من الاكتئاب لو معندكش مانع تقول,1,0,0,ازاي اتخلصت الاكتئاب معندكش مانع تقول,ازاي اتخلصت من الاكتئاب لو معندكش مانع تقول
"حتي طعامي المفضل لم يعد يسب لي البهجة ولا المشي تحت المطر ولا سماع أغنية أحبها و لا المشاعر المؤقته_x000D_
لا شئ يعجبني أريد أن أبكي",1,1,0,حتي طعامي المفضل يعد يسب البهجه ولا المشي تحت المطر ولا سماع اغنيه احبها المشاعر المؤقته يعجبني اريد ابكي,حتي طعامي المفضل لم يعد يسب لي البهجه ولا المشي تحت المطر ولا سماع اغنيه احبها و لا المشاعر المؤقته_x<NUM>D_لا شئ يعجبني اريد ان ابكي
ايوه رهاب لأن نفس الأعراض والأحاسيس الي تجيني,1,0,0,ايوه رهاب لان نفس الاعراض والاحاسيس الي تجيني,ايوه رهاب لان نفس الاعراض والاحاسيس الي تجيني
والله ما أنا عارف هو اكتئاب ولا انطفاء ولا نضج ولا وحدة ولا توحد ولا,1,1,0,والله انا عارف اكتئاب ولا انطفاء ولا نضج ولا وحده ولا توحد ولا,والله ما انا عارف هو اكتئاب ولا انطفاء ولا نضج ولا وحده ولا توحد ولا
"يا سلام عليك_x000D_
انا شخصياَ لامن يبتعد مني زول بيني اكتئاب_x000D_
ما بحب اخسر زول بي هينة",1,1,0,سلام عليك انا شخصيا لامن يبتعد مني زول بيني اكتئاب بحب اخسر زول هينه,يا سلام عليك_x<NUM>D_انا شخصيا لامن يبتعد مني زول بيني اكتئاب_x<NUM>D_ما بحب اخسر زول بي هينه
ياس,1,0,0,ياس,ياس
فكره الانتحار تراودني لكني اخاف على امي وش الحل — تعوذ من ابليس والجأ لي دكتور ,1,0,0,فكره الانتحار تراودني لكني اخاف علي امي الحل تعوذ ابليس والجا دكتور,فكره الانتحار تراودني لكني اخاف علي امي وش الحل - تعوذ من ابليس والجا لي دكتور
لا ي آيات انا مكن يجيلي اكتئاب فيها انتي استرونج 🥺,1,1,0,ايات انا مكن يجيلي اكتئاب فيها انتي استرونج,لا ي ايات انا مكن يجيلي اكتئاب فيها انتي استرونج 🥺
حاسة اني فترة اكتئاب هترجعلي تاني…,1,0,0,حاسه اني فتره اكتئاب هترجعلي تاني…,حاسه اني فتره اكتئاب هترجعلي تاني...
انا مكتئب جداً 🙂,1,0,1,انا مكتئب جدا,انا مكتئب جدا 🙂
صداع نصفي ارق اضطراب بالأكل اكتئاب فقدان الشغف,1,0,0,صداع نصفي ارق اضطراب بالاكل اكتئاب فقدان الشغف,صداع نصفي ارق اضطراب بالاكل اكتئاب فقدان الشغف
طول عمري نفسي اتعلم نجاره ولما روحت اسأل علي سعر الكورس لقيت رقم الهم احفظنا يجيب اكتئاب,1,0,0,طول عمري نفسي اتعلم نجاره ولما روحت اسال علي سعر الكورس لقيت رقم الهم احفظنا يجيب اكتئاب,طول عمري نفسي اتعلم نجاره ولما روحت اسال علي سعر الكورس لقيت رقم الهم احفظنا يجيب اكتئاب
وقد نبكي ولكن البكاء لن يُذيب الحزن,1,1,0,وقد نبكي ولكن البكاء يذيب الحزن,وقد نبكي ولكن البكاء لن يذيب الحزن
ودي اعيش في عزلة ما ابي احد في مكان بعيد بس انا ويكون معي خيلي وبس بدون احد,1,1,0,ودي اعيش عزله ابي احد مكان بعيد انا ويكون معي خيلي وبس بدون احد,ودي اعيش في عزله ما ابي احد في مكان بعيد بس انا ويكون معي خيلي وبس بدون احد
الهم لا شتات ولا قلق الهُم طمأنينة,1,1,0,الهم شتات ولا قلق الهم طمانينه,الهم لا شتات ولا قلق الهم طمانينه
ابوي مسوي لي مفاجاة بمناسبة انه خلصت اختبارات قر يسوي عزيمة رمضان بكرا و أتساءل ليش عندي اكتئاب,1,0,0,ابوي مسوي مفاجاه بمناسبه انه خلصت اختبارات يسوي عزيمه رمضان بكرا اتساءل ليش عندي اكتئاب,ابوي مسوي لي مفاجاه بمناسبه انه خلصت اختبارات قر يسوي عزيمه رمضان بكرا و اتساءل ليش عندي اكتئاب
قايز باركو لي نجحت وعديت ب بالرغم من اني مكتئب,1,0,0,قايز باركو نجحت وعديت بالرغم اني مكتئب,قايز باركو لي نجحت وعديت ب بالرغم من اني مكتئب
انا العكس احبهم مرا وتكون عندنا فعاليات وسهر ونبسط بس يجيني اكتئاب فيها ما احبها,1,1,0,انا العكس احبهم مرا وتكون عندنا فعاليات وسهر ونبسط يجيني اكتئاب فيها احبها,انا العكس احبهم مرا وتكون عندنا فعاليات وسهر ونبسط بس يجيني اكتئاب فيها ما احبها
ببالغ الحزن أم بالحزن أبلغكم ؟!! اني حزين ومن حزني أودعكم ,1,0,0,ببالغ الحزن بالحزن ابلغكم اني حزين ومن حزني اودعكم,ببالغ الحزن ام بالحزن ابلغكم ؟!! اني حزين ومن حزني اودعكم
انقذونا قبل العيد رمضان  والله الواحد ماعاد يدري هو الي عنده إكتئاب ولاخمول ولا حالة نفسية ولا هذي شخصيته ,1,0,0,انقذونا العيد رمضان والله الواحد ماعاد يدري الي عنده اكتئاب ولاخمول ولا حاله نفسيه ولا هذي شخصيته,انقذونا قبل العيد رمضان والله الواحد ماعاد يدري هو الي عنده اكتئاب ولاخمول ولا حاله نفسيه ولا هذي شخصيته
مكتئب قليلا,1,0,0,مكتئب قليلا,مكتئب قليلا
اعُوذ باله من حُزن اصاب قلبي من اوجاع الدنيا واقدارها,1,0,0,اعوذ باله حزن اصاب قلبي اوجاع الدنيا واقدارها,اعوذ باله من حزن اصاب قلبي من اوجاع الدنيا واقدارها
صوفيا ساعديني بتزوج قريب بس عندي رهاب من الزواج والله بالله احد يساعدني,1,0,0,صوفيا ساعديني بتزوج قريب عندي رهاب الزواج والله بالله احد يساعدني,صوفيا ساعديني بتزوج قريب بس عندي رهاب من الزواج والله بالله احد يساعدني
صح تخيلي البيست قالي بيسافر الشهر الجاي وانا مكتئب,1,0,0,تخيلي البيست قالي بيسافر الشهر الجاي وانا مكتئب,صح تخيلي البيست قالي بيسافر الشهر الجاي وانا مكتئب
في حزن مايروح الا بالسفر 🍂,1,0,0,حزن مايروح الا بالسفر,في حزن مايروح الا بالسفر 🍂
وأنا قعدت سنة أبكي وداخلة اكتئاب لأن ما قدرت أروح الرياض,1,1,0,وانا قعدت سنه ابكي وداخله اكتئاب لان قدرت اروح الرياض,وانا قعدت سنه ابكي وداخله اكتئاب لان ما قدرت اروح الرياض
انا بقيت طول اليوم في السرير,1,0,0,انا بقيت طول اليوم السرير,انا بقيت طول اليوم في السرير
تواصلت مع قسم الخدمات النفسية بالجامعة انتظمت على جلسات علاج سلوكي مضاد اكتئاب,1,0,0,تواصلت قسم الخدمات النفسيه بالجامعه انتظمت علي جلسات علاج سلوكي مضاد اكتئاب,تواصلت مع قسم الخدمات النفسيه بالجامعه انتظمت علي جلسات علاج سلوكي مضاد اكتئاب
ابحث احياناً عن نفسي,1,0,0,ابحث احيانا نفسي,ابحث احيانا عن نفسي
لا والله احتاج عزله مع نفسي,1,1,0,والله احتاج عزله نفسي,لا والله احتاج عزله مع نفسي
يبدو أني مُقبلة على موجةِ إكتئاب قاتلة أشعُر بألم ٍلا يتوقف في صدريّ منذ عِدة أيام متالية,1,0,0,يبدو اني مقبله علي موجه اكتئاب قاتله اشعر بالم يتوقف صدري منذ عده ايام متاليه,يبدو اني مقبله علي موجه اكتئاب قاتله اشعر بالم لا يتوقف في صدري منذ عده ايام متاليه
"أنا اكثر شخص مكتئب ويضحك_x000D_
هذانا",1,0,0,انا اكثر شخص مكتئب ويضحك هذانا,انا اكثر شخص مكتئب ويضحك_x<NUM>D_هذانا
مش ناقصة كآبة علي الله حكايتكو,1,0,0,ناقصه كابه علي الله حكايتكو,مش ناقصه كابه علي الله حكايتكو
جبتولى اكتئاب اكتر من الى عندى🙄,1,0,0,جبتولي اكتئاب اكتر الي عندي🙄,جبتولي اكتئاب اكتر من الي عندي🙄
الامر اشبه ب انتزاع روحي كل ليله.,1,0,0,الامر اشبه انتزاع روحي ليله,الامر اشبه ب انتزاع روحي كل ليله.
خايفة من الوحدة اوي,1,0,0,خايفه الوحده اوي,خايفه من الوحده اوي
اخواتي الي معاهم اكتئاب راسلوني خاص لو تكرمتوا انا اعالجكم باذن اله تعالى و لوجه اله تعالى,1,0,0,اخواتي الي معاهم اكتئاب راسلوني خاص تكرمتوا انا اعالجكم باذن اله تعالي لوجه اله تعالي,اخواتي الي معاهم اكتئاب راسلوني خاص لو تكرمتوا انا اعالجكم باذن اله تعالي و لوجه اله تعالي
اصل استحالة يبقي كل ده اكتئاب دي اكيد حياتي يعني,1,0,0,اصل استحاله يبقي اكتئاب اكيد حياتي يعني,اصل استحاله يبقي كل ده اكتئاب دي اكيد حياتي يعني
كل ساعتين بقر اقفل كل حاجه وانعزل عن العالم ودا بدايه اكتئاب جديد بلا سبب,1,0,0,ساعتين بقر اقفل حاجه وانعزل العالم ودا بدايه اكتئاب جديد بلا سبب,كل ساعتين بقر اقفل كل حاجه وانعزل عن العالم ودا بدايه اكتئاب جديد بلا سبب
لازم طبيب نفسي عقب الحظر😅,1,0,0,لازم طبيب نفسي عقب الحظر😅,لازم طبيب نفسي عقب الحظر😅
كلنا عندنا اكتئاب بس لحين ابي حياتها,1,0,0,كلنا عندنا اكتئاب لحين ابي حياتها,كلنا عندنا اكتئاب بس لحين ابي حياتها
انا غالبا داخل في اكتئاب و حرفيا مش عاوز معايا حد,1,0,0,انا غالبا داخل اكتئاب حرفيا عاوز معايا,انا غالبا داخل في اكتئاب و حرفيا مش عاوز معايا حد
انا متعمقه بمشاكل السمنه كوني اعاني من الوزن الزائد ومنذ انجاب طفلي الاول وانا في صراع مع الاكتئاب واضطراب الاكل,1,0,0,انا متعمقه بمشاكل السمنه كوني اعاني الوزن الزائد ومنذ انجاب طفلي الاول وانا صراع الاكتئاب واضطراب الاكل,انا متعمقه بمشاكل السمنه كوني اعاني من الوزن الزائد ومنذ انجاب طفلي الاول وانا في صراع مع الاكتئاب واضطراب الاكل
سحابة كآبة بتشتي فوق البيت عندنا,1,0,0,سحابه كابه بتشتي فوق البيت عندنا,سحابه كابه بتشتي فوق البيت عندنا
اريد ان ابكي إلى حد ان ينقطع صوتي 😭 تعبت,1,0,0,اريد ابكي الي ينقطع صوتي تعبت,اريد ان ابكي الي حد ان ينقطع صوتي 😭 تعبت
فيني بقايا أكتئاب,1,0,0,فيني بقايا اكتئاب,فيني بقايا اكتئاب
يا مكتئب يالمخزول يا متعايش مع الاكتئاب,1,0,0,مكتئب يالمخزول متعايش الاكتئاب,يا مكتئب يالمخزول يا متعايش مع الاكتئاب
محبطه وعندي اكتئاب عشان تيته هتم ال 5 سنين وهي مش معايا كمان يومين,1,0,0,محبطه وعندي اكتئاب عشان تيته هتم سنين وهي معايا كمان يومين,محبطه وعندي اكتئاب عشان تيته هتم ال <NUM> سنين وهي مش معايا كمان يومين
اهلي كلهم فيهم كورونا واحتمال مايكون في عيد واحس اني مخنوقه وبديت ادخل حاله اكتئاب,1,0,0,اهلي كلهم فيهم كورونا واحتمال مايكون عيد واحس اني مخنوقه وبديت ادخل حاله اكتئاب,اهلي كلهم فيهم كورونا واحتمال مايكون في عيد واحس اني مخنوقه وبديت ادخل حاله اكتئاب
أنا وحيدٌ وقلبي بات في حَزَنِ في غربةِ الروحِ لا في غربةِ البدنِ,1,1,0,انا وحيد وقلبي بات حزن غربه الروح غربه البدن,انا وحيد وقلبي بات في حزن في غربه الروح لا في غربه البدن
ياعمري انا تجيني ١٠ايام بعض الاحيان وادخل حالة اكتئاب شديدة كيف انتِ😿,1,0,0,ياعمري انا تجيني ١٠ايام بعض الاحيان وادخل حاله اكتئاب شديده انت😿,ياعمري انا تجيني <NUM><NUM>ايام بعض الاحيان وادخل حاله اكتئاب شديده كيف انت😿
نوم واكل اكتئاب,1,0,0,نوم واكل اكتئاب,نوم واكل اكتئاب
جتني كآبه تذكرت الاختبار الساعه ٢ الظهر يبدأ 🙂☠️,1,0,0,جتني كابه تذكرت الاختبار الساعه الظهر يبدا 🙂☠️,جتني كابه تذكرت الاختبار الساعه <NUM> الظهر يبدا 🙂☠️
اكتئاب ما قبل السفر,1,1,0,اكتئاب السفر,اكتئاب ما قبل السفر
ليه ازعل لما اشوف شايب جالس بالحر ويترجاء الناس يشترون منه قسم باله حزن,1,0,0,ليه ازعل لما اشوف شايب جالس بالحر ويترجاء الناس يشترون منه قسم باله حزن,ليه ازعل لما اشوف شايب جالس بالحر ويترجاء الناس يشترون منه قسم باله حزن
من هو افضل طبيب نفسي مختص بعلاج الفصام والذهان,1,0,0,افضل طبيب نفسي مختص بعلاج الفصام والذهان,من هو افضل طبيب نفسي مختص بعلاج الفصام والذهان
إكتئاب وضرر نفسي,1,0,0,اكتئاب وضرر نفسي,اكتئاب وضرر نفسي
لڤل الاكتئاب والاحباط تعدى المستوى الطبيعي,1,0,0,لڤل الاكتئاب والاحباط تعدي المستوي الطبيعي,لڤل الاكتئاب والاحباط تعدي المستوي الطبيعي
جروب الدفعة او جروب السكشن كفيلين يجيبولي اكتئاب بقية سنين دراستي في الطب 🤦🏼🥲,1,0,0,جروب الدفعه جروب السكشن كفيلين يجيبولي اكتئاب بقيه سنين دراستي الطب 🤦🏼🥲,جروب الدفعه او جروب السكشن كفيلين يجيبولي اكتئاب بقيه سنين دراستي في الطب 🤦🏼🥲
لسى بينهم بس عالاغلب اكتئاب,1,0,0,لسي بينهم عالاغلب اكتئاب,لسي بينهم بس عالاغلب اكتئاب
شكله اكتئاب جماعي انا الي يقولي كلمة نقعد نبكي 😩,1,0,0,شكله اكتئاب جماعي انا الي يقولي كلمه نقعد نبكي,شكله اكتئاب جماعي انا الي يقولي كلمه نقعد نبكي 😩
بقيت بحارب الاكتئاب بانى مانع نفسى من التفكير كأنى ملاحظ عمال واقف وسط خلايا مخى بعصايه وبديهم مهمات عشوائية ,1,0,0,بقيت بحارب الاكتئاب باني مانع نفسي التفكير كاني ملاحظ عمال واقف وسط خلايا مخي بعصايه وبديهم مهمات عشوائيه,بقيت بحارب الاكتئاب باني مانع نفسي من التفكير كاني ملاحظ عمال واقف وسط خلايا مخي بعصايه وبديهم مهمات عشوائيه
لو الانتحار حلال كان خلصت على نفسي الحياة صعبه صعبه صعبه صعبه,1,0,0,الانتحار حلال خلصت علي نفسي الحياه صعبه صعبه صعبه صعبه,لو الانتحار حلال كان خلصت علي نفسي الحياه صعبه صعبه صعبه صعبه
اغنية لسه بدري دي حزينة اوي اينعم الدنيا حر واحنا تعبانين والناس مبترحمش صيام من غيره بس الاغنية دي بتقفلني,1,0,0,اغنيه لسه بدري حزينه اوي اينعم الدنيا واحنا تعبانين والناس مبترحمش صيام غيره الاغنيه بتقفلني,اغنيه لسه بدري دي حزينه اوي اينعم الدنيا حر واحنا تعبانين والناس مبترحمش صيام من غيره بس الاغنيه دي بتقفلني
حزينه حزن,1,0,0,حزينه حزن,حزينه حزن
بتجيبين لي اكتئاب على كثر ما كتبتيها,1,1,0,بتجيبين اكتئاب علي كثر كتبتيها,بتجيبين لي اكتئاب علي كثر ما كتبتيها
واله الواحد معاد يدري هو اكتئاب ولا انطفاء ولا نضج ولا انعدام الشغف ولا تخلف ولا حاله نفسيه ولا هذي شخصيته,1,0,0,واله الواحد معاد يدري اكتئاب ولا انطفاء ولا نضج ولا انعدام الشغف ولا تخلف ولا حاله نفسيه ولا هذي شخصيته,واله الواحد معاد يدري هو اكتئاب ولا انطفاء ولا نضج ولا انعدام الشغف ولا تخلف ولا حاله نفسيه ولا هذي شخصيته
احتاج حبوب ضد الاكتئاب,1,0,0,احتاج حبوب الاكتئاب,احتاج حبوب ضد الاكتئاب
انا بقيت اميل للموت او الانتحار بشكل عام و شايفه حل لكل الى بقابله و بشوفه فى حياتي,1,0,0,انا بقيت اميل للموت الانتحار بشكل عام شايفه لكل الي بقابله بشوفه حياتي,انا بقيت اميل للموت او الانتحار بشكل عام و شايفه حل لكل الي بقابله و بشوفه في حياتي
هو مش اكتئاب بس الإنسان محتاج تأهيل نفسي,1,0,0,اكتئاب الانسان محتاج تاهيل نفسي,هو مش اكتئاب بس الانسان محتاج تاهيل نفسي
السلام عليكم انا مريضة اكتئاب شديد ومقاوم جربت ادويه كثير ودكاتره اكثر ولا استفدت الا زاد المرض معايه,1,0,0,السلام عليكم انا مريضه اكتئاب شديد ومقاوم جربت ادويه كثير ودكاتره اكثر ولا استفدت الا زاد المرض معايه,السلام عليكم انا مريضه اكتئاب شديد ومقاوم جربت ادويه كثير ودكاتره اكثر ولا استفدت الا زاد المرض معايه
البروزاك حقي اختفى من مكانه وبعد جلطتين وتحضير لبرزنتيشن عن ليش آخذه حصلته طايح ورا الدولاب,1,0,0,البروزاك حقي اختفي مكانه وبعد جلطتين وتحضير لبرزنتيشن ليش اخذه حصلته طايح ورا الدولاب,البروزاك حقي اختفي من مكانه وبعد جلطتين وتحضير لبرزنتيشن عن ليش اخذه حصلته طايح ورا الدولاب
حزين مكتئب منطفي أنا,1,0,0,حزين مكتئب منطفي انا,حزين مكتئب منطفي انا
نفس الشعور مخنوقه وربي قلبي يدق ضعف الطبيعي,1,0,0,نفس الشعور مخنوقه وربي قلبي يدق ضعف الطبيعي,نفس الشعور مخنوقه وربي قلبي يدق ضعف الطبيعي
منكم انا جالي اكتئاب,1,0,0,منكم انا جالي اكتئاب,منكم انا جالي اكتئاب
يعني بتجي لو قلت لك فيني حزن أقسم برب الأفئده إني حزين,1,0,0,يعني بتجي قلت فيني حزن اقسم برب الافئده اني حزين,يعني بتجي لو قلت لك فيني حزن اقسم برب الافئده اني حزين
اجاني اكتئاب من ورا حلقة ملوك الجدعنة 💔,1,0,0,اجاني اكتئاب ورا حلقه ملوك الجدعنه,اجاني اكتئاب من ورا حلقه ملوك الجدعنه 💔
"استفسار ٦٣٥٨_x000D_
_x000D_
وش اسباب التوتر المفاجىء تعبت منه مو نوبه هلع لا توتر كذا💔",1,1,0,استفسار ٦٣٥٨ اسباب التوتر المفاجيء تعبت منه نوبه هلع توتر كذا💔,استفسار <NUM><NUM><NUM><NUM>_x<NUM>D__x<NUM>D_وش اسباب التوتر المفاجيء تعبت منه مو نوبه هلع لا توتر كذا💔
ناقصه قلق,1,0,0,ناقصه قلق,ناقصه قلق
يمكن الامفي منعش بس الكلمات حزن,1,0,0,يمكن الامفي منعش الكلمات حزن,يمكن الامفي منعش بس الكلمات حزن
الود ودي ابكي عشان اشبع نوم,1,0,0,الود ودي ابكي عشان اشبع نوم,الود ودي ابكي عشان اشبع نوم
كآبه يارجال,1,0,0,كابه يارجال,كابه يارجال
الموت راحة,1,0,0,الموت راحه,الموت راحه
كما لو أن فيضًا من الوحدة الغائرة تجري في عروقي,1,0,0,فيضا الوحده الغائره تجري عروقي,كما لو ان فيضا من الوحده الغائره تجري في عروقي
مو الكل ما تساعدهم انا مريضة اكتئاب و كنت اخذهم و ساعدوني,1,1,0,الكل تساعدهم انا مريضه اكتئاب كنت اخذهم ساعدوني,مو الكل ما تساعدهم انا مريضه اكتئاب و كنت اخذهم و ساعدوني
اكتشفت اني معنديش حد اروحله وانا مبسوط او حتي اروحله وانا زعلان شكلي كده ماليش حد أصلا وحيد,1,0,0,اكتشفت اني معنديش اروحله وانا مبسوط حتي اروحله وانا زعلان شكلي كده ماليش اصلا وحيد,اكتشفت اني معنديش حد اروحله وانا مبسوط او حتي اروحله وانا زعلان شكلي كده ماليش حد اصلا وحيد
سيبوني ابكي😭,1,0,0,سيبوني ابكي😭,سيبوني ابكي😭
احس بشعور حزن على ضيقه على ودي انام فتره ولا اقوم على افكار غبيه على توتر على قلق على اكتئاب ودي اهرب من كل شي لا,1,1,0,احس بشعور حزن علي ضيقه علي ودي انام فتره ولا اقوم علي افكار غبيه علي توتر علي قلق علي اكتئاب ودي اهرب,احس بشعور حزن علي ضيقه علي ودي انام فتره ولا اقوم علي افكار غبيه علي توتر علي قلق علي اكتئاب ودي اهرب من كل شي لا
قبل اسبوعين رحت المستشفى كان عندي موعد ولما كنت بالانتظار يدي كانت ترتجف وانا متعوده عليها لما اكون متوتره ترتجف,1,0,0,اسبوعين رحت المستشفي عندي موعد ولما كنت بالانتظار يدي ترتجف وانا متعوده عليها لما اكون متوتره ترتجف,قبل اسبوعين رحت المستشفي كان عندي موعد ولما كنت بالانتظار يدي كانت ترتجف وانا متعوده عليها لما اكون متوتره ترتجف
مرات ابكي قبل انام بعدين اقول لنفسي اخاف اموت بسكته قلبيه,1,0,0,مرات ابكي انام بعدين اقول لنفسي اخاف اموت بسكته قلبيه,مرات ابكي قبل انام بعدين اقول لنفسي اخاف اموت بسكته قلبيه
عايزه طريقه انتحار بدون الم كمان,1,1,0,عايزه طريقه انتحار بدون الم كمان,عايزه طريقه انتحار بدون الم كمان
تبقى قاعد في آمان اله تلاقي الاكتئاب كبس عليك,1,0,0,تبقي قاعد امان اله تلاقي الاكتئاب كبس عليك,تبقي قاعد في امان اله تلاقي الاكتئاب كبس عليك
والله اني على حافة الانتحار,1,0,0,والله اني علي حافه الانتحار,والله اني علي حافه الانتحار
"انت تحكم عن مصر بحكم درست فيها وعشت فيها فتعرف طبيعتها _x000D_
ذكرتني في برادها وايامها رغم اني كنت معتقل",1,0,0,انت تحكم مصر بحكم درست فيها وعشت فيها فتعرف طبيعتها ذكرتني برادها وايامها رغم اني كنت معتقل,انت تحكم عن مصر بحكم درست فيها وعشت فيها فتعرف طبيعتها _x<NUM>D_ذكرتني في برادها وايامها رغم اني كنت معتقل
 دقيقة يجيبوا اكتئاب واله بيعدوا علي قلبي كأنهم 35سنة,1,0,0,دقيقه يجيبوا اكتئاب واله بيعدوا علي قلبي كانهم سنه,دقيقه يجيبوا اكتئاب واله بيعدوا علي قلبي كانهم <NUM>سنه
الضيقه الي فيني من شهر موب طبيعيه بديت اخاف ان معي اكتئاب معاد اقدر حرفياً,1,0,0,الضيقه الي فيني شهر موب طبيعيه بديت اخاف معي اكتئاب معاد اقدر حرفيا,الضيقه الي فيني من شهر موب طبيعيه بديت اخاف ان معي اكتئاب معاد اقدر حرفيا
مثل أن تستيقظ في الخامسة فجرًا لتخبر أحدًا بأنك لست على مايرام، لكنك لا تجد من تخبره,1,1,0,مثل تستيقظ الخامسه فجرا لتخبر احدا بانك لست علي مايرام، لكنك تجد تخبره,مثل ان تستيقظ في الخامسه فجرا لتخبر احدا بانك لست علي مايرام، لكنك لا تجد من تخبره
مضايقه وماله وعايزه ابكي بدون سبب,1,1,0,مضايقه وماله وعايزه ابكي بدون سبب,مضايقه وماله وعايزه ابكي بدون سبب
اللهم أبعد عني كل ضيق اشعر به و كل ما يشغل بالي يارب ارح قلبي و فكري و ارزقني سعاده لا تنتهي🤲🏻,1,1,0,اللهم ابعد عني ضيق اشعر يشغل بالي يارب ارح قلبي فكري ارزقني سعاده تنتهي🤲🏻,اللهم ابعد عني كل ضيق اشعر به و كل ما يشغل بالي يارب ارح قلبي و فكري و ارزقني سعاده لا تنتهي🤲🏻
"هي الناس كلها بقت عيوطه عموما_x000D_
اصله مش عامل حساب التخان اصله مش عامل حساب المحجبات اصل الموديل بتاعته رف",1,0,0,الناس كلها بقت عيوطه عموما اصله عامل حساب التخان اصله عامل حساب المحجبات اصل الموديل بتاعته,هي الناس كلها بقت عيوطه عموما_x<NUM>D_اصله مش عامل حساب التخان اصله مش عامل حساب المحجبات اصل الموديل بتاعته رف
الناس بتعمل شوبينج تجد نفسيه وانا جالي اكتئاب,1,0,0,الناس بتعمل شوبينج تجد نفسيه وانا جالي اكتئاب,الناس بتعمل شوبينج تجد نفسيه وانا جالي اكتئاب
تبلد أو ربما إكتئاب هادئ أحدهما بي,1,0,0,تبلد ربما اكتئاب هادئ احدهما,تبلد او ربما اكتئاب هادئ احدهما بي
الإجازات بتجيبلي اكتئاب,1,0,0,الاجازات بتجيبلي اكتئاب,الاجازات بتجيبلي اكتئاب
اكيد اكتئاب بعد العصر ما في زيه بس ان شاء الله العيد دا غير اشوف عمل تطوعي ولا خير اعمله في الوقت دا ⁦♥️⁩,1,1,0,اكيد اكتئاب العصر زيه شاء الله العيد غير اشوف عمل تطوعي ولا خير اعمله الوقت ⁦♥️⁩,اكيد اكتئاب بعد العصر ما في زيه بس ان شاء الله العيد دا غير اشوف عمل تطوعي ولا خير اعمله في الوقت دا ♥️
هناك يأس بداخلي يحاربني واحاربه👌🤍,1,0,0,ياس بداخلي يحاربني واحاربه👌🤍,هناك ياس بداخلي يحاربني واحاربه👌🤍
"يعنى منعزل ومش عارف تأكل مفيش نفس لاكل واصلا لا بتشم ولا بتذوق غير خوفك الاعراض تطور _x000D_
اكتئاب فظيع بجد",1,1,0,يعني منعزل ومش عارف تاكل مفيش نفس لاكل واصلا بتشم ولا بتذوق غير خوفك الاعراض تطور اكتئاب فظيع بجد,يعني منعزل ومش عارف تاكل مفيش نفس لاكل واصلا لا بتشم ولا بتذوق غير خوفك الاعراض تطور _x<NUM>D_اكتئاب فظيع بجد
طبيعي اني ابكي بدون سبب ولا اقدر اسيطر على دموعي ولا هذا اكتئاب ؟,1,1,0,طبيعي اني ابكي بدون سبب ولا اقدر اسيطر علي دموعي ولا اكتئاب,طبيعي اني ابكي بدون سبب ولا اقدر اسيطر علي دموعي ولا هذا اكتئاب ؟
فجلست ابكي لاني لمرة المليون تحطمت,1,0,0,فجلست ابكي لاني لمره المليون تحطمت,فجلست ابكي لاني لمره المليون تحطمت
يارب فرج همي,1,0,0,يارب فرج همي,يارب فرج همي
مكتئب افشل ماعرف اكتب حتى,1,0,0,مكتئب افشل ماعرف اكتب حتي,مكتئب افشل ماعرف اكتب حتي
واله حزن الاخ مؤذي وجدا,1,0,0,واله حزن الاخ مؤذي وجدا,واله حزن الاخ مؤذي وجدا
بنات مو معقوله اني حساسه بزياده ابكي بس ابكي ع اتفه الأسباب كيف ما اصير حساسه مين عندها خلطه ضد الحساسية المفرطه,1,1,0,بنات معقوله اني حساسه بزياده ابكي ابكي اتفه الاسباب اصير حساسه مين عندها خلطه الحساسيه المفرطه,بنات مو معقوله اني حساسه بزياده ابكي بس ابكي ع اتفه الاسباب كيف ما اصير حساسه مين عندها خلطه ضد الحساسيه المفرطه
اكتئاب حُزن فقدان شغ فصُداع خوفي ضياع بثانية وحدة اجتمعت كل هادي الشغلات فيا😥بسب الآخبار السيئة الي بشوفها ,1,0,0,اكتئاب حزن فقدان فصداع خوفي ضياع بثانيه وحده اجتمعت هادي الشغلات فيا😥بسب الاخبار السيئه الي بشوفها,اكتئاب حزن فقدان شغ فصداع خوفي ضياع بثانيه وحده اجتمعت كل هادي الشغلات فيا😥بسب الاخبار السيئه الي بشوفها
حقيقي الفترة ديه بمر بحالة نفسية وحشة جدا و حاطة ايدي علي قلبي يطلع اكتئاب خصوصا اني عندي اعراض قلق و توتر,1,0,0,حقيقي الفتره ديه بمر بحاله نفسيه وحشه جدا حاطه ايدي علي قلبي يطلع اكتئاب خصوصا اني عندي اعراض قلق توتر,حقيقي الفتره ديه بمر بحاله نفسيه وحشه جدا و حاطه ايدي علي قلبي يطلع اكتئاب خصوصا اني عندي اعراض قلق و توتر
"سن العشرين ✖️_x000D_
سن الاكتئاب ✔️✔️✔️",1,0,0,العشرين الاكتئاب ✔️✔️✔️,سن العشرين ✖️_x<NUM>D_سن الاكتئاب ✔️✔️✔️
انا علي طول مكتئبه واله ياحمد 😂تعالي ونا اعملك اكل كله اكتئاب هتاكل صوابعك وراه 😂💙,1,0,0,انا علي طول مكتئبه واله ياحمد 😂تعالي ونا اعملك اكل كله اكتئاب هتاكل صوابعك وراه,انا علي طول مكتئبه واله ياحمد 😂تعالي ونا اعملك اكل كله اكتئاب هتاكل صوابعك وراه 😂💙
موجة اكتئاب حادة,1,0,0,موجه اكتئاب حاده,موجه اكتئاب حاده
مُتعب وكانني انتظر شىء والامل مفقود فيه,1,0,0,متعب وكانني انتظر شيء والامل مفقود فيه,متعب وكانني انتظر شيء والامل مفقود فيه
"انا ابكي واله العظيم — كل الي أبيه _x000D_
أتوسد هالحزن معك",1,0,0,انا ابكي واله العظيم الي ابيه اتوسد هالحزن معك,انا ابكي واله العظيم - كل الي ابيه _x<NUM>D_اتوسد هالحزن معك
مكتئب لدرجه ودي اسوي دقه بقاىُل محترف و يدُبحني وافتك من هل العيشه الخرا,1,0,0,مكتئب لدرجه ودي اسوي دقه بقايل محترف يدبحني وافتك العيشه الخرا,مكتئب لدرجه ودي اسوي دقه بقايل محترف و يدبحني وافتك من هل العيشه الخرا
احس مره قلق ماتهنى😭,1,0,0,احس مره قلق ماتهني😭,احس مره قلق ماتهني😭
لأمانه بعد ماجربت الوضع العادي طلع اليلي معيشني بحاله اكتئاب مو طبيعيه,1,0,0,لامانه ماجربت الوضع العادي طلع اليلي معيشني بحاله اكتئاب طبيعيه,لامانه بعد ماجربت الوضع العادي طلع اليلي معيشني بحاله اكتئاب مو طبيعيه
احس بفرحة و مشاعر حلوه طول اليوم و فجأة بف اكتئاب 💔,1,0,0,احس بفرحه مشاعر حلوه طول اليوم فجاه اكتئاب,احس بفرحه و مشاعر حلوه طول اليوم و فجاه بف اكتئاب 💔
عندي تسائُل عامل لي حالة قلق باستمرار هل طبيعي الإنسان يفضل يتخيّل سيناريوهات سيئة جداً لظروف حياته حتي لو الواقع,1,0,1,عندي تسائل عامل حاله قلق باستمرار طبيعي الانسان يفضل يتخيل سيناريوهات سيئه جدا لظروف حياته حتي الواقع,عندي تسائل عامل لي حاله قلق باستمرار هل طبيعي الانسان يفضل يتخيل سيناريوهات سيئه جدا لظروف حياته حتي لو الواقع
دعواتكم لي الله يجبر خاطري لو انتحار كان جائز لانتحرت دعواتكم الصادقه ليا يارب تكفون لعل الله يبدل الاقدار ويفرج الهموم,1,0,0,دعواتكم الله يجبر خاطري انتحار جائز لانتحرت دعواتكم الصادقه ليا يارب تكفون لعل الله يبدل الاقدار ويفرج الهموم,دعواتكم لي الله يجبر خاطري لو انتحار كان جائز لانتحرت دعواتكم الصادقه ليا يارب تكفون لعل الله يبدل الاقدار ويفرج الهموم
في اكتئاب بسببك 😓,1,0,0,اكتئاب بسببك,في اكتئاب بسببك 😓
لا ما هو يا صيام يا شغل يا اكتئاب انما التلاتة مع بعض مينفعش🙂,1,1,0,صيام شغل اكتئاب انما التلاته بعض مينفعش🙂,لا ما هو يا صيام يا شغل يا اكتئاب انما التلاته مع بعض مينفعش🙂
هنادي انا كان عندي اكتئاب وكنت اراجع عند اخصائية نفسية وقرت اقرا البقرة كل يوم واله شفت العجب العجاب,1,0,0,هنادي انا عندي اكتئاب وكنت اراجع اخصائيه نفسيه وقرت اقرا البقره يوم واله شفت العجب العجاب,هنادي انا كان عندي اكتئاب وكنت اراجع عند اخصائيه نفسيه وقرت اقرا البقره كل يوم واله شفت العجب العجاب
ابكي ابكي موت قهر 🔥😎🤪,1,0,0,ابكي ابكي موت قهر 🔥😎🤪,ابكي ابكي موت قهر 🔥😎🤪
وكانت مأساتي أنني عندما أكون غارقًا في التعاسة والحزن، او حين اقع في مشكلة، أو امرض مرضًا شديدًا، كنت أقوم بما أقوم به عاده الأبتسام والإدعاء أنني بخير ..,1,0,0,وكانت ماساتي انني عندما اكون غارقا التعاسه والحزن، حين اقع مشكله، امرض مرضا شديدا، كنت اقوم بما اقوم عاده الابتسام والادعاء انني بخير,وكانت ماساتي انني عندما اكون غارقا في التعاسه والحزن، او حين اقع في مشكله، او امرض مرضا شديدا، كنت اقوم بما اقوم به عاده الابتسام والادعاء انني بخير ..
ضيقه بصدري مو طبيعيه و اكتئاب و أحس كلشي اجتمع علي لدرجه ابكي و انا اكتب و ما اعرف أساساً ليش ابكي,1,1,0,ضيقه بصدري طبيعيه اكتئاب احس كلشي اجتمع علي لدرجه ابكي انا اكتب اعرف اساسا ليش ابكي,ضيقه بصدري مو طبيعيه و اكتئاب و احس كلشي اجتمع علي لدرجه ابكي و انا اكتب و ما اعرف اساسا ليش ابكي
هو مو بس يجيب لي اكتئاب هو يخليني بعد افكر بالانتحار,1,0,0,يجيب اكتئاب يخليني افكر بالانتحار,هو مو بس يجيب لي اكتئاب هو يخليني بعد افكر بالانتحار
"انجازكفيكورونا _x000D_
جاني اكتئاب حاد 😍 وزاد وزني",1,0,0,انجازكفيكورونا جاني اكتئاب حاد وزاد وزني,انجازكفيكورونا _x<NUM>D_جاني اكتئاب حاد 😍 وزاد وزني
بالعيد قعدت ساعه اقنع عمي لما اقص شعري عشان اغير نفسيتي وتصير حلوه ومن بعدها وانا ابكي فوق المرتين باليوم,1,0,0,بالعيد قعدت ساعه اقنع عمي لما اقص شعري عشان اغير نفسيتي وتصير حلوه ومن بعدها وانا ابكي فوق المرتين باليوم,بالعيد قعدت ساعه اقنع عمي لما اقص شعري عشان اغير نفسيتي وتصير حلوه ومن بعدها وانا ابكي فوق المرتين باليوم
النوم يسبب لي كآبه,1,0,0,النوم يسبب كابه,النوم يسبب لي كابه
لما تحسي ان حياتك وقفت بسب هذي المشكله توتر او اكتئاب او وساوس وغيرها مثال القلق من الاختبار لدرجة لا توصف,1,1,0,لما تحسي حياتك وقفت بسب هذي المشكله توتر اكتئاب وساوس وغيرها مثال القلق الاختبار لدرجه توصف,لما تحسي ان حياتك وقفت بسب هذي المشكله توتر او اكتئاب او وساوس وغيرها مثال القلق من الاختبار لدرجه لا توصف
موت الاب💔,1,0,0,موت الاب💔,موت الاب💔
عندي كميه اكتئاب تكفي عالم بحاله,1,0,0,عندي كميه اكتئاب تكفي عالم بحاله,عندي كميه اكتئاب تكفي عالم بحاله
قهر حسره ضيم حزن,1,0,0,قهر حسره ضيم حزن,قهر حسره ضيم حزن
مريضه مره وابي اتحلطم عشان ما ابكي 😩,1,1,0,مريضه مره وابي اتحلطم عشان ابكي,مريضه مره وابي اتحلطم عشان ما ابكي 😩
ايوه معي اكتئاب حاد وثنائي قطب من ثلاث سنوات مع ان عمري 18 وعانيت بشكل ما تخيله منهم واحين جالس اتعا,1,1,0,ايوه معي اكتئاب حاد وثنائي قطب ثلاث سنوات عمري وعانيت بشكل تخيله منهم واحين جالس اتعا,ايوه معي اكتئاب حاد وثنائي قطب من ثلاث سنوات مع ان عمري <NUM> وعانيت بشكل ما تخيله منهم واحين جالس اتعا
انا مكتئب فرفوش يعني اهزر و اضحك معاك اه لكن انا في الأصل مكتئب,1,0,0,انا مكتئب فرفوش يعني اهزر اضحك معاك انا الاصل مكتئب,انا مكتئب فرفوش يعني اهزر و اضحك معاك اه لكن انا في الاصل مكتئب
ابكي من كل مكان الا عيوني,1,0,0,ابكي مكان الا عيوني,ابكي من كل مكان الا عيوني
حياتي اصبحت اشبه بالكابوس الذي لا مفر منه سوا الموت او الانتحار,1,1,0,حياتي اصبحت اشبه بالكابوس الذي مفر منه سوا الموت الانتحار,حياتي اصبحت اشبه بالكابوس الذي لا مفر منه سوا الموت او الانتحار
أحس جاني أكتئاب وهبوط,1,0,0,احس جاني اكتئاب وهبوط,احس جاني اكتئاب وهبوط
قاعده اموت من الاكتئاب والدموع من ثلاث ايام وذا يقول عاديه اجل لو رحت لطبيب شسوي فيه,1,0,0,قاعده اموت الاكتئاب والدموع ثلاث ايام وذا يقول عاديه اجل رحت لطبيب شسوي فيه,قاعده اموت من الاكتئاب والدموع من ثلاث ايام وذا يقول عاديه اجل لو رحت لطبيب شسوي فيه
اه والله الواحد مكتئب من ساعة ما قعد فى البيت والايام بقت شبه بعضها ربنا يجمعنا تانى على خير ❤️❤️,1,1,0,والله الواحد مكتئب ساعه قعد البيت والايام بقت شبه بعضها ربنا يجمعنا تاني علي خير ❤️❤️,اه والله الواحد مكتئب من ساعه ما قعد في البيت والايام بقت شبه بعضها ربنا يجمعنا تاني علي خير ❤️❤️
هاي بيل انا الي قلتلك عندي رهاب بقولك التطورات اليوم كانت اول جلسه لي مع الدكتور,1,0,0,هاي بيل انا الي قلتلك عندي رهاب بقولك التطورات اليوم اول جلسه الدكتور,هاي بيل انا الي قلتلك عندي رهاب بقولك التطورات اليوم كانت اول جلسه لي مع الدكتور
اكتئاب ف اعلى ليفل,1,0,0,اكتئاب اعلي ليفل,اكتئاب ف اعلي ليفل
الحزين الي تربع قمة الاحزان🎶,1,0,0,الحزين الي تربع قمه الاحزان🎶,الحزين الي تربع قمه الاحزان🎶
المراهقه مُتعبه جداً و مايستهان فيها و ابد ماينمزح فيها فيها ارهاق وتعب و اكتئاب وفيها الخوف و توتر و قلق والاحسا,1,0,1,المراهقه متعبه جدا مايستهان فيها ابد ماينمزح فيها فيها ارهاق وتعب اكتئاب وفيها الخوف توتر قلق والاحسا,المراهقه متعبه جدا و مايستهان فيها و ابد ماينمزح فيها فيها ارهاق وتعب و اكتئاب وفيها الخوف و توتر و قلق والاحسا
وما الجدوى لا فائدة ابدا,1,1,0,وما الجدوي فائده ابدا,وما الجدوي لا فائده ابدا
إن كان الإنتحار بجسدي محرم فإن داخلي قد رمى بنفسه إلى الهاوية مُنذ زمن,1,0,0,الانتحار بجسدي محرم فان داخلي رمي بنفسه الي الهاويه منذ زمن,ان كان الانتحار بجسدي محرم فان داخلي قد رمي بنفسه الي الهاويه منذ زمن
شكلي وانا فيني كآبه الدنيا واحاول اعيش حياتي,1,0,0,شكلي وانا فيني كابه الدنيا واحاول اعيش حياتي,شكلي وانا فيني كابه الدنيا واحاول اعيش حياتي
و الله يا اخي احيانا يحتاج لانسان الى راحة او عزلة تامة عن العالم الخارجي ليستعيد نشاطه و نفسيته,1,0,0,الله اخي احيانا يحتاج لانسان الي راحه عزله تامه العالم الخارجي ليستعيد نشاطه نفسيته,و الله يا اخي احيانا يحتاج لانسان الي راحه او عزله تامه عن العالم الخارجي ليستعيد نشاطه و نفسيته
 احباط وعزلة و ياس ,1,0,0,احباط وعزله ياس,احباط وعزله و ياس
"الضيقه الي تجي من غير سبه _x000D_
عيت تروح وخاطري حيل تعبان _x000D_
حزن وقلق واحلامنا المستكبه _x000D_
تجمعت في وقت وصبحت زهقان",1,1,0,الضيقه الي تجي غير سبه عيت تروح وخاطري حيل تعبان حزن وقلق واحلامنا المستكبه تجمعت وقت وصبحت زهقان,الضيقه الي تجي من غير سبه _x<NUM>D_عيت تروح وخاطري حيل تعبان _x<NUM>D_حزن وقلق واحلامنا المستكبه _x<NUM>D_تجمعت في وقت وصبحت زهقان
أيام باهتة، شعور منطفىء، أحاديث قليلة، أوقات تسير بتثاقل، انتظار أقل، لامبالاة أكثر، ترّقب خافت لأشياء كانت تأتي في رأسي باستمرار، حياة بأمل يتأرجح، وأنا لست تلك المرأة التي تهب روحها للأشياء حتى تضيء..,1,0,0,ايام باهته، شعور منطفيء، احاديث قليله، اوقات تسير بتثاقل، انتظار اقل، لامبالاه اكثر، ترقب خافت لاشياء تاتي راسي باستمرار، حياه بامل يتارجح، وانا لست المراه التي تهب روحها للاشياء حتي تضيء,ايام باهته، شعور منطفيء، احاديث قليله، اوقات تسير بتثاقل، انتظار اقل، لامبالاه اكثر، ترقب خافت لاشياء كانت تاتي في راسي باستمرار، حياه بامل يتارجح، وانا لست تلك المراه التي تهب روحها للاشياء حتي تضيء..
شامم في الجو ريحه اكتئاب وعزله رهيبه,1,0,0,شامم الجو ريحه اكتئاب وعزله رهيبه,شامم في الجو ريحه اكتئاب وعزله رهيبه
اقسم باله حطيتونا بحاله نفسيه و قلق ورب البيت النوم ما نامه هذا تخرج ولا عقاب جذي تشجعون عيالكم حطمتونا و حطمتو,1,1,0,اقسم باله حطيتونا بحاله نفسيه قلق ورب البيت النوم نامه تخرج ولا عقاب جذي تشجعون عيالكم حطمتونا حطمتو,اقسم باله حطيتونا بحاله نفسيه و قلق ورب البيت النوم ما نامه هذا تخرج ولا عقاب جذي تشجعون عيالكم حطمتونا و حطمتو
مكتئب😔,1,0,0,مكتئب😔,مكتئب😔
عودت نفسي حتى لو إن الحزن تملكني ما أهمل الأمور الازمه تراكم وبدل الحزن يتحول إكتئاب,1,1,0,عودت نفسي حتي الحزن تملكني اهمل الامور الازمه تراكم وبدل الحزن يتحول اكتئاب,عودت نفسي حتي لو ان الحزن تملكني ما اهمل الامور الازمه تراكم وبدل الحزن يتحول اكتئاب
"بطلو اكتئاب 😂_x000D_
هتموتنا 😂",1,0,0,بطلو اكتئاب هتموتنا,بطلو اكتئاب 😂_x<NUM>D_هتموتنا 😂
دحين انا عادي اموت يخي لو الانتحار كان مو حرام كنت اول وحده انتحرت,1,0,0,دحين انا عادي اموت يخي الانتحار حرام كنت اول وحده انتحرت,دحين انا عادي اموت يخي لو الانتحار كان مو حرام كنت اول وحده انتحرت
"أفضل أن اسير في طريق مظلم ولا نهايه له بدلاً من التخبط في واقع هذه الحياة المريره _x000D_
_x000D_
حزن عبارات بوح خواطر اكتئاب",1,0,0,افضل اسير طريق مظلم ولا نهايه بدلا التخبط واقع الحياه المريره حزن عبارات بوح خواطر اكتئاب,افضل ان اسير في طريق مظلم ولا نهايه له بدلا من التخبط في واقع هذه الحياه المريره _x<NUM>D__x<NUM>D_حزن عبارات بوح خواطر اكتئاب
"أسوأ ما أصابني فى حياتى البائسة .. هو فقدان الشغف تجاه كل شيء , فأصبحت وكأني مجبر على الحياة , وكأني محكوم علي بتكرار أيامي المملة بشكل روتيني بشع",1,1,0,اسوا اصابني حياتي البائسه فقدان الشغف تجاه شيء فاصبحت وكاني مجبر علي الحياه وكاني محكوم علي بتكرار ايامي الممله بشكل روتيني بشع,"اسوا ما اصابني في حياتي البائسه .. هو فقدان الشغف تجاه كل شيء , فاصبحت وكاني مجبر علي الحياه , وكاني محكوم علي بتكرار ايامي الممله بشكل روتيني بشع"
تاجي السيرة يا لطيف مسحة من حزن يتبعها رغبة شديدة في الموت بدون أي سب بدون أي سب بجد,1,1,0,تاجي السيره لطيف مسحه حزن يتبعها رغبه شديده الموت بدون بدون بجد,تاجي السيره يا لطيف مسحه من حزن يتبعها رغبه شديده في الموت بدون اي سب بدون اي سب بجد
ليش دايم تربطون حزن شخص بحبيب تركه او بصديق غلط مو كل حزن لازم يكون بالاصحاب او بالاحباب هو عنده مشاكله الخاصه ب,1,0,0,ليش دايم تربطون حزن شخص بحبيب تركه بصديق غلط حزن لازم بالاصحاب بالاحباب عنده مشاكله الخاصه,ليش دايم تربطون حزن شخص بحبيب تركه او بصديق غلط مو كل حزن لازم يكون بالاصحاب او بالاحباب هو عنده مشاكله الخاصه ب
بعد التخرج شغلي بقى دوام كامل بدل بارت تايم وكان عندي اكتئاب عامل لي شلل في حياتي تخليت عن أحلامي اني أكمل دراسة و,1,0,0,التخرج شغلي بقي دوام كامل بدل بارت تايم وكان عندي اكتئاب عامل شلل حياتي تخليت احلامي اني اكمل دراسه,بعد التخرج شغلي بقي دوام كامل بدل بارت تايم وكان عندي اكتئاب عامل لي شلل في حياتي تخليت عن احلامي اني اكمل دراسه و
"لو كان الانتحار ليس طريقاً لنار _x000D_
كان ودعتكم من زمان",1,1,0,الانتحار ليس طريقا لنار ودعتكم زمان,لو كان الانتحار ليس طريقا لنار _x<NUM>D_كان ودعتكم من زمان
اكتشفت ان وائل مب طبيعي عنده مشاكل نفسية شكله فعلاً مر في حالة اكتئاب عميقة جداً مثل جيم كاري,1,0,1,اكتشفت وائل طبيعي عنده مشاكل نفسيه شكله فعلا حاله اكتئاب عميقه جدا مثل جيم كاري,اكتشفت ان وائل مب طبيعي عنده مشاكل نفسيه شكله فعلا مر في حاله اكتئاب عميقه جدا مثل جيم كاري
جالس ابكي ,1,0,0,جالس ابكي,جالس ابكي
لما يذلونا على نومنا واحنا ماخذينه مهرب منهم ومن الي نعيشه ويغتصبونا نجلس معهم ولا بياخذو الجهاز منا وهم ما يتقبلو,1,1,0,لما يذلونا علي نومنا واحنا ماخذينه مهرب منهم ومن الي نعيشه ويغتصبونا نجلس معهم ولا بياخذو الجهاز منا وهم يتقبلو,لما يذلونا علي نومنا واحنا ماخذينه مهرب منهم ومن الي نعيشه ويغتصبونا نجلس معهم ولا بياخذو الجهاز منا وهم ما يتقبلو
ابو فهد صادق وهذا شي معروف بعضهم كل سبل السعاده متوفره له وينتحر او عنده اكتئاب بسب كثرة المعاصي,1,0,0,ابو فهد صادق وهذا معروف بعضهم سبل السعاده متوفره وينتحر عنده اكتئاب بسب كثره المعاصي,ابو فهد صادق وهذا شي معروف بعضهم كل سبل السعاده متوفره له وينتحر او عنده اكتئاب بسب كثره المعاصي
الجو مرشوش فيه كآبه بطعم النكد,1,0,0,الجو مرشوش فيه كابه بطعم النكد,الجو مرشوش فيه كابه بطعم النكد
مره حزن واله,1,0,0,مره حزن واله,مره حزن واله
النوم الكتير بيجيب نوم اكتر مش إكتئاب ولا حاجه,1,0,0,النوم الكتير بيجيب نوم اكتر اكتئاب ولا حاجه,النوم الكتير بيجيب نوم اكتر مش اكتئاب ولا حاجه
والله الوضع كآبه,1,0,0,والله الوضع كابه,والله الوضع كابه
"احلى حاجة عرفتها الفترة الاخيرة_x000D_
 ولقد نعلم أنك يضيق صدرك بما يقولون فسبح بحمد ربك وكن من الساجدين",1,0,0,احلي حاجه عرفتها الفتره الاخيره ولقد نعلم انك يضيق صدرك بما يقولون فسبح بحمد ربك وكن الساجدين,احلي حاجه عرفتها الفتره الاخيره_x<NUM>D_ ولقد نعلم انك يضيق صدرك بما يقولون فسبح بحمد ربك وكن من الساجدين
"لا لا مش وقتك خالص اكتئاب تغير فصول ايه_x000D_
اتلم",1,1,0,وقتك خالص اكتئاب تغير فصول ايه اتلم,لا لا مش وقتك خالص اكتئاب تغير فصول ايه_x<NUM>D_اتلم
أُمِيّ ليس فرداً دُفن ، أُمِيّ عالم قد مات ,1,1,0,امي ليس فردا دفن امي عالم مات,امي ليس فردا دفن ، امي عالم قد مات
حزن ويني انا,1,0,0,حزن ويني انا,حزن ويني انا
فِكرة الإنتِحَار تُراوِدنّي كُل لَيْلَه,1,0,0,فكره الانتحار تراودني ليله,فكره الانتحار تراودني كل ليله
شو سبب هال كآبه,1,0,0,سبب هال كابه,شو سبب هال كابه
وانشودة كان العيد حزين كانت تسبلي اكتئاب,1,0,0,وانشوده العيد حزين تسبلي اكتئاب,وانشوده كان العيد حزين كانت تسبلي اكتئاب
صار عندي رهاب المجتمع ,1,0,0,صار عندي رهاب المجتمع,صار عندي رهاب المجتمع
اخوي متى تعطل احسني مكتئب من شفت هالكتاب,1,0,0,اخوي متي تعطل احسني مكتئب شفت هالكتاب,اخوي متي تعطل احسني مكتئب من شفت هالكتاب
فكرة إنك تحاول تخطى حاجة جواك مسبالك حزن جامد أو تعباك نفسيا دي حاجة مش سهلة خالص الحقيقة إن الواحدبيعافر وقت طويل,1,0,0,فكره انك تحاول تخطي حاجه جواك مسبالك حزن جامد تعباك نفسيا حاجه سهله خالص الحقيقه الواحدبيعافر وقت طويل,فكره انك تحاول تخطي حاجه جواك مسبالك حزن جامد او تعباك نفسيا دي حاجه مش سهله خالص الحقيقه ان الواحدبيعافر وقت طويل
رهاب الانماط الخوف من الثقه الخوف من عدم الكفاءه الخوف من الشعور بالملل,1,0,0,رهاب الانماط الخوف الثقه الخوف عدم الكفاءه الخوف الشعور بالملل,رهاب الانماط الخوف من الثقه الخوف من عدم الكفاءه الخوف من الشعور بالملل
عندما أُصبتُ بالاكتئابِ ،وتغيَّرتْ نفسيَّتي : قالتْ أمّي : إنّه حسدٌ قال الطّبيب : إنّه مرضٌ قال رجلُ الدّين : إنّه الشّيطان وأنا الوحيدةُ الّتي كنتُ أعلمُ أنّه أنت..!,1,0,0,عندما اصبت بالاكتئاب ،وتغيرت نفسيتي قالت امي انه حسد قال الطبيب انه مرض قال رجل الدين انه الشيطان وانا الوحيده التي كنت اعلم انه انت,عندما اصبت بالاكتئاب ،وتغيرت نفسيتي : قالت امي : انه حسد قال الطبيب : انه مرض قال رجل الدين : انه الشيطان وانا الوحيده التي كنت اعلم انه انت..!
في قلبي حزن واله يوسع مدينه,1,0,0,قلبي حزن واله يوسع مدينه,في قلبي حزن واله يوسع مدينه
شخص من اقاربي ساعدني اطلع من اكتئاب والحين هو مكتئب,1,0,0,شخص اقاربي ساعدني اطلع اكتئاب والحين مكتئب,شخص من اقاربي ساعدني اطلع من اكتئاب والحين هو مكتئب
"حُزن الصديق مؤلم _x000D_
يتألم قلبه فيتألم قلبك أنت",1,0,0,حزن الصديق مؤلم يتالم قلبه فيتالم قلبك انت,حزن الصديق مؤلم _x<NUM>D_يتالم قلبه فيتالم قلبك انت
"انتوا جبتولي اكتئاب تاني _x000D_
انا ماشي",1,0,0,انتوا جبتولي اكتئاب تاني انا ماشي,انتوا جبتولي اكتئاب تاني _x<NUM>D_انا ماشي
من كثر ما انا مهموم ما عاد فيني ابكي,1,1,0,كثر انا مهموم عاد فيني ابكي,من كثر ما انا مهموم ما عاد فيني ابكي
بكل مافيني من حزن و تعب و خيبة أبغاكّ أبغاكّ أبغاكّ,1,0,0,بكل مافيني حزن تعب خيبه ابغاك ابغاك ابغاك,بكل مافيني من حزن و تعب و خيبه ابغاك ابغاك ابغاك
حزن اكتئاب انطواء,1,0,0,حزن اكتئاب انطواء,حزن اكتئاب انطواء
قاعده ابكي من نص ساعه ما استهبل,1,1,0,قاعده ابكي ساعه استهبل,قاعده ابكي من نص ساعه ما استهبل
تعديل احب العيد بس اكره الرهاب الاجتماعي,1,0,0,تعديل احب العيد اكره الرهاب الاجتماعي,تعديل احب العيد بس اكره الرهاب الاجتماعي
نايمه فوق ال ١٢ ساعه وحاسه ان دي اعراض اكتئاب,1,0,0,نايمه فوق ساعه وحاسه اعراض اكتئاب,نايمه فوق ال <NUM><NUM> ساعه وحاسه ان دي اعراض اكتئاب
🥲💔شهل اكتئآب الي لن ينتهي ابداً,1,1,0,🥲💔شهل اكتئاب الي ينتهي ابدا,🥲💔شهل اكتئاب الي لن ينتهي ابدا
الثانيه فجرا ،وحيداً كالعاده ،قلب مُحطم مثل كل يوم ،لا يوجد شئ جديد سوى الحُزن و الكسره و البكاء، لا يوجد شئ لكي اكمل هَذه الحياه اللعينه ،لاكنني اقاوم و اعلم انني سوف انهار قريباً,1,1,0,الثانيه فجرا ،وحيدا كالعاده ،قلب محطم مثل يوم ،لا يوجد جديد سوي الحزن الكسره البكاء، يوجد لكي اكمل الحياه اللعينه ،لاكنني اقاوم اعلم انني سوف انهار قريبا,الثانيه فجرا ،وحيدا كالعاده ،قلب محطم مثل كل يوم ،لا يوجد شئ جديد سوي الحزن و الكسره و البكاء، لا يوجد شئ لكي اكمل هذه الحياه اللعينه ،لاكنني اقاوم و اعلم انني سوف انهار قريبا
انا محزنتش وتعبت ف حياتي زي ماتعبت السنادي مريت بحاجات فوق طاقتي وعرفت معني الاكتئاب الي بجد ومعني انك تكون مطفي ,1,0,0,انا محزنتش وتعبت حياتي ماتعبت السنادي مريت بحاجات فوق طاقتي وعرفت معني الاكتئاب الي بجد ومعني انك تكون مطفي,انا محزنتش وتعبت ف حياتي زي ماتعبت السنادي مريت بحاجات فوق طاقتي وعرفت معني الاكتئاب الي بجد ومعني انك تكون مطفي
اشعر بالوحدة و ذلك مؤلم للغاية,1,0,1,اشعر بالوحده مؤلم للغايه,اشعر بالوحده و ذلك مؤلم للغايه
حاله عدم الاتزان وأنك تكون مش عارف ان الي بيحصل ده حقيقة ولا حلم الحاله دي مرعبه وآخرها الجنون أو الانتحار,1,0,0,حاله عدم الاتزان وانك تكون عارف الي بيحصل حقيقه ولا حلم الحاله مرعبه واخرها الجنون الانتحار,حاله عدم الاتزان وانك تكون مش عارف ان الي بيحصل ده حقيقه ولا حلم الحاله دي مرعبه واخرها الجنون او الانتحار
دور اكتئاب انما ايه نينجا خالص,1,0,0,دور اكتئاب انما ايه نينجا خالص,دور اكتئاب انما ايه نينجا خالص
نفسى أرجع لوقت ما كان أكبر خيبة أمل و حزن عندى لما أفركش مع حد,1,1,0,نفسي ارجع لوقت اكبر خيبه امل حزن عندي لما افركش,نفسي ارجع لوقت ما كان اكبر خيبه امل و حزن عندي لما افركش مع حد
حزن ماعندي احد اشاركه مقاطعي الحلوه,1,0,0,حزن ماعندي احد اشاركه مقاطعي الحلوه,حزن ماعندي احد اشاركه مقاطعي الحلوه
والمخيف أن معظم رسائل الانتحار تُشبهنا تُشبه مشاعرنا و تفكيرنا جدًا,1,0,0,والمخيف معظم رسائل الانتحار تشبهنا تشبه مشاعرنا تفكيرنا جدا,والمخيف ان معظم رسائل الانتحار تشبهنا تشبه مشاعرنا و تفكيرنا جدا
لا مش قادرة اقتنع و لا استوعب و اكتئاب مود ف الطريق 😣,1,1,0,قادره اقتنع استوعب اكتئاب مود الطريق,لا مش قادره اقتنع و لا استوعب و اكتئاب مود ف الطريق 😣
عيب اقول فيني اكتئاب,1,0,0,عيب اقول فيني اكتئاب,عيب اقول فيني اكتئاب
فتشوا معاي طريقة انتحار ماتودينا جهنم,1,0,0,فتشوا معاي طريقه انتحار ماتودينا جهنم,فتشوا معاي طريقه انتحار ماتودينا جهنم
تسالني الدكتوره وش تحسين فيه وانا اشرح لها بكيت اقسم باله فشله بس قالت الواضح عندك اكتئاب,1,0,0,تسالني الدكتوره تحسين فيه وانا اشرح لها بكيت اقسم باله فشله قالت الواضح عندك اكتئاب,تسالني الدكتوره وش تحسين فيه وانا اشرح لها بكيت اقسم باله فشله بس قالت الواضح عندك اكتئاب
الاكتئاب انطفاء للروح بعد الحياة ,1,0,0,الاكتئاب انطفاء للروح الحياه,الاكتئاب انطفاء للروح بعد الحياه
الإنسان بقاله خمس سنين عنده اكتئاب مش مستني حلول مستني ربنا ياخده 🚶,1,0,0,الانسان بقاله خمس سنين عنده اكتئاب مستني حلول مستني ربنا ياخده,الانسان بقاله خمس سنين عنده اكتئاب مش مستني حلول مستني ربنا ياخده 🚶
أشعر بفراغ في قلبي يُلازمني في الآونة الأخيرة، أشعر أنني افقد جزء من قلبي كل ليلة، وكأنني تركت قلبي في مكان ما ولا اذكر أين هو.,1,1,0,اشعر بفراغ قلبي يلازمني الاونه الاخيره، اشعر انني افقد جزء قلبي ليله، وكانني تركت قلبي مكان ولا اذكر اين,اشعر بفراغ في قلبي يلازمني في الاونه الاخيره، اشعر انني افقد جزء من قلبي كل ليله، وكانني تركت قلبي في مكان ما ولا اذكر اين هو.
أنا مُكتئب ياصاحبِي عانقني ولو بغرض المواسّاة,1,0,0,انا مكتئب ياصاحبي عانقني ولو بغرض المواساه,انا مكتئب ياصاحبي عانقني ولو بغرض المواساه
وتظل فكرة الانتحار تدور في ذهني وتغريني اكثر فاكثر 🖤,1,0,0,وتظل فكره الانتحار تدور ذهني وتغريني اكثر فاكثر,وتظل فكره الانتحار تدور في ذهني وتغريني اكثر فاكثر 🖤
نفسي الاقي حل في قلة نومي انا مابقتش انام خالص ولا صبح ولا ليل بقيت بنام بالكتير ٤ ساعات في اليوم كله ,1,0,0,نفسي الاقي قله نومي انا مابقتش انام خالص ولا صبح ولا ليل بقيت بنام بالكتير ساعات اليوم كله,نفسي الاقي حل في قله نومي انا مابقتش انام خالص ولا صبح ولا ليل بقيت بنام بالكتير <NUM> ساعات في اليوم كله
ما أصعب أن يعيش المرء في هلع مستمر إلى درجة أن ينسى شعور الطمأنينة🖤,1,1,0,اصعب يعيش المرء هلع مستمر الي درجه ينسي شعور الطمانينه🖤,ما اصعب ان يعيش المرء في هلع مستمر الي درجه ان ينسي شعور الطمانينه🖤
أما أنا فأفكر كيف سأمر هذه اليلة متجاوزه رغبتي في الإنتحار,1,0,0,اما انا فافكر سامر اليله متجاوزه رغبتي الانتحار,اما انا فافكر كيف سامر هذه اليله متجاوزه رغبتي في الانتحار
انا ابكي بليز هلب,1,0,0,انا ابكي بليز هلب,انا ابكي بليز هلب
حاسس اني مكتئب سيكا فلتدعو لي هداكم الله ❤️,1,0,0,حاسس اني مكتئب سيكا فلتدعو هداكم الله,حاسس اني مكتئب سيكا فلتدعو لي هداكم الله ❤️
الله يسعدك اشتغل عند وحدة وامي راضية تجد هويتي سارة الجوزاء جاني اكتئاب وطلعت لي اكزيميا ,1,0,0,الله يسعدك اشتغل وحده وامي راضيه تجد هويتي ساره الجوزاء جاني اكتئاب وطلعت اكزيميا,الله يسعدك اشتغل عند وحده وامي راضيه تجد هويتي ساره الجوزاء جاني اكتئاب وطلعت لي اكزيميا
"ليس كل اكتئاب اكتئاب وان جازت التسمية _x000D_
_x000D_
هناك لون من ألوان العذاب في الحياة الدنيا _x000D_
_x000D_
عندما تصر على معاصياباحيا",1,1,0,ليس اكتئاب اكتئاب وان جازت التسميه لون الوان العذاب الحياه الدنيا عندما تصر علي معاصياباحيا,ليس كل اكتئاب اكتئاب وان جازت التسميه _x<NUM>D__x<NUM>D_هناك لون من الوان العذاب في الحياه الدنيا _x<NUM>D__x<NUM>D_عندما تصر علي معاصياباحيا
بجد والله انا بقالى فتره مش عارفه انا مين الشخص الى موجود دلوقتىً ده حد غريب اوي طول عمري حد رايق كده ومش بيهمني,1,0,0,بجد والله انا بقالي فتره عارفه انا مين الشخص الي موجود دلوقتي غريب اوي طول عمري رايق كده ومش بيهمني,بجد والله انا بقالي فتره مش عارفه انا مين الشخص الي موجود دلوقتي ده حد غريب اوي طول عمري حد رايق كده ومش بيهمني
"فكرت أن أرمي حزني من النافذة_x000D_
 لكن ماذا لو ارتطم رأسه بشدة _x000D_
وتبعثرت أشيائي على الأرض _x000D_
ماذا لو أصيب بكائي بنوبة هلع",1,0,1,فكرت ارمي حزني النافذه ماذا ارتطم راسه بشده وتبعثرت اشيائي علي الارض ماذا اصيب بكائي بنوبه هلع,فكرت ان ارمي حزني من النافذه_x<NUM>D_ لكن ماذا لو ارتطم راسه بشده _x<NUM>D_وتبعثرت اشيائي علي الارض _x<NUM>D_ماذا لو اصيب بكائي بنوبه هلع
انا مكتئب فرفوش يعني اهزر و اضحك معاك اه لكن انا في الأصل مكتئب 😂,1,0,0,انا مكتئب فرفوش يعني اهزر اضحك معاك انا الاصل مكتئب,انا مكتئب فرفوش يعني اهزر و اضحك معاك اه لكن انا في الاصل مكتئب 😂
لا أمل وما من ضوء في نهاية النفق خربانة كآبة,1,1,0,امل وما ضوء نهايه النفق خربانه كابه,لا امل وما من ضوء في نهايه النفق خربانه كابه
ابكي خمسمية مره في اليوم بعدين اقول ليه عندي هالات,1,0,0,ابكي خمسميه مره اليوم بعدين اقول ليه عندي هالات,ابكي خمسميه مره في اليوم بعدين اقول ليه عندي هالات
اكتئاب بدري اوي,1,0,0,اكتئاب بدري اوي,اكتئاب بدري اوي
الانتحار شجاعة وانا جبان,1,0,0,الانتحار شجاعه وانا جبان,الانتحار شجاعه وانا جبان
لو البلد اتقفلت هيجيلى اكتئاب,1,0,0,البلد اتقفلت هيجيلي اكتئاب,لو البلد اتقفلت هيجيلي اكتئاب
أصل الواقع كله كآبة وتشاؤم فلما نيجى نقول كلام واقعى ولا منطقى تلاقى الكآبة والتشاؤم طفحوا ع الحوار,1,0,0,اصل الواقع كله كابه وتشاؤم فلما نيجي نقول كلام واقعي ولا منطقي تلاقي الكابه والتشاؤم طفحوا الحوار,اصل الواقع كله كابه وتشاؤم فلما نيجي نقول كلام واقعي ولا منطقي تلاقي الكابه والتشاؤم طفحوا ع الحوار
هلا البوبروبيون الي عاليمين بالعادة بينعطى ليحسّن فعالية البروزاك البروزاك فعلًا بخربط النوم ,1,0,0,هلا البوبروبيون الي عاليمين بالعاده بينعطي ليحسن فعاليه البروزاك البروزاك فعلا بخربط النوم,هلا البوبروبيون الي عاليمين بالعاده بينعطي ليحسن فعاليه البروزاك البروزاك فعلا بخربط النوم
السلام عليكم ممكن تسألهم لي امر بحالة كآبه كيف اقدر اتجاوزها احس إني مخنوقه ولا قادره أطلع منها ,1,0,0,السلام عليكم ممكن تسالهم امر بحاله كابه اقدر اتجاوزها احس اني مخنوقه ولا قادره اطلع منها,السلام عليكم ممكن تسالهم لي امر بحاله كابه كيف اقدر اتجاوزها احس اني مخنوقه ولا قادره اطلع منها
بس دلوقتي علشان انا مكتئب مش عاوز اضحك,1,0,0,دلوقتي علشان انا مكتئب عاوز اضحك,بس دلوقتي علشان انا مكتئب مش عاوز اضحك
"لأنها دولة جربانة ومسعورة_x000D_
_x000D_
لافتاً إلى أن الدولة لا تدعمنا بأي شيء فهم يعتبرونا من القطاعات غير الأساسية بالرغم",1,1,0,لانها دوله جربانه ومسعوره لافتا الي الدوله تدعمنا باي شيء فهم يعتبرونا القطاعات غير الاساسيه بالرغم,لانها دوله جربانه ومسعوره_x<NUM>D__x<NUM>D_لافتا الي ان الدوله لا تدعمنا باي شيء فهم يعتبرونا من القطاعات غير الاساسيه بالرغم
الرغبة في الذهاب اليك يا الله لماذا تعدها إنتحار,1,0,0,الرغبه الذهاب اليك الله لماذا تعدها انتحار,الرغبه في الذهاب اليك يا الله لماذا تعدها انتحار
لولا أن الأنتحار محرمآ لكنتم رئيتوني ميتآ منذ زمن,1,0,0,لولا الانتحار محرما لكنتم رئيتوني ميتا منذ زمن,لولا ان الانتحار محرما لكنتم رئيتوني ميتا منذ زمن
فشخ و مكتئب انا حزينة معرفش ليه 🙂,1,0,0,فشخ مكتئب انا حزينه معرفش ليه,فشخ و مكتئب انا حزينه معرفش ليه 🙂
"معضله_x000D_
محتاجه استشير طبيب نفسي _x000D_
 معيش فلوس طبيب نفسي _x000D_
 انا تمام يا جماعه",1,0,0,معضله محتاجه استشير طبيب نفسي معيش فلوس طبيب نفسي انا تمام جماعه,معضله_x<NUM>D_محتاجه استشير طبيب نفسي _x<NUM>D_ معيش فلوس طبيب نفسي _x<NUM>D_ انا تمام يا جماعه
"فرحينا يادنيا _x000D_
شبعنا حزن 💔",1,0,0,فرحينا يادنيا شبعنا حزن,فرحينا يادنيا _x<NUM>D_شبعنا حزن 💔
احس بيجيني اكتئاب م كثر م يكرو الكلام عليا,1,0,0,احس بيجيني اكتئاب كثر يكرو الكلام عليا,احس بيجيني اكتئاب م كثر م يكرو الكلام عليا
طب ايه يا اكتئاب مش هتسبني متعملش فيها صاحبي اوي كدا وغور بقا انا تعبت,1,0,0,ايه اكتئاب هتسبني متعملش فيها صاحبي اوي كدا وغور بقا انا تعبت,طب ايه يا اكتئاب مش هتسبني متعملش فيها صاحبي اوي كدا وغور بقا انا تعبت
"لو بختار صفة واحدة كانت ملزماني طول الخمس سنين كلية مش هترد لحظة في إني أختار القلق _x000D_
_x000D_
نسيت حياتي بدون قلق الكلية كان عامل ازاي",1,1,0,بختار صفه واحده ملزماني طول الخمس سنين كليه هترد لحظه اني اختار القلق نسيت حياتي بدون قلق الكليه عامل ازاي,لو بختار صفه واحده كانت ملزماني طول الخمس سنين كليه مش هترد لحظه في اني اختار القلق _x<NUM>D__x<NUM>D_نسيت حياتي بدون قلق الكليه كان عامل ازاي
احلى حاجه قلق النوم,1,0,0,احلي حاجه قلق النوم,احلي حاجه قلق النوم
وانا قلق كمان,1,0,0,وانا قلق كمان,وانا قلق كمان
زاد من الاكل وخلقه زايده من قبل وداخله اكتئاب خلاص,1,0,0,زاد الاكل وخلقه زايده وداخله اكتئاب خلاص,زاد من الاكل وخلقه زايده من قبل وداخله اكتئاب خلاص
وله ما انا عارف هو إكتئاب ولا انطفاء ولا نضج ولا وحده ولا,1,1,0,وله انا عارف اكتئاب ولا انطفاء ولا نضج ولا وحده ولا,وله ما انا عارف هو اكتئاب ولا انطفاء ولا نضج ولا وحده ولا
واله انا زي زيك بالظبط معرفش ايه الي مزعلني ولا اكن اوضتي مرشوش فيها اكتئاب وانا قاعده بشمه 🤷‍♀️,1,0,0,واله انا زيك بالظبط معرفش ايه الي مزعلني ولا اكن اوضتي مرشوش فيها اكتئاب وانا قاعده بشمه 🤷‍♀️,واله انا زي زيك بالظبط معرفش ايه الي مزعلني ولا اكن اوضتي مرشوش فيها اكتئاب وانا قاعده بشمه 🤷♀️
لا منجد انا لما تشوفوني قاعده فغرفتي وهي مو مرتبه وحايسه اعرفو انو حاليا معايا اكتئاب شديد,1,1,0,منجد انا لما تشوفوني قاعده فغرفتي وهي مرتبه وحايسه اعرفو انو حاليا معايا اكتئاب شديد,لا منجد انا لما تشوفوني قاعده فغرفتي وهي مو مرتبه وحايسه اعرفو انو حاليا معايا اكتئاب شديد
احس غريب اني كل لما امر ب اكتئاب او حزن او اتضايق اتذكر ان ذا مو مكاني وبروح كوكب ثاني ترا م استهبل حقيقي قاع انتظر,1,0,0,احس غريب اني لما امر اكتئاب حزن اتضايق اتذكر مكاني وبروح كوكب ثاني ترا استهبل حقيقي قاع انتظر,احس غريب اني كل لما امر ب اكتئاب او حزن او اتضايق اتذكر ان ذا مو مكاني وبروح كوكب ثاني ترا م استهبل حقيقي قاع انتظر
الروح أصبحت لا تميل لشي ، أصبحت تميل إلى الابتعاد عن كل شي فقط.,1,1,0,الروح اصبحت تميل لشي اصبحت تميل الي الابتعاد فقط,الروح اصبحت لا تميل لشي ، اصبحت تميل الي الابتعاد عن كل شي فقط.
قاعده ابكي,1,0,0,قاعده ابكي,قاعده ابكي
احس في احد رش بالجو بخاخ اكتئاب مو طبيعي كيف الاغلب مكتئب هالفتره,1,0,0,احس احد بالجو بخاخ اكتئاب طبيعي الاغلب مكتئب هالفتره,احس في احد رش بالجو بخاخ اكتئاب مو طبيعي كيف الاغلب مكتئب هالفتره
ها هو قد مرّ شهر كالمر لم أكن بخير أبدًا أبكي كل يوم كبكائي حين رأيتك ,1,1,0,شهر كالمر اكن بخير ابدا ابكي يوم كبكائي حين رايتك,ها هو قد مر شهر كالمر لم اكن بخير ابدا ابكي كل يوم كبكائي حين رايتك
يسطا كفاية اكتئاب وفكر في مستقبلك شوية,1,0,0,يسطا كفايه اكتئاب وفكر مستقبلك شويه,يسطا كفايه اكتئاب وفكر في مستقبلك شويه
هاه ذي الدورة ولا اكتئاب رمضان,1,0,0,هاه الدوره ولا اكتئاب رمضان,هاه ذي الدوره ولا اكتئاب رمضان
انا لوحدي اوي,1,0,0,انا لوحدي اوي,انا لوحدي اوي
الجو فيه شحنة كآبة مش طبيعية,1,0,0,الجو فيه شحنه كابه طبيعيه,الجو فيه شحنه كابه مش طبيعيه
ترا موضوع انه تضيق فيك الدنيا بدون سب وتعيش اما بعصبيه او اكتئاب فجأه بدون مبر ومرات تبكي بدون سب يتّعب النفسيه,1,1,0,ترا موضوع انه تضيق فيك الدنيا بدون وتعيش اما بعصبيه اكتئاب فجاه بدون مبر ومرات تبكي بدون يتعب النفسيه,ترا موضوع انه تضيق فيك الدنيا بدون سب وتعيش اما بعصبيه او اكتئاب فجاه بدون مبر ومرات تبكي بدون سب يتعب النفسيه
في غيابك مالها طعم الحياة  والوقت صابه في بعدك حزن وملل,1,0,0,غيابك مالها طعم الحياه والوقت صابه بعدك حزن وملل,في غيابك مالها طعم الحياه والوقت صابه في بعدك حزن وملل
اموت من الاكتئاب,1,0,0,اموت الاكتئاب,اموت من الاكتئاب
لا لا لا هذي تسب لي اكتئاب واله,1,1,0,هذي تسب اكتئاب واله,لا لا لا هذي تسب لي اكتئاب واله
الواحد مايدري هو اكتئاب ولا حاله نفسيه ولا نضج,1,0,0,الواحد مايدري اكتئاب ولا حاله نفسيه ولا نضج,الواحد مايدري هو اكتئاب ولا حاله نفسيه ولا نضج
كل ما ارجع اسيوط يجيلي اكتئاب مش عارف كنت مستحملها ازاي,1,1,0,ارجع اسيوط يجيلي اكتئاب عارف كنت مستحملها ازاي,كل ما ارجع اسيوط يجيلي اكتئاب مش عارف كنت مستحملها ازاي
مدري كلامي له علاقه او لا لكن هي كذا اذا بتقعد تسخط تبكي على الوضع الي انت وتقعد تشكى ماراح تقدر تعيش حياتك,1,1,0,مدري كلامي علاقه كذا اذا بتقعد تسخط تبكي علي الوضع الي انت وتقعد تشكي ماراح تقدر تعيش حياتك,مدري كلامي له علاقه او لا لكن هي كذا اذا بتقعد تسخط تبكي علي الوضع الي انت وتقعد تشكي ماراح تقدر تعيش حياتك
البارحة صايدني شي غريب اكتئاب ليوم واحد كنت وايد حاسة بالقبح تمكيجت و قلبت الكبت و جربت كل الملابس الي عندي ي,1,0,0,البارحه صايدني غريب اكتئاب ليوم واحد كنت وايد حاسه بالقبح تمكيجت قلبت الكبت جربت الملابس الي عندي,البارحه صايدني شي غريب اكتئاب ليوم واحد كنت وايد حاسه بالقبح تمكيجت و قلبت الكبت و جربت كل الملابس الي عندي ي
سقطنا جميعاً داخل حفرة اكتئاب,1,0,0,سقطنا جميعا داخل حفره اكتئاب,سقطنا جميعا داخل حفره اكتئاب
اتمنى احس بالامان اكتئاب,1,0,0,اتمني احس بالامان اكتئاب,اتمني احس بالامان اكتئاب
لما بكتئب معدتى بتاخد ع خاطرها اوى لدرجه ممكن اتحسن من مود الاكتئاب بس معدتى لسه زعلانه وبتاخد فتره ع ما تتحسن,1,1,0,لما بكتئب معدتي بتاخد خاطرها اوي لدرجه ممكن اتحسن مود الاكتئاب معدتي لسه زعلانه وبتاخد فتره تتحسن,لما بكتئب معدتي بتاخد ع خاطرها اوي لدرجه ممكن اتحسن من مود الاكتئاب بس معدتي لسه زعلانه وبتاخد فتره ع ما تتحسن
صدقت الاعلام والناس ما يركزون الا ع الناجحين فقط من الي عانوا بحياتهم ونجحوا لكن الي عانوا وانتحروا لا,1,1,0,صدقت الاعلام والناس يركزون الا الناجحين فقط الي عانوا بحياتهم ونجحوا الي عانوا وانتحروا,صدقت الاعلام والناس ما يركزون الا ع الناجحين فقط من الي عانوا بحياتهم ونجحوا لكن الي عانوا وانتحروا لا
ما هو مش هيبقي لا شغل ولا جواز ويبقي اكتئاب وبس,1,1,0,هيبقي شغل ولا جواز ويبقي اكتئاب وبس,ما هو مش هيبقي لا شغل ولا جواز ويبقي اكتئاب وبس
بالضبط احس مو اي شخص يتقبل هالاعمال انا شفت الغرفة الحمراء واله صابني اكتئا,1,0,0,بالضبط احس شخص يتقبل هالاعمال انا شفت الغرفه الحمراء واله صابني اكتئا,بالضبط احس مو اي شخص يتقبل هالاعمال انا شفت الغرفه الحمراء واله صابني اكتئا
حزن😔,1,0,0,حزن😔,حزن😔
مش معنى ان الى بتكلمه فاتح بس مبيردش عليك أنه كدا تنك أو متكبر كل ما فالحكايه أنه مكن يكون معندوش طاقه أنه يرد أومكتئب,1,1,0,معني الي بتكلمه فاتح مبيردش عليك انه كدا تنك متكبر فالحكايه انه مكن معندوش طاقه انه يرد اومكتئب,مش معني ان الي بتكلمه فاتح بس مبيردش عليك انه كدا تنك او متكبر كل ما فالحكايه انه مكن يكون معندوش طاقه انه يرد اومكتئب
الأيام ثقيلة على قلبي مو محتاجة غير عزله لحتى كل الي جواي يتشافى تماما واتجدد من جديد,1,1,0,الايام ثقيله علي قلبي محتاجه غير عزله لحتي الي جواي يتشافي تماما واتجدد جديد,الايام ثقيله علي قلبي مو محتاجه غير عزله لحتي كل الي جواي يتشافي تماما واتجدد من جديد
راجعت العياده و قالت لي هاي نوبة قلق هذا و انا فاضيه قلق لو انشغل شو بيصير فيني 😂😭,1,0,0,راجعت العياده قالت هاي نوبه قلق انا فاضيه قلق انشغل بيصير فيني,راجعت العياده و قالت لي هاي نوبه قلق هذا و انا فاضيه قلق لو انشغل شو بيصير فيني 😂😭
كآبه 😂,1,0,0,كابه,كابه 😂
هناك اكتئاب صامت يسكن البعض إنه اكتئاب أن تعرف أكثر ما يجب أن تعرف حتى تكون في خلاف دائم مع كل شيء و مع نفسك,1,1,0,اكتئاب صامت يسكن البعض انه اكتئاب تعرف اكثر يجب تعرف حتي تكون خلاف دائم شيء نفسك,هناك اكتئاب صامت يسكن البعض انه اكتئاب ان تعرف اكثر ما يجب ان تعرف حتي تكون في خلاف دائم مع كل شيء و مع نفسك
بقيت دايما خايفة و عايشه في قلق و رعب لحسن اي بعد صغير او قله كلام يقلب و يرجعنا لصفر,1,0,0,بقيت دايما خايفه عايشه قلق رعب لحسن صغير قله كلام يقلب يرجعنا لصفر,بقيت دايما خايفه و عايشه في قلق و رعب لحسن اي بعد صغير او قله كلام يقلب و يرجعنا لصفر
وايد مو شوي كآبه,1,0,0,وايد شوي كابه,وايد مو شوي كابه
انا مريت بحالة اكتئاب واكبر غلط انك تاخذ حبوب والشي الصح تصارح اقرب شخص من اهلك او اهلك بالي في قلبك,1,0,0,انا مريت بحاله اكتئاب واكبر غلط انك تاخذ حبوب والشي الصح تصارح اقرب شخص اهلك اهلك بالي قلبك,انا مريت بحاله اكتئاب واكبر غلط انك تاخذ حبوب والشي الصح تصارح اقرب شخص من اهلك او اهلك بالي في قلبك
"ابوهندالقحطاني_x000D_
انا مدري كيف هند هاجرت وتركت ابو طيب يخاف اله_x000D_
انا ابوي اله يرحمه كان مريض نفسي عنده اكتئاب حاد",1,0,0,ابوهندالقحطاني انا مدري هند هاجرت وتركت ابو طيب يخاف اله انا ابوي اله يرحمه مريض نفسي عنده اكتئاب حاد,ابوهندالقحطاني_x<NUM>D_انا مدري كيف هند هاجرت وتركت ابو طيب يخاف اله_x<NUM>D_انا ابوي اله يرحمه كان مريض نفسي عنده اكتئاب حاد
الف حُزن والف ذكرى والف ضِيق وَقلبّ واحد,1,0,0,الف حزن والف ذكري والف ضيق وقلب واحد,الف حزن والف ذكري والف ضيق وقلب واحد
إنَّ المَرء إذا حَزن إستدعى كُلّ أحزانه السابِقة كأنَّ حُزنًا واحِدًا لا يَكفيه,1,1,0,المرء اذا حزن استدعي احزانه السابقه حزنا واحدا يكفيه,ان المرء اذا حزن استدعي كل احزانه السابقه كان حزنا واحدا لا يكفيه
يجماعه ادعولي بالموت فا دعوه 40 غريب مستجابه,1,0,0,يجماعه ادعولي بالموت دعوه غريب مستجابه,يجماعه ادعولي بالموت فا دعوه <NUM> غريب مستجابه
اكتئاب مو طبيعي,1,0,0,اكتئاب طبيعي,اكتئاب مو طبيعي
بداخلي جُرح عميق ، لا أعرف مدى كم هو مٌؤلم لدرجه وجعه لا أعرف كيف اٌدوايه ، جُرح يصعُب علاجه ,1,1,0,بداخلي جرح عميق اعرف مدي مؤلم لدرجه وجعه اعرف ادوايه جرح يصعب علاجه,بداخلي جرح عميق ، لا اعرف مدي كم هو مؤلم لدرجه وجعه لا اعرف كيف ادوايه ، جرح يصعب علاجه
اخ حزن,1,0,0,حزن,اخ حزن
"هو شخص واحد محادثته قادرة _x000D_
تحارب اكتئاب اليوم والحياة كلها",1,0,0,شخص واحد محادثته قادره تحارب اكتئاب اليوم والحياه كلها,هو شخص واحد محادثته قادره _x<NUM>D_تحارب اكتئاب اليوم والحياه كلها
اهاجمك وانا باسوأ حالاتي هذا انتحار,1,0,0,اهاجمك وانا باسوا حالاتي انتحار,اهاجمك وانا باسوا حالاتي هذا انتحار
ضيقه توتر خوف قرف اكتئاب ظغط تعب قلق تفك و كل شي,1,0,0,ضيقه توتر خوف قرف اكتئاب ظغط تعب قلق تفك,ضيقه توتر خوف قرف اكتئاب ظغط تعب قلق تفك و كل شي
لكل شخص يقرا كلامي انا بحاجة دعواتكم انا حزينة ويائسة وبائسة من الحياة الحياة انهكتني وقتلتني ,1,0,0,لكل شخص يقرا كلامي انا بحاجه دعواتكم انا حزينه ويائسه وبائسه الحياه الحياه انهكتني وقتلتني,لكل شخص يقرا كلامي انا بحاجه دعواتكم انا حزينه ويائسه وبائسه من الحياه الحياه انهكتني وقتلتني
انا عمري ما كنت حزين ولقيت حد اروحله ولا اهل ولا حتى صحاب وهذا اسوء,1,1,0,انا عمري كنت حزين ولقيت اروحله ولا اهل ولا حتي صحاب وهذا اسوء,انا عمري ما كنت حزين ولقيت حد اروحله ولا اهل ولا حتي صحاب وهذا اسوء
الاكتئاب الصغير الي فيني قاعد يقتلني,1,0,0,الاكتئاب الصغير الي فيني قاعد يقتلني,الاكتئاب الصغير الي فيني قاعد يقتلني
لو بنت نزلت الشارع بتخاف ل حد يتحرش بيها زي اي واحده ايا كان لبسها ولا شكلها في ناس بعبايات بيتحرشو بيها ,1,0,0,بنت نزلت الشارع بتخاف يتحرش بيها واحده ايا لبسها ولا شكلها ناس بعبايات بيتحرشو بيها,لو بنت نزلت الشارع بتخاف ل حد يتحرش بيها زي اي واحده ايا كان لبسها ولا شكلها في ناس بعبايات بيتحرشو بيها
أنا شايف إن احسن حاجة تقدمها لنفسك الفترة دي إنك تعود علي الحياة لوحدك تعيش لوحدك تخرج لوحدك تاخد قرارات لوحدك,1,0,0,انا شايف احسن حاجه تقدمها لنفسك الفتره انك تعود علي الحياه لوحدك تعيش لوحدك تخرج لوحدك تاخد قرارات لوحدك,انا شايف ان احسن حاجه تقدمها لنفسك الفتره دي انك تعود علي الحياه لوحدك تعيش لوحدك تخرج لوحدك تاخد قرارات لوحدك
اكتر حاجة بترعبني و بتعبني نفسياً هي كلام ابويا على انه كبر و انه حاس ايامه بقت معدودة الافكار دي بتدخلني ف موجة اكتئاب و اله,1,0,0,اكتر حاجه بترعبني بتعبني نفسيا كلام ابويا علي انه كبر انه حاس ايامه بقت معدوده الافكار بتدخلني موجه اكتئاب اله,اكتر حاجه بترعبني و بتعبني نفسيا هي كلام ابويا علي انه كبر و انه حاس ايامه بقت معدوده الافكار دي بتدخلني ف موجه اكتئاب و اله
ما راح تقدرين تنسين ابد ومستحيل تعايشي مع الوضع كذا الدنيا ماتجي على كيف الواحد,1,1,0,راح تقدرين تنسين ابد ومستحيل تعايشي الوضع كذا الدنيا ماتجي علي الواحد,ما راح تقدرين تنسين ابد ومستحيل تعايشي مع الوضع كذا الدنيا ماتجي علي كيف الواحد
انا مكتئب يومين ورايح الديره,1,0,0,انا مكتئب يومين ورايح الديره,انا مكتئب يومين ورايح الديره
مود اكتئاب عظمه,1,0,0,مود اكتئاب عظمه,مود اكتئاب عظمه
وكالعادة أفقد كل شيء ثم أعود لزاوية وحدتي وابكي.,1,0,0,وكالعاده افقد شيء اعود لزاويه وحدتي وابكي,وكالعاده افقد كل شيء ثم اعود لزاويه وحدتي وابكي.
طبيعي إني أبكي بدون سبب,1,1,0,طبيعي اني ابكي بدون سبب,طبيعي اني ابكي بدون سبب
انا حاسس اني تايه مش كويس ولا مبسوط مبقاش عندي شغف لأي حاجه حاسس ان في حاجه ناقصاني واني حابب اكون لوحدي ,1,0,0,انا حاسس اني تايه كويس ولا مبسوط مبقاش عندي شغف لاي حاجه حاسس حاجه ناقصاني واني حابب اكون لوحدي,انا حاسس اني تايه مش كويس ولا مبسوط مبقاش عندي شغف لاي حاجه حاسس ان في حاجه ناقصاني واني حابب اكون لوحدي
السلام عليكم الوالد مريض نفسي وعنده اكتئاب وقلق و وسواس,1,0,0,السلام عليكم الوالد مريض نفسي وعنده اكتئاب وقلق وسواس,السلام عليكم الوالد مريض نفسي وعنده اكتئاب وقلق و وسواس
"اه اوك_x000D_
انا بيجلي حاله الصمت دي بدون اكتئاب هي حاله كده مش عايزه اتكلم بس",1,1,0,اوك انا بيجلي حاله الصمت بدون اكتئاب حاله كده عايزه اتكلم,اه اوك_x<NUM>D_انا بيجلي حاله الصمت دي بدون اكتئاب هي حاله كده مش عايزه اتكلم بس
يؤلمني جسدي كثيراً في ظل انتظاري البائس أن يأتي يوماً جديداً يكون أفضل أنتظر هذا اليوم بشدة شيء ما في قلبي أشبه بالانتحار,1,1,1,يؤلمني جسدي كثيرا انتظاري البائس ياتي يوما جديدا افضل انتظر اليوم بشده شيء قلبي اشبه بالانتحار,يؤلمني جسدي كثيرا في ظل انتظاري البائس ان ياتي يوما جديدا يكون افضل انتظر هذا اليوم بشده شيء ما في قلبي اشبه بالانتحار
يارب خدني انا استنزفت,1,0,0,يارب خدني انا استنزفت,يارب خدني انا استنزفت
من هو افضل طبيب نفسي يعالج الفصام والذهان في ميدي كير,1,0,0,افضل طبيب نفسي يعالج الفصام والذهان ميدي كير,من هو افضل طبيب نفسي يعالج الفصام والذهان في ميدي كير
يجيلي فجاه نوبات قلق قويه لدرجه اني ببدأ اقلق من حاجات مستقبليه اووي,1,0,0,يجيلي فجاه نوبات قلق قويه لدرجه اني ببدا اقلق حاجات مستقبليه اووي,يجيلي فجاه نوبات قلق قويه لدرجه اني ببدا اقلق من حاجات مستقبليه اووي
قلق😭,1,0,0,قلق😭,قلق😭
الي حصل لحازم ده بجد هيدخلني في نوبه اكتئاب حاد كان مستخبيلك ده كله فين بس ياوليدي 💔😥,1,0,0,الي حصل لحازم بجد هيدخلني نوبه اكتئاب حاد مستخبيلك كله فين ياوليدي,الي حصل لحازم ده بجد هيدخلني في نوبه اكتئاب حاد كان مستخبيلك ده كله فين بس ياوليدي 💔😥
تأقلمت على حزني إلا انه ما زال يبكيني مراراً,1,1,0,تاقلمت علي حزني الا انه زال يبكيني مرارا,تاقلمت علي حزني الا انه ما زال يبكيني مرارا
الطب الباطنة بتخلي دماغي تطلع دخان وبتدخلني ف حالة اكتئاب وحشة أوي وبقى مقتنع تمام الاقتناع إن البحر ده واسع فشخ,1,0,0,الطب الباطنه بتخلي دماغي تطلع دخان وبتدخلني حاله اكتئاب وحشه اوي وبقي مقتنع تمام الاقتناع البحر واسع فشخ,الطب الباطنه بتخلي دماغي تطلع دخان وبتدخلني ف حاله اكتئاب وحشه اوي وبقي مقتنع تمام الاقتناع ان البحر ده واسع فشخ
مكتئب ولا حزين بالفطرة,1,0,0,مكتئب ولا حزين بالفطره,مكتئب ولا حزين بالفطره
لم يعد البكاء حل فقط الانتحار 😔💔,1,1,0,يعد البكاء فقط الانتحار,لم يعد البكاء حل فقط الانتحار 😔💔
اتشخصت ب إكتئاب انفعالي حاد 💔🙂,1,0,0,اتشخصت اكتئاب انفعالي حاد,اتشخصت ب اكتئاب انفعالي حاد 💔🙂
حزن مستمر فقدت النوم الاستمتاع بالحياة تقدير الذات صار عندي رهاب اجتماعي حساسية مفرطة عصبية لانهائية توتر وقلق,1,0,0,حزن مستمر فقدت النوم الاستمتاع بالحياه تقدير الذات صار عندي رهاب اجتماعي حساسيه مفرطه عصبيه لانهائيه توتر وقلق,حزن مستمر فقدت النوم الاستمتاع بالحياه تقدير الذات صار عندي رهاب اجتماعي حساسيه مفرطه عصبيه لانهائيه توتر وقلق
يارب فرج همي وسخر لي عبادك,1,0,0,يارب فرج همي وسخر عبادك,يارب فرج همي وسخر لي عبادك
عايزة اكون لوحدي,1,0,0,عايزه اكون لوحدي,عايزه اكون لوحدي
طيب انت عندك اكتئاب في خطة حلوه بتغير شوي مودك جيب ورقه وقلم واكتب في وجه دفتر النعم واكتب ٢٥ نعمة ,1,0,0,طيب انت عندك اكتئاب خطه حلوه بتغير شوي مودك جيب ورقه وقلم واكتب وجه دفتر النعم واكتب نعمه,طيب انت عندك اكتئاب في خطه حلوه بتغير شوي مودك جيب ورقه وقلم واكتب في وجه دفتر النعم واكتب <NUM><NUM> نعمه
مايفضي متروس قلبي حزن,1,0,0,مايفضي متروس قلبي حزن,مايفضي متروس قلبي حزن
حُبك سراب عين تدمع وقلبي فيه إكتئاب متى تشابك إيدينا ونفتك من العذاب ❤️,1,0,0,حبك سراب عين تدمع وقلبي فيه اكتئاب متي تشابك ايدينا ونفتك العذاب,حبك سراب عين تدمع وقلبي فيه اكتئاب متي تشابك ايدينا ونفتك من العذاب ❤️
منجد كآبه لو قعدت لحالي وشغلت فيلم,1,0,0,منجد كابه قعدت لحالي وشغلت فيلم,منجد كابه لو قعدت لحالي وشغلت فيلم
حزن ☹️,1,0,0,حزن,حزن ☹️
إلى أحدهم إفلات يدك وغياب صوتك واختفاء عيناك كانو انتحار,1,0,0,الي احدهم افلات يدك وغياب صوتك واختفاء عيناك كانو انتحار,الي احدهم افلات يدك وغياب صوتك واختفاء عيناك كانو انتحار
أنا بستخدم فيتامينات لأن ف ياول فترة بدأت فعلا احسوبارهاق وشويه اكتئاب عشان كده تقريبا كل يوم بأخ,1,0,0,انا بستخدم فيتامينات لان ياول فتره بدات فعلا احسوبارهاق وشويه اكتئاب عشان كده تقريبا يوم باخ,انا بستخدم فيتامينات لان ف ياول فتره بدات فعلا احسوبارهاق وشويه اكتئاب عشان كده تقريبا كل يوم باخ
"لدي خبران واحد تعيس والثاني جيد لكم_x000D_
_x000D_
التعيس اني لن احذف الحساب_x000D_
_x000D_
والجيداني س احذف تويتر لبعض وقت لا اعلم شهر او",1,1,0,لدي خبران واحد تعيس والثاني جيد لكم التعيس اني احذف الحساب والجيداني احذف تويتر لبعض وقت اعلم شهر,لدي خبران واحد تعيس والثاني جيد لكم_x<NUM>D__x<NUM>D_التعيس اني لن احذف الحساب_x<NUM>D__x<NUM>D_والجيداني س احذف تويتر لبعض وقت لا اعلم شهر او
"كثير بتعز عليا نفسي لأنو هالجملة كانت سب اكتئاب ٦ شهور_x000D_
وكثير بعز عليا وقتها انّي ما قدرت أرد لأنه",1,1,0,كثير بتعز عليا نفسي لانو هالجمله اكتئاب شهور وكثير بعز عليا وقتها اني قدرت ارد لانه,كثير بتعز عليا نفسي لانو هالجمله كانت سب اكتئاب <NUM> شهور_x<NUM>D_وكثير بعز عليا وقتها اني ما قدرت ارد لانه
واله منا عارف هو إكتئاب ولا أنطفاء ولا نضج ولا وحده ولا,1,0,0,واله منا عارف اكتئاب ولا انطفاء ولا نضج ولا وحده ولا,واله منا عارف هو اكتئاب ولا انطفاء ولا نضج ولا وحده ولا
يميناً بالله كآبه منجد,1,0,0,يمينا بالله كابه منجد,يمينا بالله كابه منجد
"اله يحرق مدام هناء على مؤنس على ابراهيم ذات نفسه_x000D_
جابولي اكتئاب هما الثلاثة ومعاهم بدر بيه",1,0,0,اله يحرق مدام هناء علي مؤنس علي ابراهيم ذات نفسه جابولي اكتئاب هما الثلاثه ومعاهم بدر بيه,اله يحرق مدام هناء علي مؤنس علي ابراهيم ذات نفسه_x<NUM>D_جابولي اكتئاب هما الثلاثه ومعاهم بدر بيه
انا زعلانه لدرجه قاعد ابكي بحرقة,1,0,0,انا زعلانه لدرجه قاعد ابكي بحرقه,انا زعلانه لدرجه قاعد ابكي بحرقه
مخنوقه لدرجة الموت,1,0,0,مخنوقه لدرجه الموت,مخنوقه لدرجه الموت
٥ دقايق لو ماقدرت أرقعها بدخل دوامة كأبه نفسيتي صارت هشه,1,0,0,دقايق ماقدرت ارقعها بدخل دوامه كابه نفسيتي صارت هشه,<NUM> دقايق لو ماقدرت ارقعها بدخل دوامه كابه نفسيتي صارت هشه
متحمسه لنومه الي بنامها بدون قلق نفسي وتفكير بكم اسوي حساب ومتى اصحى عشان ابدى,1,1,0,متحمسه لنومه الي بنامها بدون قلق نفسي وتفكير بكم اسوي حساب ومتي اصحي عشان ابدي,متحمسه لنومه الي بنامها بدون قلق نفسي وتفكير بكم اسوي حساب ومتي اصحي عشان ابدي
لا احد ينتظرني ابدا,1,1,0,احد ينتظرني ابدا,لا احد ينتظرني ابدا
الواحد ماعاد يدري هي هذه حياته الحقيقية ولا هو مكتئب,1,0,0,الواحد ماعاد يدري حياته الحقيقيه ولا مكتئب,الواحد ماعاد يدري هي هذه حياته الحقيقيه ولا هو مكتئب
هذا الحلم بيعمل اكتئاب كل يوم الصبح عم احلم يمرق النهار عا خير,1,0,0,الحلم بيعمل اكتئاب يوم الصبح احلم يمرق النهار خير,هذا الحلم بيعمل اكتئاب كل يوم الصبح عم احلم يمرق النهار عا خير
"انا كيف نسيت ان تهاني قعدة ٧ سنوات بنفس كليتي _x000D_
لو اني متذكرة من اول الاسبوع كان ما صكني اكتئاب",1,1,0,انا نسيت تهاني قعده سنوات بنفس كليتي اني متذكره اول الاسبوع صكني اكتئاب,انا كيف نسيت ان تهاني قعده <NUM> سنوات بنفس كليتي _x<NUM>D_لو اني متذكره من اول الاسبوع كان ما صكني اكتئاب
هو مافيش احسن من الانتحار,1,0,0,مافيش احسن الانتحار,هو مافيش احسن من الانتحار
نوبات اكتئاب بين الحينَ والاخر تحطم نصف محاولاتي في إصلاح نفسي,1,0,0,نوبات اكتئاب الحين والاخر تحطم نصف محاولاتي اصلاح نفسي,نوبات اكتئاب بين الحين والاخر تحطم نصف محاولاتي في اصلاح نفسي
"يا ذهينه _x000D_
كل هذا الحزن فينّي_x000D_
تجهلينه _x000D_
كل هذا ومالمحتي _x000D_
شي فيني تعرفينه_x000D_
وأنتي المفروض _x000D_
قبل يمر فيني حزنّ _x000D_
قبلي أنتي تلمحينه",1,0,0,ذهينه الحزن فيني تجهلينه ومالمحتي فيني تعرفينه وانتي المفروض يمر فيني حزن قبلي انتي تلمحينه,يا ذهينه _x<NUM>D_كل هذا الحزن فيني_x<NUM>D_تجهلينه _x<NUM>D_كل هذا ومالمحتي _x<NUM>D_شي فيني تعرفينه_x<NUM>D_وانتي المفروض _x<NUM>D_قبل يمر فيني حزن _x<NUM>D_قبلي انتي تلمحينه
اكتئاب اسمه ازمة مفارقة غرفتي,1,0,0,اكتئاب اسمه ازمه مفارقه غرفتي,اكتئاب اسمه ازمه مفارقه غرفتي
النفسيه زفت فعلا والواحد بيفكر ف الانتحار,1,0,0,النفسيه زفت فعلا والواحد بيفكر الانتحار,النفسيه زفت فعلا والواحد بيفكر ف الانتحار
قاعده اتابع دراما كئيبه وسبت لي اكتئاب زياده 😣,1,0,0,قاعده اتابع دراما كئيبه وسبت اكتئاب زياده,قاعده اتابع دراما كئيبه وسبت لي اكتئاب زياده 😣
كنا نضحك انا واختي على حياتنا البائسه وبكيت وقعدت ابكي ,1,0,0,كنا نضحك انا واختي علي حياتنا البائسه وبكيت وقعدت ابكي,كنا نضحك انا واختي علي حياتنا البائسه وبكيت وقعدت ابكي
يؤسفني اني اقول ان كلهم بلا استثناء خذلوني و يؤسفني اني اقول انا حزين علي نفسي جدا.,1,0,0,يؤسفني اني اقول كلهم بلا استثناء خذلوني يؤسفني اني اقول انا حزين علي نفسي جدا,يؤسفني اني اقول ان كلهم بلا استثناء خذلوني و يؤسفني اني اقول انا حزين علي نفسي جدا.
لو كان الانتحار حلال انتحر طبعاً,1,0,0,الانتحار حلال انتحر طبعا,لو كان الانتحار حلال انتحر طبعا
انا احب ابكي قبل لا أنام صدق اذا تزوجت كيف اخذ راحتي وابكى تو افكر فيها,1,1,0,انا احب ابكي انام صدق اذا تزوجت اخذ راحتي وابكي افكر فيها,انا احب ابكي قبل لا انام صدق اذا تزوجت كيف اخذ راحتي وابكي تو افكر فيها
بصي كفاية عليكي كلام معايا كده عشان ماجبلكيش اكتئاب 😂,1,0,0,بصي كفايه عليكي كلام معايا كده عشان ماجبلكيش اكتئاب,بصي كفايه عليكي كلام معايا كده عشان ماجبلكيش اكتئاب 😂
أنا مرهق أريد الابتعاد عن هذا العالم الذي جعلني مُكتئب ، مُتشتت ، حزين ، يائس ، ضائع ، هارب ، منعزل ، تائه ، وحيد ، صعب ، خائف ، منهك ، متعب ، يحتاج ، يريد ، مختنق ، يكره ، يحب ، متناقض ، خراب داخلي ، أعتقد أن لي حق في ذلك,1,0,0,انا مرهق اريد الابتعاد العالم الذي جعلني مكتئب متشتت حزين يائس ضائع هارب منعزل تائه وحيد صعب خائف منهك متعب يحتاج يريد مختنق يكره يحب متناقض خراب داخلي اعتقد,انا مرهق اريد الابتعاد عن هذا العالم الذي جعلني مكتئب ، متشتت ، حزين ، يائس ، ضائع ، هارب ، منعزل ، تائه ، وحيد ، صعب ، خائف ، منهك ، متعب ، يحتاج ، يريد ، مختنق ، يكره ، يحب ، متناقض ، خراب داخلي ، اعتقد ان لي حق في ذلك
شفي 💔 كذا يجيب اكتئاب,1,0,0,شفي كذا يجيب اكتئاب,شفي 💔 كذا يجيب اكتئاب
إني في حالة هلع وخوف شديد من ذنوبي,1,0,0,اني حاله هلع وخوف شديد ذنوبي,اني في حاله هلع وخوف شديد من ذنوبي
يعني لما دخلت في اكتئاب العودة قربت😭,1,0,0,يعني لما دخلت اكتئاب العوده قربت😭,يعني لما دخلت في اكتئاب العوده قربت😭
وربي مو انا اوف انا مكتئب,1,0,0,وربي انا اوف انا مكتئب,وربي مو انا اوف انا مكتئب
الي عرفته من اختها ان عندها اكتئاب 🌚,1,0,0,الي عرفته اختها عندها اكتئاب,الي عرفته من اختها ان عندها اكتئاب 🌚
شكل الاكتئاب حالتي الطبيعية,1,0,0,شكل الاكتئاب حالتي الطبيعيه,شكل الاكتئاب حالتي الطبيعيه
واله الواحد معد يدري هو اكتئاب ولا انطفاء ولا نضج ولا انعدام الشغف ولا حاله نفسيه ولا هذي شخصيته اقسم باله هذا وضعي دي الايام 💔,1,0,0,واله الواحد معد يدري اكتئاب ولا انطفاء ولا نضج ولا انعدام الشغف ولا حاله نفسيه ولا هذي شخصيته اقسم باله وضعي الايام,واله الواحد معد يدري هو اكتئاب ولا انطفاء ولا نضج ولا انعدام الشغف ولا حاله نفسيه ولا هذي شخصيته اقسم باله هذا وضعي دي الايام 💔
او لا وتشوف واقعيتها بنسبه اد اى وتاثيرها كمان عليك اى اذا كانت مثلا حطتك ف مود حلو او مود كله كابه وحزن,1,1,0,وتشوف واقعيتها بنسبه وتاثيرها كمان عليك اذا مثلا حطتك مود حلو مود كله كابه وحزن,او لا وتشوف واقعيتها بنسبه اد اي وتاثيرها كمان عليك اي اذا كانت مثلا حطتك ف مود حلو او مود كله كابه وحزن
أعتقد أني أحتاج لذهاب إلى طبيب نفسي لكن هذه الخطوة ربما تكون صعبة فأنا غير معتاد لحديث إلى أحد عن ما يدور في ذهني,1,1,0,اعتقد اني احتاج لذهاب الي طبيب نفسي الخطوه ربما تكون صعبه فانا غير معتاد لحديث الي احد يدور ذهني,اعتقد اني احتاج لذهاب الي طبيب نفسي لكن هذه الخطوه ربما تكون صعبه فانا غير معتاد لحديث الي احد عن ما يدور في ذهني
صارلي سبع سنين اعاني نفسيا ودايما كنت اعتقد انه اكتئاب لحد ما درست علم نفس وبحثت عن الأعراض وفي الاخير وصلت الى الحل,1,1,0,صارلي سبع سنين اعاني نفسيا ودايما كنت اعتقد انه اكتئاب لحد درست علم نفس وبحثت الاعراض وفي الاخير وصلت الي الحل,صارلي سبع سنين اعاني نفسيا ودايما كنت اعتقد انه اكتئاب لحد ما درست علم نفس وبحثت عن الاعراض وفي الاخير وصلت الي الحل
ياضيقة الصدر روحي 😢كآبة اكتمال القمر,1,0,0,ياضيقه الصدر روحي 😢كابه اكتمال القمر,ياضيقه الصدر روحي 😢كابه اكتمال القمر
الانتحار انسب حل,1,0,0,الانتحار انسب,الانتحار انسب حل
"ولا مسامح ولا معذور _x000D_
على حزنٍ سكن صدري بأسبابك",1,0,0,ولا مسامح ولا معذور علي حزن سكن صدري باسبابك,ولا مسامح ولا معذور _x<NUM>D_علي حزن سكن صدري باسبابك
في قلقٍ دائم مع نفسي,1,0,0,قلق دائم نفسي,في قلق دائم مع نفسي
بيجيني اكتئاب بسب نظام نومي في رمضان 🥲,1,0,0,بيجيني اكتئاب بسب نظام نومي رمضان,بيجيني اكتئاب بسب نظام نومي في رمضان 🥲
أحيانا يهاجمني حزن لا يجب أن يكون حزني,1,1,0,احيانا يهاجمني حزن يجب حزني,احيانا يهاجمني حزن لا يجب ان يكون حزني
يجماعة بية اكتئاب 🌝,1,0,0,يجماعه بيه اكتئاب,يجماعه بيه اكتئاب 🌝
😂 الاوميقا تعدل المزاج علي فكرة بعد تخش اكتئاب حبة اوميقا,1,0,0,الاوميقا تعدل المزاج علي فكره تخش اكتئاب حبه اوميقا,😂 الاوميقا تعدل المزاج علي فكره بعد تخش اكتئاب حبه اوميقا
روتيني هذي الكم يوم قلق وتوتر نوم نوم نوم قلق وتأنيب ضمير تمثيل وتسليك لاهل ,1,0,0,روتيني هذي الكم يوم قلق وتوتر نوم نوم نوم قلق وتانيب ضمير تمثيل وتسليك لاهل,روتيني هذي الكم يوم قلق وتوتر نوم نوم نوم قلق وتانيب ضمير تمثيل وتسليك لاهل
انا مكتئب اكتئاب ما له أول من آخر,1,1,0,انا مكتئب اكتئاب اول اخر,انا مكتئب اكتئاب ما له اول من اخر
الواحد مش عارف دا اكتئاب ولا هدوء ولا مقاومه ولا انهيار,1,0,0,الواحد عارف اكتئاب ولا هدوء ولا مقاومه ولا انهيار,الواحد مش عارف دا اكتئاب ولا هدوء ولا مقاومه ولا انهيار
حزن وحدة بكاء ,1,0,0,حزن وحده بكاء,حزن وحده بكاء
اكتئاب بعد ثلاث أيام حرب 😩,1,0,0,اكتئاب ثلاث ايام حرب,اكتئاب بعد ثلاث ايام حرب 😩
كآبة شوال ولا كآبة رمضان 😖,1,0,0,كابه شوال ولا كابه رمضان,كابه شوال ولا كابه رمضان 😖
اكتر حاجه تجيب اكتئاب لوحد هى السوشيال ميدا👌,1,0,0,اكتر حاجه تجيب اكتئاب لوحد السوشيال ميدا👌,اكتر حاجه تجيب اكتئاب لوحد هي السوشيال ميدا👌
الهم خف عني ثقل هذه الايام و اشرح صدري و ارح قلبي و ارزقني الصبر على كل حزن بداخلي لا يعلمه سواك يارب العالمين,1,1,0,الهم عني ثقل الايام اشرح صدري ارح قلبي ارزقني الصبر علي حزن بداخلي يعلمه سواك يارب العالمين,الهم خف عني ثقل هذه الايام و اشرح صدري و ارح قلبي و ارزقني الصبر علي كل حزن بداخلي لا يعلمه سواك يارب العالمين
انا قلقانة بشكل غير طبيعي نوبات القلق تحاصرني,1,1,0,انا قلقانه بشكل غير طبيعي نوبات القلق تحاصرني,انا قلقانه بشكل غير طبيعي نوبات القلق تحاصرني
فيه حد راش كآبه ف الجو 🙄,1,0,0,فيه راش كابه الجو,فيه حد راش كابه ف الجو 🙄
كثرة الخيبات أجبرتني على عزلة الناس,1,0,0,كثره الخيبات اجبرتني علي عزله الناس,كثره الخيبات اجبرتني علي عزله الناس
هذا اكتئاب العطله و شرفنا اله لا يحيه,1,1,0,اكتئاب العطله شرفنا اله يحيه,هذا اكتئاب العطله و شرفنا اله لا يحيه
"أُعاني من إكتئاب حاد _x000D_
الأصدقاء يُعاتِبوني على إبتعادي _x000D_
وأُمي تغضب لأنَّ حالي يتدهور _x000D_
أمّا أنا فَأُفَكِّر _x000D_
ك",1,0,0,اعاني اكتئاب حاد الاصدقاء يعاتبوني علي ابتعادي وامي تغضب لان حالي يتدهور اما انا فافكر,اعاني من اكتئاب حاد _x<NUM>D_الاصدقاء يعاتبوني علي ابتعادي _x<NUM>D_وامي تغضب لان حالي يتدهور _x<NUM>D_اما انا فافكر _x<NUM>D_ك
اتخش لتويتر ايصرلك اكتئاب,1,0,0,اتخش لتويتر ايصرلك اكتئاب,اتخش لتويتر ايصرلك اكتئاب
الموت هو الحل,1,0,0,الموت الحل,الموت هو الحل
خزان كآبة وانفجر بعد الامتحانات 😬,1,0,0,خزان كابه وانفجر الامتحانات,خزان كابه وانفجر بعد الامتحانات 😬
كآبة,1,0,0,كابه,كابه
اكتئاب رمضان,1,0,0,اكتئاب رمضان,اكتئاب رمضان
حُزن العالم كله في قلبّي.,1,0,0,حزن العالم كله قلبي,حزن العالم كله في قلبي.
الاكتئاب بيسرق مني وقتي وانا مش قادر اعمل حاجة ,1,0,0,الاكتئاب بيسرق مني وقتي وانا قادر اعمل حاجه,الاكتئاب بيسرق مني وقتي وانا مش قادر اعمل حاجه
عشان كذا سحبت عليه زمان سب لي اكتئاب,1,0,0,عشان كذا سحبت عليه زمان اكتئاب,عشان كذا سحبت عليه زمان سب لي اكتئاب
اول ما احس بشعور سوداوي او اكتئاب على طول لحبوب المنومه على الأقل اقدر اتنجب السيلف هارم والأفكار السيئة والخطوة,1,1,0,اول احس بشعور سوداوي اكتئاب علي طول لحبوب المنومه علي الاقل اقدر اتنجب السيلف هارم والافكار السيئه والخطوه,اول ما احس بشعور سوداوي او اكتئاب علي طول لحبوب المنومه علي الاقل اقدر اتنجب السيلف هارم والافكار السيئه والخطوه
لا فائدة ابدا فالانتحار هو الحل الاخير لكل هذة الخيبات المتلاحقة,1,1,0,فائده ابدا فالانتحار الحل الاخير لكل الخيبات المتلاحقه,لا فائده ابدا فالانتحار هو الحل الاخير لكل هذه الخيبات المتلاحقه
وانا هنا ابكي❤️❤️❤️❤️,1,0,0,وانا ابكي❤️❤️❤️❤️,وانا هنا ابكي❤️❤️❤️❤️
الانتحار انا اخدت القرار خلاص 😂,1,0,0,الانتحار انا اخدت القرار خلاص,الانتحار انا اخدت القرار خلاص 😂
أحس نفسي اعرف ايش شكل الحياة بدون اكتئاب مرا حيفرق معايا لكن مافي شي يساعد,1,1,0,احس نفسي اعرف ايش شكل الحياه بدون اكتئاب مرا حيفرق معايا مافي يساعد,احس نفسي اعرف ايش شكل الحياه بدون اكتئاب مرا حيفرق معايا لكن مافي شي يساعد
لا أخفي عليكم ولكن من السنة الماضية وأنا عايشة بحالة ضياع مش لاقية حالي وبستنا ما بعرف شو كنت أستنى اكتئاب,1,1,0,اخفي عليكم ولكن السنه الماضيه وانا عايشه بحاله ضياع لاقيه حالي وبستنا بعرف كنت استني اكتئاب,لا اخفي عليكم ولكن من السنه الماضيه وانا عايشه بحاله ضياع مش لاقيه حالي وبستنا ما بعرف شو كنت استني اكتئاب
هتكون فتره صعبه عارفه ومتاكده بس انا انهارده اخدت القرار دا اني هتخلص من اي اكتئاب واي علاقات سامه كنت فيها ,1,0,0,هتكون فتره صعبه عارفه ومتاكده انا انهارده اخدت القرار اني هتخلص اكتئاب واي علاقات سامه كنت فيها,هتكون فتره صعبه عارفه ومتاكده بس انا انهارده اخدت القرار دا اني هتخلص من اي اكتئاب واي علاقات سامه كنت فيها
اخذت فيتامين د عشان كان عندي اكتئاب حاد ومع مرور الوقت اكتشفت انه العله مو بنقص فيتامين د العله بعيشتي هنا,1,0,0,اخذت فيتامين عشان عندي اكتئاب حاد ومع مرور الوقت اكتشفت انه العله بنقص فيتامين العله بعيشتي,اخذت فيتامين د عشان كان عندي اكتئاب حاد ومع مرور الوقت اكتشفت انه العله مو بنقص فيتامين د العله بعيشتي هنا
والروح تحتاج عُزلة 💛,1,0,0,والروح تحتاج عزله,والروح تحتاج عزله 💛
غرقت عيناني ب الدموع، و جوفي تمزق من الصُراخ، و صدري اصبحَ حُطامً.,1,0,0,غرقت عيناني الدموع، جوفي تمزق الصراخ، صدري اصبح حطام,غرقت عيناني ب الدموع، و جوفي تمزق من الصراخ، و صدري اصبح حطام.
نوبة قلق بعدها نوبة هلع رفقاً بروحي,1,0,0,نوبه قلق بعدها نوبه هلع رفقا بروحي,نوبه قلق بعدها نوبه هلع رفقا بروحي
"حَرام تركني وانا خاطري فيك _x000D_
_x000D_
حزن اقتباسات عبارات كلام",1,0,0,حرام تركني وانا خاطري فيك حزن اقتباسات عبارات كلام,حرام تركني وانا خاطري فيك _x<NUM>D__x<NUM>D_حزن اقتباسات عبارات كلام
حزن علي و حطلي ذي,1,0,0,حزن علي حطلي,حزن علي و حطلي ذي
"حسابج مادخلته صدفة عبث 💔 من الصباح وانا اصيح بسب ايش ان شعري طاح بشكل مزري وبدون سب جاني اكتئاب _x000D_
",1,0,0,حسابج مادخلته صدفه عبث الصباح وانا اصيح بسب ايش شعري طاح بشكل مزري وبدون جاني اكتئاب,حسابج مادخلته صدفه عبث 💔 من الصباح وانا اصيح بسب ايش ان شعري طاح بشكل مزري وبدون سب جاني اكتئاب _x<NUM>D_
عايشه بخوف و قلق بأن الشخص الي ابيه و احبه بأي لحظه بيكسر لي قلبي و يروح ولا كأني كنت شيء بالنسبه له,1,0,0,عايشه بخوف قلق بان الشخص الي ابيه احبه باي لحظه بيكسر قلبي يروح ولا كاني كنت شيء بالنسبه,عايشه بخوف و قلق بان الشخص الي ابيه و احبه باي لحظه بيكسر لي قلبي و يروح ولا كاني كنت شيء بالنسبه له
"١٨رمضان١٤٢_x000D_
_x000D_
واله الواحد معد يدري هو اكتئاب ولا انطفاء ولا نضج ولا انعدام الشغف ولا تخلف ولا حاله نفسيه ولا هذي شخصيته 🤷🏻‍♀️",1,0,0,١٨رمضان١٤٢ واله الواحد معد يدري اكتئاب ولا انطفاء ولا نضج ولا انعدام الشغف ولا تخلف ولا حاله نفسيه ولا هذي شخصيته 🤷🏻‍♀️,<NUM><NUM>رمضان<NUM><NUM><NUM>_x<NUM>D__x<NUM>D_واله الواحد معد يدري هو اكتئاب ولا انطفاء ولا نضج ولا انعدام الشغف ولا تخلف ولا حاله نفسيه ولا هذي شخصيته 🤷🏻♀️
اطلع فوق مأذنة الجامع و انتحر ع اساس انه انتحار اسلامي و كدا,1,0,0,اطلع فوق ماذنه الجامع انتحر اساس انه انتحار اسلامي كدا,اطلع فوق ماذنه الجامع و انتحر ع اساس انه انتحار اسلامي و كدا
ايه هذيك صديقتها الي انىحرت اما بنتها جاها اكتئاب 😂,1,0,0,ايه هذيك صديقتها الي انيحرت اما بنتها جاها اكتئاب,ايه هذيك صديقتها الي انيحرت اما بنتها جاها اكتئاب 😂
انا مراكم كمية فيديوهات عامله لي اكتئاب واله يخويا 🥺,1,0,0,انا مراكم كميه فيديوهات عامله اكتئاب واله يخويا,انا مراكم كميه فيديوهات عامله لي اكتئاب واله يخويا 🥺
اتقوا الله يالي تشمتون فيها ذي تعرضت لحادث وتشوه انفها عملت عمليه وفشلت وتشوه زياده ودخلت اكتئاب,1,0,0,اتقوا الله يالي تشمتون فيها تعرضت لحادث وتشوه انفها عملت عمليه وفشلت وتشوه زياده ودخلت اكتئاب,اتقوا الله يالي تشمتون فيها ذي تعرضت لحادث وتشوه انفها عملت عمليه وفشلت وتشوه زياده ودخلت اكتئاب
انا تخرجت حمدله لكن فيني كآبة وقلق العالمين دعواتكم لي بالراحه نفسيه والطمأنينه 💔 كنت احسبها من الدراسه ,1,0,0,انا تخرجت حمدله فيني كابه وقلق العالمين دعواتكم بالراحه نفسيه والطمانينه كنت احسبها الدراسه,انا تخرجت حمدله لكن فيني كابه وقلق العالمين دعواتكم لي بالراحه نفسيه والطمانينه 💔 كنت احسبها من الدراسه
"عمرنا العشريني عايشينة بنفسية السبعيني 💔_x000D_
كمية اكتئاب مليون بنحاول نتجاهل مش زابط 🤫",1,0,0,عمرنا العشريني عايشينه بنفسيه السبعيني كميه اكتئاب مليون بنحاول نتجاهل زابط,عمرنا العشريني عايشينه بنفسيه السبعيني 💔_x<NUM>D_كميه اكتئاب مليون بنحاول نتجاهل مش زابط 🤫
انا اللي مكتئب الذنب مش ذنبه,1,0,0,انا اللي مكتئب الذنب ذنبه,انا اللي مكتئب الذنب مش ذنبه
علفكرة انا كذا مره افكر في الانتحار والله بس دايما بفكر في ربنا سبحانه وتعالى,1,0,0,علفكره انا كذا مره افكر الانتحار والله دايما بفكر ربنا سبحانه وتعالي,علفكره انا كذا مره افكر في الانتحار والله بس دايما بفكر في ربنا سبحانه وتعالي
احس اني اعاني من نوبات قلق,1,0,0,احس اني اعاني نوبات قلق,احس اني اعاني من نوبات قلق
شكلها كدا اكتئاب,1,0,0,شكلها كدا اكتئاب,شكلها كدا اكتئاب
شيء مش طبيعي زي إيه 😢😟 هموت يعني ولا ايه ☹️ يكونش ده قلق ماقبل الموت 🙄☹️,1,0,0,شيء طبيعي ايه هموت يعني ولا ايه يكونش قلق ماقبل الموت 🙄☹️,شيء مش طبيعي زي ايه 😢😟 هموت يعني ولا ايه ☹️ يكونش ده قلق ماقبل الموت 🙄☹️
"مشاهيرالسناب_x000D_
يمدحون بعض يسوقون لبعض يرسلون المعلنين لبعض يكونون صداقة بينهم يفرحون لبعض يزعلون لبعض_x000D_
وفجأه",1,0,0,مشاهيرالسناب يمدحون بعض يسوقون لبعض يرسلون المعلنين لبعض يكونون صداقه بينهم يفرحون لبعض يزعلون لبعض وفجاه,مشاهيرالسناب_x<NUM>D_يمدحون بعض يسوقون لبعض يرسلون المعلنين لبعض يكونون صداقه بينهم يفرحون لبعض يزعلون لبعض_x<NUM>D_وفجاه
اله يسعدك مكن تسوي لي رتويت انا عندي اكتئاب وبقدم ع التاهيل هل ينزل لي ع طول والا فيه لجنة لازم تشوفني,1,0,0,اله يسعدك مكن تسوي رتويت انا عندي اكتئاب وبقدم التاهيل ينزل طول والا فيه لجنه لازم تشوفني,اله يسعدك مكن تسوي لي رتويت انا عندي اكتئاب وبقدم ع التاهيل هل ينزل لي ع طول والا فيه لجنه لازم تشوفني
مره شخص قال لي او كثير يقولون مو فقط هذا قال نظامك كئيب وروتيني وجوك ليل وحياة كذا مافيها ناس قلت فعلًا فيني مؤشر كابة,1,0,0,مره شخص قال كثير يقولون فقط قال نظامك كئيب وروتيني وجوك ليل وحياه كذا مافيها ناس قلت فعلا فيني مؤشر كابه,مره شخص قال لي او كثير يقولون مو فقط هذا قال نظامك كئيب وروتيني وجوك ليل وحياه كذا مافيها ناس قلت فعلا فيني مؤشر كابه
حزنت وجاني اكتئاب وقاعد ابكي مدري شقول لكن الله يعين,1,0,0,حزنت وجاني اكتئاب وقاعد ابكي مدري شقول الله يعين,حزنت وجاني اكتئاب وقاعد ابكي مدري شقول لكن الله يعين
احس اكتئابي تمادا وراسي صداع وتفكير زياده وعندي رهاب دايم انغصب لطلعات واحس في فراغ داخلي ,1,0,0,احس اكتئابي تمادا وراسي صداع وتفكير زياده وعندي رهاب دايم انغصب لطلعات واحس فراغ داخلي,احس اكتئابي تمادا وراسي صداع وتفكير زياده وعندي رهاب دايم انغصب لطلعات واحس في فراغ داخلي
الواحد بقى بيعدى عليه ايام زعلان و مكتئب و حزين جداً من غير ما الى حواليه يعرفوا ولا يحسوا تخش تاكل تنام تصحى وهكذا,1,1,1,الواحد بقي بيعدي عليه ايام زعلان مكتئب حزين جدا غير الي حواليه يعرفوا ولا يحسوا تخش تاكل تنام تصحي وهكذا,الواحد بقي بيعدي عليه ايام زعلان و مكتئب و حزين جدا من غير ما الي حواليه يعرفوا ولا يحسوا تخش تاكل تنام تصحي وهكذا
العاطل فيه اكتئاب الدنيا ايش تحسبون العاطل مبسوط وسعيد مزاجه ونفسيته زفت لا وظيفه ولا مستقبل ويقولون مكبرين الوسائد وماعندكم الا النوم,1,1,0,العاطل فيه اكتئاب الدنيا ايش تحسبون العاطل مبسوط وسعيد مزاجه ونفسيته زفت وظيفه ولا مستقبل ويقولون مكبرين الوسائد وماعندكم الا النوم,العاطل فيه اكتئاب الدنيا ايش تحسبون العاطل مبسوط وسعيد مزاجه ونفسيته زفت لا وظيفه ولا مستقبل ويقولون مكبرين الوسائد وماعندكم الا النوم
أحس اني الوحيدة الي لما اكل هالاكله يضيق صدري ويحوشني اكتئاب حاد,1,0,0,احس اني الوحيده الي لما اكل هالاكله يضيق صدري ويحوشني اكتئاب حاد,احس اني الوحيده الي لما اكل هالاكله يضيق صدري ويحوشني اكتئاب حاد
مبقتش حاسس بطعم الفرحه مهما كانت الحاجه اللي بتفرح 💔,1,0,0,مبقتش حاسس بطعم الفرحه مهما الحاجه اللي بتفرح,مبقتش حاسس بطعم الفرحه مهما كانت الحاجه اللي بتفرح 💔
كل الأشجار الي يزرعونها تسب اكتئاب ومحد يستفيد منها اصلاً ومحسيني اذا زرعوا نخيل البحرين بترجع جنة بكب,1,0,0,الاشجار الي يزرعونها تسب اكتئاب ومحد يستفيد منها اصلا ومحسيني اذا زرعوا نخيل البحرين بترجع جنه بكب,كل الاشجار الي يزرعونها تسب اكتئاب ومحد يستفيد منها اصلا ومحسيني اذا زرعوا نخيل البحرين بترجع جنه بكب
بس فكونا نبي نعيش خلاص جانا اكتئاب من البيت والجلسه فيه و الوسواس اذا طلعنا,1,0,0,فكونا نبي نعيش خلاص جانا اكتئاب البيت والجلسه فيه الوسواس اذا طلعنا,بس فكونا نبي نعيش خلاص جانا اكتئاب من البيت والجلسه فيه و الوسواس اذا طلعنا
معظم المُكتئبين ناضجين واكتأبهم لو وصل لمرحلة القصوي حرفياً محدش هيقدر يزيح الهموم و العموم و اليأس الي ب الشخص,1,0,0,معظم المكتئبين ناضجين واكتابهم وصل لمرحله القصوي حرفيا محدش هيقدر يزيح الهموم العموم الياس الي الشخص,معظم المكتئبين ناضجين واكتابهم لو وصل لمرحله القصوي حرفيا محدش هيقدر يزيح الهموم و العموم و الياس الي ب الشخص
كيف اشوف نفسي حلو او على الأقل مقبول ما اقدر افتح الكاميرا واحاول اتصور بدون ما يجيني اكتئاب,1,1,0,اشوف نفسي حلو علي الاقل مقبول اقدر افتح الكاميرا واحاول اتصور بدون يجيني اكتئاب,كيف اشوف نفسي حلو او علي الاقل مقبول ما اقدر افتح الكاميرا واحاول اتصور بدون ما يجيني اكتئاب
"صباح الزفت ❤️_x000D_
انت مكتئب زي برضو",1,0,0,صباح الزفت انت مكتئب برضو,صباح الزفت ❤️_x<NUM>D_انت مكتئب زي برضو
من كثر ماني مكتئب اليوم قاعد اكل مارس,1,0,0,كثر ماني مكتئب اليوم قاعد اكل مارس,من كثر ماني مكتئب اليوم قاعد اكل مارس
هلع,1,0,0,هلع,هلع
عُزله هادئه بين شايّ وكِتاب,1,0,0,عزله هادئه شاي وكتاب,عزله هادئه بين شاي وكتاب
نوبات اكتئاب تتوالي واحده تلو الأخري,1,0,0,نوبات اكتئاب تتوالي واحده تلو الاخري,نوبات اكتئاب تتوالي واحده تلو الاخري
بكاء كآبه حزن بكاء كآبه حزن حزن حزن كسرة حزن حزن حزن تناسي تعايش تأقلم,1,0,0,بكاء كابه حزن بكاء كابه حزن حزن حزن كسره حزن حزن حزن تناسي تعايش تاقلم,بكاء كابه حزن بكاء كابه حزن حزن حزن كسره حزن حزن حزن تناسي تعايش تاقلم
اكتئاب لحد النخاع,1,0,0,اكتئاب لحد النخاع,اكتئاب لحد النخاع
نتعب واحنا نقول لا تستصغرون حزن احد بس مين يفهم,1,1,0,نتعب واحنا نقول تستصغرون حزن احد مين يفهم,نتعب واحنا نقول لا تستصغرون حزن احد بس مين يفهم
اكتئاب💔,1,0,0,اكتئاب💔,اكتئاب💔
فقال لي عندك اكتئاب وصرف لي ادوية وقيمة الادوية تقريباً 385 ويعلم اله ان الجلسه معه لم تعدا العشر دقائق,1,1,0,فقال عندك اكتئاب وصرف ادويه وقيمه الادويه تقريبا ويعلم اله الجلسه معه تعدا العشر دقائق,فقال لي عندك اكتئاب وصرف لي ادويه وقيمه الادويه تقريبا <NUM> ويعلم اله ان الجلسه معه لم تعدا العشر دقائق
اقسم باله موجة اكتئاب صابتني الناس يتابعون مسلسل عشان يطلعون من الاكتئاب انا اتابع مسلسل ادخل بحالة اكتئاب,1,0,0,اقسم باله موجه اكتئاب صابتني الناس يتابعون مسلسل عشان يطلعون الاكتئاب انا اتابع مسلسل ادخل بحاله اكتئاب,اقسم باله موجه اكتئاب صابتني الناس يتابعون مسلسل عشان يطلعون من الاكتئاب انا اتابع مسلسل ادخل بحاله اكتئاب
عندي رهاب اجتماعي👍 و اتخيل أن الجميع متفقين في مؤامرة ضدي,1,0,0,عندي رهاب اجتماعي👍 اتخيل الجميع متفقين مؤامره ضدي,عندي رهاب اجتماعي👍 و اتخيل ان الجميع متفقين في مؤامره ضدي
حفلة حزن,1,0,0,حفله حزن,حفله حزن
كآبة حزن ضيق,1,0,0,كابه حزن ضيق,كابه حزن ضيق
انا مش مهم عند حد,1,0,0,انا مهم,انا مش مهم عند حد
وربي لو ما كانت نهاية الانتحار نار كان من زمان مو موجوده,1,1,0,وربي نهايه الانتحار نار زمان موجوده,وربي لو ما كانت نهايه الانتحار نار كان من زمان مو موجوده
اكتئاب انا ايش طلعني الصباح,1,0,0,اكتئاب انا ايش طلعني الصباح,اكتئاب انا ايش طلعني الصباح
عارف لما تبقي مكتئب بقالك فتره كبيره بس بتحاول تبين للي حواليك انك فاني علشان كفايه عليهم حياتهم فتكتئب اكتر,1,0,0,عارف لما تبقي مكتئب بقالك فتره كبيره بتحاول تبين للي حواليك انك فاني علشان كفايه عليهم حياتهم فتكتئب اكتر,عارف لما تبقي مكتئب بقالك فتره كبيره بس بتحاول تبين للي حواليك انك فاني علشان كفايه عليهم حياتهم فتكتئب اكتر
نوبه اكتئاب مفاجئه,1,0,0,نوبه اكتئاب مفاجئه,نوبه اكتئاب مفاجئه
هل انا مكتئب ,1,0,0,انا مكتئب,هل انا مكتئب
دكتور انا عندي امي عندها اكتئاب حاد ساءت حالتها وصار مع الاكتئاب عندها ذهان بالرغم انها تعالج عند طبي,1,0,0,دكتور انا عندي امي عندها اكتئاب حاد ساءت حالتها وصار الاكتئاب عندها ذهان بالرغم انها تعالج طبي,دكتور انا عندي امي عندها اكتئاب حاد ساءت حالتها وصار مع الاكتئاب عندها ذهان بالرغم انها تعالج عند طبي
نوبة هلع مستمرة,1,0,0,نوبه هلع مستمره,نوبه هلع مستمره
قنبلة اكتئاب,1,0,0,قنبله اكتئاب,قنبله اكتئاب
متلازمة المثالية والتدقيق كآبة,1,0,0,متلازمه المثاليه والتدقيق كابه,متلازمه المثاليه والتدقيق كابه
احلى شي بعد الاختبار تقدر تكتئب متى ماتبي و تاخذ راحتك فيه ماتحس بالذنب و يزيد اكتئاب معتدل خفيف لطيف,1,0,0,احلي الاختبار تقدر تكتئب متي ماتبي تاخذ راحتك فيه ماتحس بالذنب يزيد اكتئاب معتدل خفيف لطيف,احلي شي بعد الاختبار تقدر تكتئب متي ماتبي و تاخذ راحتك فيه ماتحس بالذنب و يزيد اكتئاب معتدل خفيف لطيف
أعوذ باله من الحزن و إنقباض القلب و كآبة الوقت,1,0,0,اعوذ باله الحزن انقباض القلب كابه الوقت,اعوذ باله من الحزن و انقباض القلب و كابه الوقت
الحجر والحياة عن بعد سبت لي كآبه,1,0,0,الحجر والحياه سبت كابه,الحجر والحياه عن بعد سبت لي كابه
جزء لايبالي وجزء عايش على البروزاك يقاوم,1,0,0,جزء لايبالي وجزء عايش علي البروزاك يقاوم,جزء لايبالي وجزء عايش علي البروزاك يقاوم
جعلوا مني شخصاً مترد خائف مهزوم مكتئب شخص مُتعب شخص يفكر في كل شيء كلامه تصرفاته وردود افعاله شخص,1,0,0,جعلوا مني شخصا مترد خائف مهزوم مكتئب شخص متعب شخص يفكر شيء كلامه تصرفاته وردود افعاله شخص,جعلوا مني شخصا مترد خائف مهزوم مكتئب شخص متعب شخص يفكر في كل شيء كلامه تصرفاته وردود افعاله شخص
في عيوني الف دمعة حزن وفي قلبي وجع لاينتهي,1,0,0,عيوني الف دمعه حزن وفي قلبي وجع لاينتهي,في عيوني الف دمعه حزن وفي قلبي وجع لاينتهي
😂 كآبة و سوداوية من اغمق درجة,1,0,0,كابه سوداويه اغمق درجه,😂 كابه و سوداويه من اغمق درجه
أحس محتاجة أروح طبيب نفسي,1,0,0,احس محتاجه اروح طبيب نفسي,احس محتاجه اروح طبيب نفسي
"بحاول لحصر الأدوية الي اخدتها النهاردة مسكن لبيريود_x000D_
٢ مضاد اكتئاب_x000D_
كولونا عشان القولون_x000D_
انتينال_x000D_
باوركابس_x000D_
انا اسفة يا معدتي",1,0,0,بحاول لحصر الادويه الي اخدتها النهارده مسكن لبيريود مضاد اكتئاب كولونا عشان القولون انتينال باوركابس انا اسفه معدتي,بحاول لحصر الادويه الي اخدتها النهارده مسكن لبيريود_x<NUM>D_<NUM> مضاد اكتئاب_x<NUM>D_كولونا عشان القولون_x<NUM>D_انتينال_x<NUM>D_باوركابس_x<NUM>D_انا اسفه يا معدتي
لما تكون مكتئب ومحد ملاحظ واهلك ما يهتمون ونظراتك سوداويه لحياة وتبغى تنتحر بس ماتقدر عشان ما تأذي اللي يحبك ,1,1,0,لما تكون مكتئب ومحد ملاحظ واهلك يهتمون ونظراتك سوداويه لحياه وتبغي تنتحر ماتقدر عشان تاذي اللي يحبك,لما تكون مكتئب ومحد ملاحظ واهلك ما يهتمون ونظراتك سوداويه لحياه وتبغي تنتحر بس ماتقدر عشان ما تاذي اللي يحبك
تحكم الأهل الفظيع والاجبار وحبس بناتهم بحجة الخوف والعيال مايخافون عليهم هذا عادي كثير انتحروا بسببهم,1,0,0,تحكم الاهل الفظيع والاجبار وحبس بناتهم بحجه الخوف والعيال مايخافون عليهم عادي كثير انتحروا بسببهم,تحكم الاهل الفظيع والاجبار وحبس بناتهم بحجه الخوف والعيال مايخافون عليهم هذا عادي كثير انتحروا بسببهم
اكتئاب ما قبل التخرج,1,1,0,اكتئاب التخرج,اكتئاب ما قبل التخرج
حزن عنجد😔,1,0,0,حزن عنجد😔,حزن عنجد😔
ورجعنا من الجنوب وهسه كالعادة عندي يومين اكتئاب لتعامل مع فرق الحياة و الطاقة والحماس بعد يومين شغل مع أحسن ناس,1,0,0,ورجعنا الجنوب وهسه كالعاده عندي يومين اكتئاب لتعامل فرق الحياه الطاقه والحماس يومين شغل احسن ناس,ورجعنا من الجنوب وهسه كالعاده عندي يومين اكتئاب لتعامل مع فرق الحياه و الطاقه والحماس بعد يومين شغل مع احسن ناس
و الكآبة ، انه عبارة عن سُم قاتل يسري في روحي ، سُم يُعطل قدرتي على التركيز ، أعجز عن التعبير ، أود الدخول في غيبوبة ,1,0,0,الكابه انه عباره قاتل يسري روحي يعطل قدرتي علي التركيز اعجز التعبير اود الدخول غيبوبه,و الكابه ، انه عباره عن سم قاتل يسري في روحي ، سم يعطل قدرتي علي التركيز ، اعجز عن التعبير ، اود الدخول في غيبوبه
😂💔ابكي علي احزانا,1,0,0,😂💔ابكي علي احزانا,😂💔ابكي علي احزانا
أنتَ الحياةُ لقلبٍ جدّ مكتئب,1,0,0,انت الحياه لقلب مكتئب,انت الحياه لقلب جد مكتئب
والله كآبه 😭,1,0,0,والله كابه,والله كابه 😭
واله انا ماعارفة اذا حاكمني اكتئاب ولا انطفاء ولا نضج ولا وحدة ولا,1,0,0,واله انا ماعارفه اذا حاكمني اكتئاب ولا انطفاء ولا نضج ولا وحده ولا,واله انا ماعارفه اذا حاكمني اكتئاب ولا انطفاء ولا نضج ولا وحده ولا
اخر سنتين في حياتي تعبت كثير انصدمت انكسرت وقمت عشت أشياء وانا ساكته مرت وماحد يدري ابكي باليل اصحى الصبح,1,0,0,اخر سنتين حياتي تعبت كثير انصدمت انكسرت وقمت عشت اشياء وانا ساكته مرت وماحد يدري ابكي باليل اصحي الصبح,اخر سنتين في حياتي تعبت كثير انصدمت انكسرت وقمت عشت اشياء وانا ساكته مرت وماحد يدري ابكي باليل اصحي الصبح
وحده من الثنتين يا فيني رهاب اجتماعي يافيني,1,0,0,وحده الثنتين فيني رهاب اجتماعي يافيني,وحده من الثنتين يا فيني رهاب اجتماعي يافيني
"اتوقع اكتئاب تربية الاطفال_x000D_
 اعظم من اكتئاب م بعد الولاده",1,0,0,اتوقع اكتئاب تربيه الاطفال اعظم اكتئاب الولاده,اتوقع اكتئاب تربيه الاطفال_x<NUM>D_ اعظم من اكتئاب م بعد الولاده
توقعت اكتئابي من الدراسه بس خلصت ولحين فيني اكتئاب👎🏼,1,0,0,توقعت اكتئابي الدراسه خلصت ولحين فيني اكتئاب👎🏼,توقعت اكتئابي من الدراسه بس خلصت ولحين فيني اكتئاب👎🏼
احساس العيد لوحدك ده من غير اهلك حتى بجد يجيب اكتئاب,1,1,0,احساس العيد لوحدك غير اهلك حتي بجد يجيب اكتئاب,احساس العيد لوحدك ده من غير اهلك حتي بجد يجيب اكتئاب
أنا قلبي حزين جدًا ، حزين لدرجة اني مش قادر انبسط بأي حاجة وكُل حاجة تقيلة على قلبي.. مش قادر أتخطى ومش قادر أقاوم ومش قادر أواجه..انا محتاج هُدنة من العالم كُله، الأحداث تهدى والوقت يبطأ لحد ما أقدر ألاحقه من تاني.,1,1,0,انا قلبي حزين جدا حزين لدرجه اني قادر انبسط باي حاجه وكل حاجه تقيله علي قلبي قادر اتخطي ومش قادر اقاوم ومش قادر اواجه انا محتاج هدنه العالم كله، الاحداث تهدي والوقت يبطا لحد اقدر الاحقه تاني,انا قلبي حزين جدا ، حزين لدرجه اني مش قادر انبسط باي حاجه وكل حاجه تقيله علي قلبي.. مش قادر اتخطي ومش قادر اقاوم ومش قادر اواجه..انا محتاج هدنه من العالم كله، الاحداث تهدي والوقت يبطا لحد ما اقدر الاحقه من تاني.
هل لوسترال الي في النهدي ينصرف بدون وصفة ولا لازم وصفة,1,1,0,لوسترال الي النهدي ينصرف بدون وصفه ولا لازم وصفه,هل لوسترال الي في النهدي ينصرف بدون وصفه ولا لازم وصفه
استراحة محارب ولا اكتئاب,1,0,0,استراحه محارب ولا اكتئاب,استراحه محارب ولا اكتئاب
باقي شوي واحلف إنّ فيني اكتئاب,1,0,0,باقي شوي واحلف فيني اكتئاب,باقي شوي واحلف ان فيني اكتئاب
انا محتاجة طبيب نفسي,1,0,0,انا محتاجه طبيب نفسي,انا محتاجه طبيب نفسي
دخلت في حالة إكتئاب بسب حب الشباب لانه طلع لي بكثافة شديدة و تغيرت ملامحي و كل ما يشوفني احد يقول لي ايش فيك حاولت,1,1,0,دخلت حاله اكتئاب بسب الشباب لانه طلع بكثافه شديده تغيرت ملامحي يشوفني احد يقول ايش فيك حاولت,دخلت في حاله اكتئاب بسب حب الشباب لانه طلع لي بكثافه شديده و تغيرت ملامحي و كل ما يشوفني احد يقول لي ايش فيك حاولت
"صورة لي تجمعني بأقرب الأصدقاء ❤️_x000D_
الأكتئاب و الهَلع و الرهاب الأجتماعي والتوتر و القَلق و التفكير الذين لا يفارقوني",1,1,0,صوره تجمعني باقرب الاصدقاء الاكتئاب الهلع الرهاب الاجتماعي والتوتر القلق التفكير الذين يفارقوني,صوره لي تجمعني باقرب الاصدقاء ❤️_x<NUM>D_الاكتئاب و الهلع و الرهاب الاجتماعي والتوتر و القلق و التفكير الذين لا يفارقوني
بما ان هذا الصباح كئيب بشغل معزوفة ضوء القمر عشان يزيد كآبة,1,0,0,بما الصباح كئيب بشغل معزوفه ضوء القمر عشان يزيد كابه,بما ان هذا الصباح كئيب بشغل معزوفه ضوء القمر عشان يزيد كابه
الأفكار الإنتحارية عادت لرأسي من جديد منذ نصف ساعة تقريباً كنت على وشك الإنتهاء فشلت في النهاية وأنهمرت في البكاء ,1,0,0,الافكار الانتحاريه عادت لراسي جديد منذ نصف ساعه تقريبا كنت علي وشك الانتهاء فشلت النهايه وانهمرت البكاء,الافكار الانتحاريه عادت لراسي من جديد منذ نصف ساعه تقريبا كنت علي وشك الانتهاء فشلت في النهايه وانهمرت في البكاء
ما احب أشوف شي قديم التصوير والإضاءه تجيبلي اكتئاب ☹,1,1,0,احب اشوف قديم التصوير والاضاءه تجيبلي اكتئاب,ما احب اشوف شي قديم التصوير والاضاءه تجيبلي اكتئاب ☹
ياساتر اكتئاب 😭,1,0,0,ياساتر اكتئاب,ياساتر اكتئاب 😭
احس جاني اكتئاب من الماده الي قاعده ادرسها ابي اتقاعد من الحياة بسرعه لانه خلاص تعبت,1,0,0,احس جاني اكتئاب الماده الي قاعده ادرسها ابي اتقاعد الحياه بسرعه لانه خلاص تعبت,احس جاني اكتئاب من الماده الي قاعده ادرسها ابي اتقاعد من الحياه بسرعه لانه خلاص تعبت
حياتك كلها مكتئب لوحدك ولو ابتسمت يقولوا لك ضحكنا معاك عساكم ما ضحكتوا,1,1,0,حياتك كلها مكتئب لوحدك ولو ابتسمت يقولوا ضحكنا معاك عساكم ضحكتوا,حياتك كلها مكتئب لوحدك ولو ابتسمت يقولوا لك ضحكنا معاك عساكم ما ضحكتوا
اكتئاب بلا هدف 😪,1,0,0,اكتئاب بلا هدف,اكتئاب بلا هدف 😪
اكو حالة اكتئاب كلش حادة توصلج حتى متكدرين تحركيناني صارت بية ونزلت ١٥ كيلو خلال سنة,1,0,0,اكو حاله اكتئاب كلش حاده توصلج حتي متكدرين تحركيناني صارت بيه ونزلت كيلو خلال سنه,اكو حاله اكتئاب كلش حاده توصلج حتي متكدرين تحركيناني صارت بيه ونزلت <NUM><NUM> كيلو خلال سنه
فيني كمية كآبة مب طبيعية شكله تصفر عندي,1,0,0,فيني كميه كابه طبيعيه شكله تصفر عندي,فيني كميه كابه مب طبيعيه شكله تصفر عندي
اكتئاب السبت مقرف جدا,1,0,0,اكتئاب السبت مقرف جدا,اكتئاب السبت مقرف جدا
لما أكون في نوبات هلع أو قلق يترد على بالي جملة لا تلبسين الخوف و أنتي شجاعة,1,1,0,لما اكون نوبات هلع قلق يترد علي بالي جمله تلبسين الخوف انتي شجاعه,لما اكون في نوبات هلع او قلق يترد علي بالي جمله لا تلبسين الخوف و انتي شجاعه
انا من النوع الي اذا حزنت افكر في الانتحار او اني ادخن,1,0,0,انا النوع الي اذا حزنت افكر الانتحار اني ادخن,انا من النوع الي اذا حزنت افكر في الانتحار او اني ادخن
الآن هناك مرض نفسي اسمه اكتئابالسناب نسأل اله العافية وان يجنبنا إزدراء نعمه 😳,1,0,0,الان مرض نفسي اسمه اكتئابالسناب نسال اله العافيه وان يجنبنا ازدراء نعمه,الان هناك مرض نفسي اسمه اكتئابالسناب نسال اله العافيه وان يجنبنا ازدراء نعمه 😳
تشعر وكأنك تغرق حتى دون أن تبتل تشعر وكأنك تختنق مع أن رئتيك متلئتان بالهواء تشعر بأنك محاصر مع أنك في عزلة ,1,0,0,تشعر وكانك تغرق حتي دون تبتل تشعر وكانك تختنق رئتيك متلئتان بالهواء تشعر بانك محاصر انك عزله,تشعر وكانك تغرق حتي دون ان تبتل تشعر وكانك تختنق مع ان رئتيك متلئتان بالهواء تشعر بانك محاصر مع انك في عزله
طبيبي النفسي شخصنب بالاكتئاب واضطراب القلق,1,0,0,طبيبي النفسي شخصنب بالاكتئاب واضطراب القلق,طبيبي النفسي شخصنب بالاكتئاب واضطراب القلق
يوم كتبت هاذي التغريدة حسيت انو احتاج طبيب نفسي,1,0,0,يوم كتبت هاذي التغريده حسيت انو احتاج طبيب نفسي,يوم كتبت هاذي التغريده حسيت انو احتاج طبيب نفسي
مدري انا داخله على موجه اكتئاب ولا عشاني ماشربت قهوة من زمان,1,0,0,مدري انا داخله علي موجه اكتئاب ولا عشاني ماشربت قهوه زمان,مدري انا داخله علي موجه اكتئاب ولا عشاني ماشربت قهوه من زمان
داخلة موجة اكتئاب بسب مدرسة اكره عقلي,1,0,0,داخله موجه اكتئاب بسب مدرسه اكره عقلي,داخله موجه اكتئاب بسب مدرسه اكره عقلي
الفتره دي عباره عن زعل عياط اكتئاب ضغط زعل عياط اكتئاب ضغط زعل عياط اكتئاب ضغط زعل عياط اكتئاب ضغط زعل عياط اكتئاب,1,0,0,الفتره عباره زعل عياط اكتئاب ضغط زعل عياط اكتئاب ضغط زعل عياط اكتئاب ضغط زعل عياط اكتئاب ضغط زعل عياط اكتئاب,الفتره دي عباره عن زعل عياط اكتئاب ضغط زعل عياط اكتئاب ضغط زعل عياط اكتئاب ضغط زعل عياط اكتئاب ضغط زعل عياط اكتئاب
😂ناقصه قلق على أساس,1,0,0,😂ناقصه قلق علي اساس,😂ناقصه قلق علي اساس
قاعده امر بانهيار عاطفي وقافله علي الباب ويندق الباب قومي سوي قهوه طيب قاعده ابكي مسحت دموعي وقمت سويت قهوة,1,0,0,قاعده امر بانهيار عاطفي وقافله علي الباب ويندق الباب قومي سوي قهوه طيب قاعده ابكي مسحت دموعي وقمت سويت قهوه,قاعده امر بانهيار عاطفي وقافله علي الباب ويندق الباب قومي سوي قهوه طيب قاعده ابكي مسحت دموعي وقمت سويت قهوه
وربي حزن,1,0,0,وربي حزن,وربي حزن
يا حزن حالج,1,0,0,حزن حالج,يا حزن حالج
والله اني كذابه موجه اكتئاب مفاجئه,1,0,0,والله اني كذابه موجه اكتئاب مفاجئه,والله اني كذابه موجه اكتئاب مفاجئه
قلق يغث,1,0,0,قلق يغث,قلق يغث
بدأت جد جدا وريحت شويه في النص بس بعد مريحت مبدأتش تاني وجالي اكتئاب ومذاكرتش من شهر ٤لحد الامتحانات ومحلتش اي امتح,1,0,0,بدات جدا وريحت شويه النص مريحت مبداتش تاني وجالي اكتئاب ومذاكرتش شهر ٤لحد الامتحانات ومحلتش امتح,بدات جد جدا وريحت شويه في النص بس بعد مريحت مبداتش تاني وجالي اكتئاب ومذاكرتش من شهر <NUM>لحد الامتحانات ومحلتش اي امتح
انا هفكر ف الانتحار,1,0,0,انا هفكر الانتحار,انا هفكر ف الانتحار
"بعد الحظر ابي تعطوني اسم اقوى طبيب نفسي_x000D_
_x000D_
حاشتني حاله نفساويه من الحظر احتاج علاج وتأهيل عشان ارد اطلع لمجتمع😂",1,0,0,الحظر ابي تعطوني اسم اقوي طبيب نفسي حاشتني حاله نفساويه الحظر احتاج علاج وتاهيل عشان ارد اطلع لمجتمع😂,بعد الحظر ابي تعطوني اسم اقوي طبيب نفسي_x<NUM>D__x<NUM>D_حاشتني حاله نفساويه من الحظر احتاج علاج وتاهيل عشان ارد اطلع لمجتمع😂
اكتئاب ما بعد الافطار,1,1,0,اكتئاب الافطار,اكتئاب ما بعد الافطار
والله يامنه انا خلاص تعبت وزهقت وبقيت مكتئب وحاجه بجد تقرف مبقاش فيه حاجه نافعه لا حلو نافع ولا وحش نافع مبقتش عارف اعمل ايه بجد,1,1,0,والله يامنه انا خلاص تعبت وزهقت وبقيت مكتئب وحاجه بجد تقرف مبقاش فيه حاجه نافعه حلو نافع ولا وحش نافع مبقتش عارف اعمل ايه بجد,والله يامنه انا خلاص تعبت وزهقت وبقيت مكتئب وحاجه بجد تقرف مبقاش فيه حاجه نافعه لا حلو نافع ولا وحش نافع مبقتش عارف اعمل ايه بجد
يالله تدرين الحين قاعده ألوم نفسي شلون داومت رمضان ليتي اجازه بدون راتب راضيه حزن غلقه كمية كآبه أحس إني أموت,1,1,0,يالله تدرين الحين قاعده الوم نفسي شلون داومت رمضان ليتي اجازه بدون راتب راضيه حزن غلقه كميه كابه احس اني اموت,يالله تدرين الحين قاعده الوم نفسي شلون داومت رمضان ليتي اجازه بدون راتب راضيه حزن غلقه كميه كابه احس اني اموت
يا تري الحياة البائسة دي هتنتهي بانتحار ولا موت بسب اكتئاب,1,0,0,تري الحياه البائسه هتنتهي بانتحار ولا موت بسب اكتئاب,يا تري الحياه البائسه دي هتنتهي بانتحار ولا موت بسب اكتئاب
يارب تكون نهايه حلوه اخ مانبي حزن كفايه,1,0,0,يارب تكون نهايه حلوه مانبي حزن كفايه,يارب تكون نهايه حلوه اخ مانبي حزن كفايه
بالنسبه لي حياتي هي مشروع انتحار بطيء بما اني في بيئه مش مناسبه لنفسي و جالسه افقد نفسي تدريجيًا,1,0,0,بالنسبه حياتي مشروع انتحار بطيء بما اني بيئه مناسبه لنفسي جالسه افقد نفسي تدريجيا,بالنسبه لي حياتي هي مشروع انتحار بطيء بما اني في بيئه مش مناسبه لنفسي و جالسه افقد نفسي تدريجيا
الدراسة صعبة الحياة صعبة الاجتماعات وقروشة الناس صعبة احتاج عزلة بالغابة لحالي اشرب من مويه النهر واكل اي شي واعيش بكوخ على الطاقة الشمسية,1,0,0,الدراسه صعبه الحياه صعبه الاجتماعات وقروشه الناس صعبه احتاج عزله بالغابه لحالي اشرب مويه النهر واكل واعيش بكوخ علي الطاقه الشمسيه,الدراسه صعبه الحياه صعبه الاجتماعات وقروشه الناس صعبه احتاج عزله بالغابه لحالي اشرب من مويه النهر واكل اي شي واعيش بكوخ علي الطاقه الشمسيه
الواحد مكتئب اكتئاب,1,0,0,الواحد مكتئب اكتئاب,الواحد مكتئب اكتئاب
عمري ماخوفت من الموت دايما بتمناه نفسي اكون عدم طبعا فكرت كتير ف الانتحار بس انا اجبن من اني انتحر ,1,0,0,عمري ماخوفت الموت دايما بتمناه نفسي اكون عدم طبعا فكرت كتير الانتحار انا اجبن اني انتحر,عمري ماخوفت من الموت دايما بتمناه نفسي اكون عدم طبعا فكرت كتير ف الانتحار بس انا اجبن من اني انتحر
وربي كنت بموت اكتئاب ولما قالو صرت اسعد انسان,1,0,0,وربي كنت بموت اكتئاب ولما قالو صرت اسعد انسان,وربي كنت بموت اكتئاب ولما قالو صرت اسعد انسان
الرهاب الاجتماعي عندي الحين⬆️⬆️⬆️,1,0,0,الرهاب الاجتماعي عندي الحين⬆️⬆️⬆️,الرهاب الاجتماعي عندي الحين⬆️⬆️⬆️
حزني لا دموع له,1,1,0,حزني دموع,حزني لا دموع له
انا ليه احس لما اسمع ذا النوع من البودكاستات يجيني إكتئاب,1,0,0,انا ليه احس لما اسمع النوع البودكاستات يجيني اكتئاب,انا ليه احس لما اسمع ذا النوع من البودكاستات يجيني اكتئاب
أشعر بكآبة ثقيلة تجثم على صدري كآبة توشك أن تكون نبوءة ﻻ تفسير لها و ﻻ تعليل,1,0,0,اشعر بكابه ثقيله تجثم علي صدري كابه توشك تكون نبوءه تفسير لها تعليل,اشعر بكابه ثقيله تجثم علي صدري كابه توشك ان تكون نبوءه ﻻ تفسير لها و ﻻ تعليل
موجة اكتئاب شديد ع الطريق 🙂,1,0,0,موجه اكتئاب شديد الطريق,موجه اكتئاب شديد ع الطريق 🙂
اه منا بحكي يعني ي شفيق شفيق اكتئاب نو سعادة😂😭,1,0,0,منا بحكي يعني شفيق شفيق اكتئاب سعاده😂😭,اه منا بحكي يعني ي شفيق شفيق اكتئاب نو سعاده😂😭
ابكي بسرعه ليش ليش لا وعلى سبب تافه,1,1,0,ابكي بسرعه ليش ليش وعلي سبب تافه,ابكي بسرعه ليش ليش لا وعلي سبب تافه
المسلسلات الي بتفرج عليها دي هتجيبلي اكتئاب قريب,1,0,0,المسلسلات الي بتفرج عليها هتجيبلي اكتئاب قريب,المسلسلات الي بتفرج عليها دي هتجيبلي اكتئاب قريب
اكتئاب الحوامل كله فيني هالفتره,1,0,0,اكتئاب الحوامل كله فيني هالفتره,اكتئاب الحوامل كله فيني هالفتره
"لا شيء يدوم حتى أنا _x000D_
 رسالة انتحار",1,1,0,شيء يدوم حتي انا رساله انتحار,لا شيء يدوم حتي انا _x<NUM>D_ رساله انتحار
فيني اكتئاب شوي الله يستر لايكون هذا اكتئاب مابعد التخرج الي اسمع فيه,1,0,0,فيني اكتئاب شوي الله يستر لايكون اكتئاب مابعد التخرج الي اسمع فيه,فيني اكتئاب شوي الله يستر لايكون هذا اكتئاب مابعد التخرج الي اسمع فيه
شهد مالي غيرك بعد اله انا كنت بعلاقه وبسبها دخلت حاله اكتئاب قطعت تواصلي بهذا الشخص لكن احسه يتخاطر معي,1,0,0,شهد مالي غيرك اله انا كنت بعلاقه وبسبها دخلت حاله اكتئاب قطعت تواصلي بهذا الشخص احسه يتخاطر معي,شهد مالي غيرك بعد اله انا كنت بعلاقه وبسبها دخلت حاله اكتئاب قطعت تواصلي بهذا الشخص لكن احسه يتخاطر معي
هل كان يجب علي أن أموت ؟,1,0,0,يجب علي اموت,هل كان يجب علي ان اموت ؟
ابشركم طلعت من ازمة اكتئاب الدورة😍خمس دقايق وندخل لاكتئاب الموسمي وترجع الامور كما تعودت عليها كآبة على طول,1,0,0,ابشركم طلعت ازمه اكتئاب الدوره😍خمس دقايق وندخل لاكتئاب الموسمي وترجع الامور تعودت عليها كابه علي طول,ابشركم طلعت من ازمه اكتئاب الدوره😍خمس دقايق وندخل لاكتئاب الموسمي وترجع الامور كما تعودت عليها كابه علي طول
الانتحار,1,0,0,الانتحار,الانتحار
انا حدثت جوالي وطارت صور من ٢٠١٦لين ٢٠١٩😄 جاني اكتئاب ٣ايام,1,0,0,انا حدثت جوالي وطارت صور ٢٠١٦لين ٢٠١٩😄 جاني اكتئاب ٣ايام,انا حدثت جوالي وطارت صور من <NUM><NUM><NUM><NUM>لين <NUM><NUM><NUM><NUM>😄 جاني اكتئاب <NUM>ايام
مهما اكون مكتئب مش بحس الى حوليا بكده ولما بجيب اخرى محدش بيعرفلى طريق انتهى,1,0,0,مهما اكون مكتئب بحس الي حوليا بكده ولما بجيب اخري محدش بيعرفلي طريق انتهي,مهما اكون مكتئب مش بحس الي حوليا بكده ولما بجيب اخري محدش بيعرفلي طريق انتهي
اشتقت ل شخصيتي القديمة جداً كنت شخص سعيد ونشيط متفائل يرى الجمال في كل شيء حوله عنده أمل ودافع يحب نفسه  ,1,0,1,اشتقت شخصيتي القديمه جدا كنت شخص سعيد ونشيط متفائل يري الجمال شيء حوله عنده امل ودافع يحب نفسه,اشتقت ل شخصيتي القديمه جدا كنت شخص سعيد ونشيط متفائل يري الجمال في كل شيء حوله عنده امل ودافع يحب نفسه
"كان في فتره كدا كنت قافله فيها كل حاجه وبخرج اتمشي لوحدي واقعد لوحدي_x000D_
دي كانت أحلي فتره ف حياتي♥️_x000D_
التعامل مع البني آدمين بقا بيجيب اكتئاب",1,0,0,فتره كدا كنت قافله فيها حاجه وبخرج اتمشي لوحدي واقعد لوحدي احلي فتره حياتي♥️ التعامل البني ادمين بقا بيجيب اكتئاب,كان في فتره كدا كنت قافله فيها كل حاجه وبخرج اتمشي لوحدي واقعد لوحدي_x<NUM>D_دي كانت احلي فتره ف حياتي♥️_x<NUM>D_التعامل مع البني ادمين بقا بيجيب اكتئاب
انا وقعت انهارده ف الشارع وبفكر جدياً ف الانتحار,1,0,0,انا وقعت انهارده الشارع وبفكر جديا الانتحار,انا وقعت انهارده ف الشارع وبفكر جديا ف الانتحار
التيس عنده اكتئاب وشعور بالخذلان,1,0,0,التيس عنده اكتئاب وشعور بالخذلان,التيس عنده اكتئاب وشعور بالخذلان
في احد ناضلك ولا احد يجيه اكتئاب الصباح,1,0,0,احد ناضلك ولا احد يجيه اكتئاب الصباح,في احد ناضلك ولا احد يجيه اكتئاب الصباح
احس عندي لڤل اكتئاب يحتاج انه يسمع هموم الناس و اكتئباتهم ☝🏻,1,0,0,احس عندي لڤل اكتئاب يحتاج انه يسمع هموم الناس اكتئباتهم,احس عندي لڤل اكتئاب يحتاج انه يسمع هموم الناس و اكتئباتهم ☝🏻
مكتئب من وحدة الغربة 😏,1,0,0,مكتئب وحده الغربه,مكتئب من وحده الغربه 😏
تعبانه تعب مو طبيعي وحرفيا مو قادره بس ابكي ودي اختفي عن الدنيا الزفت ذي,1,0,0,تعبانه تعب طبيعي وحرفيا قادره ابكي ودي اختفي الدنيا الزفت,تعبانه تعب مو طبيعي وحرفيا مو قادره بس ابكي ودي اختفي عن الدنيا الزفت ذي
واله صدق في ناس عندهم اكتئاب ومجرد كلمة كذا يسويها حرام وربي مايصير كبروا عقولكم مو كل شيء طقطقه,1,0,0,واله صدق ناس عندهم اكتئاب ومجرد كلمه كذا يسويها حرام وربي مايصير كبروا عقولكم شيء طقطقه,واله صدق في ناس عندهم اكتئاب ومجرد كلمه كذا يسويها حرام وربي مايصير كبروا عقولكم مو كل شيء طقطقه
اليوم صحيت من النوم ابكي على ذي الدموع ,1,0,0,اليوم صحيت النوم ابكي علي الدموع,اليوم صحيت من النوم ابكي علي ذي الدموع
لا ما انا باخد ادوية اكتئاب,1,1,0,انا باخد ادويه اكتئاب,لا ما انا باخد ادويه اكتئاب
جتني كابه منه 🤣,1,0,0,جتني كابه منه,جتني كابه منه 🤣
اي حد حزين مكتئب زي حالاتي معايا لسه عامل بلاي ليست ميكس احزان جامد,1,0,0,حزين مكتئب حالاتي معايا لسه عامل بلاي ليست ميكس احزان جامد,اي حد حزين مكتئب زي حالاتي معايا لسه عامل بلاي ليست ميكس احزان جامد
فكره الانتحار هالايام شاغله بالي,1,0,0,فكره الانتحار هالايام شاغله بالي,فكره الانتحار هالايام شاغله بالي
يمكن فيك اكتئاب لان يوم كان فيني كنت ماتحمل اشوف مقطع مدته عشر ثواني من اي شي,1,0,0,يمكن فيك اكتئاب لان يوم فيني كنت ماتحمل اشوف مقطع مدته عشر ثواني,يمكن فيك اكتئاب لان يوم كان فيني كنت ماتحمل اشوف مقطع مدته عشر ثواني من اي شي
كلامك صحيح حرفياً انا من سكان العلا من مولدي ١٤٠٤ وانا مكتئب ,1,0,0,كلامك صحيح حرفيا انا سكان العلا مولدي ١٤٠٤ وانا مكتئب,كلامك صحيح حرفيا انا من سكان العلا من مولدي <NUM><NUM><NUM><NUM> وانا مكتئب
بنام تعبان زعلان اكتئاب هموم,1,0,0,بنام تعبان زعلان اكتئاب هموم,بنام تعبان زعلان اكتئاب هموم
اقسم باله كآبه مره ودي انام لين يخلص هالشهر بعدها اصحى,1,0,0,اقسم باله كابه مره ودي انام لين يخلص هالشهر بعدها اصحي,اقسم باله كابه مره ودي انام لين يخلص هالشهر بعدها اصحي
ذكرياتي قبل النوم وهي جاية تسويلي تعاسة وارق و اكتئاب,1,0,0,ذكرياتي النوم وهي جايه تسويلي تعاسه وارق اكتئاب,ذكرياتي قبل النوم وهي جايه تسويلي تعاسه وارق و اكتئاب
انا كنت مصاحب و دلوقتي مكتئب 😩,1,0,0,انا كنت مصاحب دلوقتي مكتئب,انا كنت مصاحب و دلوقتي مكتئب 😩
"٢٧ابريل٢٠٢١_x000D_
١٥رمضان١٤٢_x000D_
_x000D_
الهم الهم امنحني القوة لأقاوم نفسي والشجاعة لأواجه ضعفي واليقين لأتقبل قدري وا",1,0,0,٢٧ابريل٢٠٢١ ١٥رمضان١٤٢ الهم الهم امنحني القوه لاقاوم نفسي والشجاعه لاواجه ضعفي واليقين لاتقبل قدري,<NUM><NUM>ابريل<NUM><NUM><NUM><NUM>_x<NUM>D_<NUM><NUM>رمضان<NUM><NUM><NUM>_x<NUM>D__x<NUM>D_الهم الهم امنحني القوه لاقاوم نفسي والشجاعه لاواجه ضعفي واليقين لاتقبل قدري وا
ليش دايما يلازمني شعور ان ايامي سيئه وممله مهما كانت فيها فعاليات ماقدر اتفاعل مع الي حولي وانبسط ودايما احسني  مو سعيدة,1,0,0,ليش دايما يلازمني شعور ايامي سيئه وممله مهما فيها فعاليات ماقدر اتفاعل الي حولي وانبسط ودايما احسني سعيده,ليش دايما يلازمني شعور ان ايامي سيئه وممله مهما كانت فيها فعاليات ماقدر اتفاعل مع الي حولي وانبسط ودايما احسني مو سعيده
أنا مكتئب لذا أريد بريدًا مباشرًا,1,0,0,انا مكتئب لذا اريد بريدا مباشرا,انا مكتئب لذا اريد بريدا مباشرا
كنت مبسوطه لين قريت يوميات وحده وجاني اكتئاب المشكله يومياتها حلوه وحياتها احلى لكن كانت تكلم عن ضغط الاختبارات وا,1,0,0,كنت مبسوطه لين قريت يوميات وحده وجاني اكتئاب المشكله يومياتها حلوه وحياتها احلي تكلم ضغط الاختبارات,كنت مبسوطه لين قريت يوميات وحده وجاني اكتئاب المشكله يومياتها حلوه وحياتها احلي لكن كانت تكلم عن ضغط الاختبارات وا
خ جالسه احاول ما ابكي عشان محد يلاحظ اني بكيت,1,1,0,جالسه احاول ابكي عشان محد يلاحظ اني بكيت,خ جالسه احاول ما ابكي عشان محد يلاحظ اني بكيت
أتمنى ان تَمضي الايام بِخفةٍ،دون ان يَتضح ثِقل قَلبي على وَجهي،دونَ ان يُهلك ذبول روحيّ بشاشة مَلامِحي,1,0,0,اتمني تمضي الايام بخفه،دون يتضح ثقل قلبي علي وجهي،دون يهلك ذبول روحي بشاشه ملامحي,اتمني ان تمضي الايام بخفه،دون ان يتضح ثقل قلبي علي وجهي،دون ان يهلك ذبول روحي بشاشه ملامحي
يا الهي حصلت لي ما أقساها من فترة ضاقت بي الدنيا واله ودخلت في مرحلة إكتئاب الحمدله عدت اله لا يعودها شفاك اله,1,1,0,الهي حصلت اقساها فتره ضاقت الدنيا واله ودخلت مرحله اكتئاب الحمدله عدت اله يعودها شفاك اله,يا الهي حصلت لي ما اقساها من فتره ضاقت بي الدنيا واله ودخلت في مرحله اكتئاب الحمدله عدت اله لا يعودها شفاك اله
"مات الكلام ودموعنا عيت تغيب_x000D_
فيها تعب وفيها عتب وفيها حزن",1,0,0,مات الكلام ودموعنا عيت تغيب فيها تعب وفيها عتب وفيها حزن,مات الكلام ودموعنا عيت تغيب_x<NUM>D_فيها تعب وفيها عتب وفيها حزن
حزن اخر تحديث له بشهر٣ بكاء,1,0,0,حزن اخر تحديث بشهر٣ بكاء,حزن اخر تحديث له بشهر<NUM> بكاء
اكتئاب الساعه سته الصبح ده طلع غير فعلا,1,1,0,اكتئاب الساعه سته الصبح طلع غير فعلا,اكتئاب الساعه سته الصبح ده طلع غير فعلا
يسطا حاس إني داخل في حالة إكتئاب تعالى واسيني,1,0,0,يسطا حاس اني داخل حاله اكتئاب تعالي واسيني,يسطا حاس اني داخل في حاله اكتئاب تعالي واسيني
اكره شعور بس كله مشاعر ملخبطه حماس مع توتر مع حزن لانك بتخلصين🤮,1,0,0,اكره شعور كله مشاعر ملخبطه حماس توتر حزن لانك بتخلصين🤮,اكره شعور بس كله مشاعر ملخبطه حماس مع توتر مع حزن لانك بتخلصين🤮
انا في حالة صدمه ماتحمل اشياء زي كذا دخلت بنوبة هلع حسبي الله عليه ,1,0,0,انا حاله صدمه ماتحمل اشياء كذا دخلت بنوبه هلع حسبي الله عليه,انا في حاله صدمه ماتحمل اشياء زي كذا دخلت بنوبه هلع حسبي الله عليه
خف تنمر عالروت عشان عنده اكتئاب حاد,1,0,0,تنمر عالروت عشان عنده اكتئاب حاد,خف تنمر عالروت عشان عنده اكتئاب حاد
دايرا ابكي لكن ما قادره 😭,1,1,0,دايرا ابكي قادره,دايرا ابكي لكن ما قادره 😭
حزن شديد واله,1,0,0,حزن شديد واله,حزن شديد واله
حزن شوي على فرحة شوي,1,0,0,حزن شوي علي فرحه شوي,حزن شوي علي فرحه شوي
لم تكن أول مرةٍ أبكي فيها ولكني بكيت بشكل مفرط ولم أستطع التوقف بدت دموعي كأنها لا تنتهي شعرتُ أني فقدتُ شيئاً,1,1,0,تكن اول مره ابكي فيها ولكني بكيت بشكل مفرط ولم استطع التوقف بدت دموعي كانها تنتهي شعرت اني فقدت شيئا,لم تكن اول مره ابكي فيها ولكني بكيت بشكل مفرط ولم استطع التوقف بدت دموعي كانها لا تنتهي شعرت اني فقدت شيئا
"حايشني اكتئاب 💔_x000D_
إِنْ شَاء اله يسعدني برشلونة اليوم لحد ما تزين النفسية",1,1,0,حايشني اكتئاب شاء اله يسعدني برشلونه اليوم لحد تزين النفسيه,حايشني اكتئاب 💔_x<NUM>D_ان شاء اله يسعدني برشلونه اليوم لحد ما تزين النفسيه
بصى يا هدير بجد واله و بدون دخول فى تفاصيل أنا ربنا سبحانه وتعالى بس الى يعلم أنا مري,1,1,0,بصي هدير بجد واله بدون دخول تفاصيل انا ربنا سبحانه وتعالي الي يعلم انا مري,بصي يا هدير بجد واله و بدون دخول في تفاصيل انا ربنا سبحانه وتعالي بس الي يعلم انا مري
يارب عجّل بالحظه الي انام فيها بدون منبهات وبدون اي قلق وكوابيس وروحي خفيفه ومرتاحه 😔,1,1,0,يارب عجل بالحظه الي انام فيها بدون منبهات وبدون قلق وكوابيس وروحي خفيفه ومرتاحه,يارب عجل بالحظه الي انام فيها بدون منبهات وبدون اي قلق وكوابيس وروحي خفيفه ومرتاحه 😔
اعاني من مزاجيتي مو طبيعي من شوي رايق واشوف فيلم والحين احس ميت كآبه,1,0,0,اعاني مزاجيتي طبيعي شوي رايق واشوف فيلم والحين احس ميت كابه,اعاني من مزاجيتي مو طبيعي من شوي رايق واشوف فيلم والحين احس ميت كابه
اكبر كذاب الي قال الاطفال مصدر سعاده اختي البزر بتدخلني في اكتئاب حاد من قوة النكد,1,0,0,اكبر كذاب الي قال الاطفال مصدر سعاده اختي البزر بتدخلني اكتئاب حاد قوه النكد,اكبر كذاب الي قال الاطفال مصدر سعاده اختي البزر بتدخلني في اكتئاب حاد من قوه النكد
عندما أجلس بمفردي يظن الجميع إنه اكتئاب ولكنها لحظة راحة بعيداً عن تطفلات البشر,1,0,0,عندما اجلس بمفردي يظن الجميع انه اكتئاب ولكنها لحظه راحه بعيدا تطفلات البشر,عندما اجلس بمفردي يظن الجميع انه اكتئاب ولكنها لحظه راحه بعيدا عن تطفلات البشر
كآبة يوم السبت,1,0,0,كابه يوم السبت,كابه يوم السبت
القمر المكتمل بيجبلي اكتئاب هو حلو و كل حاجة بس بيكئبني,1,0,0,القمر المكتمل بيجبلي اكتئاب حلو حاجه بيكئبني,القمر المكتمل بيجبلي اكتئاب هو حلو و كل حاجه بس بيكئبني
مدري هو اكتئاب ولا وش بالضبط بس مشتاق لترمب,1,0,0,مدري اكتئاب ولا بالضبط مشتاق لترمب,مدري هو اكتئاب ولا وش بالضبط بس مشتاق لترمب
اول طريقت انتحار اسلاميه نزلت من جوجل هنعملها ونتوكل 😂🙂,1,0,0,اول طريقت انتحار اسلاميه نزلت جوجل هنعملها ونتوكل,اول طريقت انتحار اسلاميه نزلت من جوجل هنعملها ونتوكل 😂🙂
ابكي وربي ابكي,1,0,0,ابكي وربي ابكي,ابكي وربي ابكي
فيه طريقة اعدم فيها نفسي من الوجود بدون ما انتحر لانه ربي ما حلل لي الانتحار ,1,1,0,فيه طريقه اعدم فيها نفسي الوجود بدون انتحر لانه ربي حلل الانتحار,فيه طريقه اعدم فيها نفسي من الوجود بدون ما انتحر لانه ربي ما حلل لي الانتحار
السلام عليكم ورحمة الله عندي الوالدة من فترة ايام يجيها خيالات وتشوف اشياء مزعجة اطفال وكبار يأذونها احتاج رقم طبيب نفسي,1,0,0,السلام عليكم ورحمه الله عندي الوالده فتره ايام يجيها خيالات وتشوف اشياء مزعجه اطفال وكبار ياذونها احتاج رقم طبيب نفسي,السلام عليكم ورحمه الله عندي الوالده من فتره ايام يجيها خيالات وتشوف اشياء مزعجه اطفال وكبار ياذونها احتاج رقم طبيب نفسي
والصدق اني بديت ادخل في الاكتئاب حبه حبه,1,0,0,والصدق اني بديت ادخل الاكتئاب حبه حبه,والصدق اني بديت ادخل في الاكتئاب حبه حبه
صار فيني رهاب اجتماعي حتى اهلي لي شهرين ما شفتهم,1,1,0,صار فيني رهاب اجتماعي حتي اهلي شهرين شفتهم,صار فيني رهاب اجتماعي حتي اهلي لي شهرين ما شفتهم
هذا لم يعد انطفاء ولاتعب ولا اكتئاب ابداً روحي خاضت كل الذي سبق لكن لاشي ما ذكر انا اشعر به ثمة شعور مايغبط صدري ,1,1,0,يعد انطفاء ولاتعب ولا اكتئاب ابدا روحي خاضت الذي سبق لاشي ذكر انا اشعر ثمه شعور مايغبط صدري,هذا لم يعد انطفاء ولاتعب ولا اكتئاب ابدا روحي خاضت كل الذي سبق لكن لاشي ما ذكر انا اشعر به ثمه شعور مايغبط صدري
"من قوة ما احب الهدوء مصمّت كل الاشعارات والرسائل والمكالمات حتى جوالي على الصامت ٢٤ ساعه _x000D_
_x000D_
هالحالة تستدعي تدخل",1,1,0,قوه احب الهدوء مصمت الاشعارات والرسائل والمكالمات حتي جوالي علي الصامت ساعه هالحاله تستدعي تدخل,من قوه ما احب الهدوء مصمت كل الاشعارات والرسائل والمكالمات حتي جوالي علي الصامت <NUM><NUM> ساعه _x<NUM>D__x<NUM>D_هالحاله تستدعي تدخل
شكله جاني إكتئاب الحظر ماحسّيت فيه السنة الي طافت بس هالمرة بقوّة,1,0,0,شكله جاني اكتئاب الحظر ماحسيت فيه السنه الي طافت هالمره بقوه,شكله جاني اكتئاب الحظر ماحسيت فيه السنه الي طافت بس هالمره بقوه
لازم ازور طبيب نفسي مو معقول مشاعر الفرح عندي زيرو او ردة فعلي تكون باردة خصوصاً لما يكون في شي يستدعي الفرح,1,0,0,لازم ازور طبيب نفسي معقول مشاعر الفرح عندي زيرو رده فعلي تكون بارده خصوصا لما يستدعي الفرح,لازم ازور طبيب نفسي مو معقول مشاعر الفرح عندي زيرو او رده فعلي تكون بارده خصوصا لما يكون في شي يستدعي الفرح
ملكه تعبت تخصي طب بالجامعه واريد اغيره نصحيني احس دادخل اكتئاب من حيرتي بابقه بهل تخص ولا اغيره,1,0,0,ملكه تعبت تخصي بالجامعه واريد اغيره نصحيني احس دادخل اكتئاب حيرتي بابقه بهل تخص ولا اغيره,ملكه تعبت تخصي طب بالجامعه واريد اغيره نصحيني احس دادخل اكتئاب من حيرتي بابقه بهل تخص ولا اغيره
أنني حزينه من نفسي و على نفسي ,1,0,0,انني حزينه نفسي علي نفسي,انني حزينه من نفسي و علي نفسي
"و فقدت الأمل في كل شيء , لقد انطفأت روحي بشكل تام هذه المره , لم أعد اقدر على تحمل الصراع الداخلي , في كل محاولات الانتحار السابقه لا اعلم كيف اخرج من الأمر و أعود مرة أخرى إلى الحياة ولكن في كل مرة أعيش اتمنى لو أنني مت , أنا حقاً لم أعد أفهم ما الذي يحصل لي",1,1,0,فقدت الامل شيء لقد انطفات روحي بشكل تام المره اعد اقدر علي تحمل الصراع الداخلي محاولات الانتحار السابقه اعلم اخرج الامر اعود مره اخري الي الحياه ولكن مره اعيش اتمني انني انا حقا اعد افهم الذي يحصل,"و فقدت الامل في كل شيء , لقد انطفات روحي بشكل تام هذه المره , لم اعد اقدر علي تحمل الصراع الداخلي , في كل محاولات الانتحار السابقه لا اعلم كيف اخرج من الامر و اعود مره اخري الي الحياه ولكن في كل مره اعيش اتمني لو انني مت , انا حقا لم اعد افهم ما الذي يحصل لي"
بخصوص ان سويتوا اختبار وطلع فيكم اكتئاب كيف😭,1,0,0,بخصوص سويتوا اختبار وطلع فيكم اكتئاب كيف😭,بخصوص ان سويتوا اختبار وطلع فيكم اكتئاب كيف😭
اعتقد سكان شمال جده بيجيهم حالة اكتئاب شديد,1,0,0,اعتقد سكان شمال جده بيجيهم حاله اكتئاب شديد,اعتقد سكان شمال جده بيجيهم حاله اكتئاب شديد
عُزلة,1,0,0,عزله,عزله
ليحدث ما يخيفنا لقد مللنا قلق,1,1,0,ليحدث يخيفنا لقد مللنا قلق,ليحدث ما يخيفنا لقد مللنا قلق
نحتاج كورس بعنوان كيفية الخروج من اكتئاب الجامعة لما تجي الإجازة,1,0,0,نحتاج كورس بعنوان كيفيه الخروج اكتئاب الجامعه لما تجي الاجازه,نحتاج كورس بعنوان كيفيه الخروج من اكتئاب الجامعه لما تجي الاجازه
أمي كانت بتحط التلفون على أذوني وهربت عبالي بتخليني أكلم أحد هل فيني رهاب من الاتصالات😂😭,1,0,0,امي بتحط التلفون علي اذوني وهربت عبالي بتخليني اكلم احد فيني رهاب الاتصالات😂😭,امي كانت بتحط التلفون علي اذوني وهربت عبالي بتخليني اكلم احد هل فيني رهاب من الاتصالات😂😭
أنا مُكتئب جداً لكن لارغبه لدي بالبكاء أو الكلام إطلاقاً,1,0,1,انا مكتئب جدا لارغبه لدي بالبكاء الكلام اطلاقا,انا مكتئب جدا لكن لارغبه لدي بالبكاء او الكلام اطلاقا
الناس مرضت نفسيا وجاها اكتئاب في ظفار بسب المدة المطولة لحظر من غير المعقول أن يستمر بهذا الشكل الرجاء رفع الحظر,1,1,0,الناس مرضت نفسيا وجاها اكتئاب ظفار بسب المده المطوله لحظر غير المعقول يستمر بهذا الشكل الرجاء رفع الحظر,الناس مرضت نفسيا وجاها اكتئاب في ظفار بسب المده المطوله لحظر من غير المعقول ان يستمر بهذا الشكل الرجاء رفع الحظر
وقت نوبة الاكتئاب,1,0,0,وقت نوبه الاكتئاب,وقت نوبه الاكتئاب
الواحد جالو اكتئاب من الاوضه,1,0,0,الواحد جالو اكتئاب الاوضه,الواحد جالو اكتئاب من الاوضه
لسِت مكَتئبِ انِا فقِط لاَ اجد مَا ارَيد ولاَ اعلِم كَيف اشِعرَ حقاً لاَ اعلِم ايِ شيَء,1,0,0,لست مكتئب انا فقط اجد اريد ولا اعلم اشعر حقا اعلم شيء,لست مكتئب انا فقط لا اجد ما اريد ولا اعلم كيف اشعر حقا لا اعلم اي شيء
 هذا اول اكتئاب جاني🥲💔,1,0,0,اول اكتئاب جاني🥲💔,هذا اول اكتئاب جاني🥲💔
اكتئاب ما بعد لقاء أبو ماريا,1,1,0,اكتئاب لقاء ابو ماريا,اكتئاب ما بعد لقاء ابو ماريا
يجب ان يكون هناك طبيب نفسي لكل مواطن بعد ازمة كرونا,1,0,0,يجب طبيب نفسي لكل مواطن ازمه كرونا,يجب ان يكون هناك طبيب نفسي لكل مواطن بعد ازمه كرونا
أضحك وأنا في خاطري الف عبره وأسكت واشيل هموم قلبي لحالي,1,0,0,اضحك وانا خاطري الف عبره واسكت واشيل هموم قلبي لحالي,اضحك وانا في خاطري الف عبره واسكت واشيل هموم قلبي لحالي
زمان فيه شخص ظهر بحياتي لمن كنت على وشك انو ادخل بحالة اكتئاب رغم الاختلاف وفرق العمر دبل عمري ثلاث مرات تقريبا كان,1,0,0,زمان فيه شخص ظهر بحياتي لمن كنت علي وشك انو ادخل بحاله اكتئاب رغم الاختلاف وفرق العمر دبل عمري ثلاث مرات تقريبا,زمان فيه شخص ظهر بحياتي لمن كنت علي وشك انو ادخل بحاله اكتئاب رغم الاختلاف وفرق العمر دبل عمري ثلاث مرات تقريبا كان
لا اريد العيش بعد الان,1,1,0,اريد العيش الان,لا اريد العيش بعد الان
الشعور بالوحده رغم الكم الهائل من الناس حولك.,1,0,0,الشعور بالوحده رغم الكم الهائل الناس حولك,الشعور بالوحده رغم الكم الهائل من الناس حولك.
كش طريقة انتحار ساهلة ومجربة افيدونا تعيشو,1,0,0,طريقه انتحار ساهله ومجربه افيدونا تعيشو,كش طريقه انتحار ساهله ومجربه افيدونا تعيشو
طريقه انسحب بيها من الدنيا غير الانتحار بحث,1,1,0,طريقه انسحب بيها الدنيا غير الانتحار بحث,طريقه انسحب بيها من الدنيا غير الانتحار بحث
اه لو الانتحار كان حلال بس,1,0,0,الانتحار حلال,اه لو الانتحار كان حلال بس
ابكي ابكي ابكي😔😢😭😔😢😭😢,1,0,0,ابكي ابكي ابكي😔😢😭😔😢😭😢,ابكي ابكي ابكي😔😢😭😔😢😭😢
مش يأس بس انا حاسه ان دا أخر أبديت لحياتى و إنها مش هيحصل فيها أى احداث حلوه تانى خلاص,1,0,0,ياس انا حاسه اخر ابديت لحياتي انها هيحصل فيها احداث حلوه تاني خلاص,مش ياس بس انا حاسه ان دا اخر ابديت لحياتي و انها مش هيحصل فيها اي احداث حلوه تاني خلاص
ثم إنها مرة أخرى منذ وقت طويل ، بكيت حزنًا على نفسي ، على وجود اللاشيء حولي ، بكيت بالأصح على اللاشعور وعلى نفاذ الحيلة من يدي,1,0,0,انها مره اخري منذ وقت طويل بكيت حزنا علي نفسي علي وجود اللاشيء حولي بكيت بالاصح علي اللاشعور وعلي نفاذ الحيله يدي,ثم انها مره اخري منذ وقت طويل ، بكيت حزنا علي نفسي ، علي وجود اللاشيء حولي ، بكيت بالاصح علي اللاشعور وعلي نفاذ الحيله من يدي
عدتُ الى ما كنت عليه جسد بلا روح ,1,1,0,عدت الي كنت عليه جسد بلا روح,عدت الي ما كنت عليه جسد بلا روح
"تجاوزك أمر تافه جداً لم يكلف سوى_x000D_
عزلة _x000D_
و عدة قصائد سوداويه أتشفى بها_x000D_
و تجنب بعض الاصدقاء لي _x000D_
و محاولتي إنتحار_x000D_
و علبتي سجائر يومياً",1,1,1,تجاوزك امر تافه جدا يكلف سوي عزله عده قصائد سوداويه اتشفي بها تجنب بعض الاصدقاء محاولتي انتحار علبتي سجائر يوميا,تجاوزك امر تافه جدا لم يكلف سوي_x<NUM>D_عزله _x<NUM>D_و عده قصائد سوداويه اتشفي بها_x<NUM>D_و تجنب بعض الاصدقاء لي _x<NUM>D_و محاولتي انتحار_x<NUM>D_و علبتي سجائر يوميا
"صح دي قاعدة عامة_x000D_
اتعودنا ان عيشتنا فيها قلق علي طول",1,0,0,قاعده عامه اتعودنا عيشتنا فيها قلق علي طول,صح دي قاعده عامه_x<NUM>D_اتعودنا ان عيشتنا فيها قلق علي طول
يجماعه هل انا الوحيدة الي اكتئب لما اروح من عند بنات خالتي 💔وربي مره اكتئاب مابا اروح عنهم,1,0,0,يجماعه انا الوحيده الي اكتئب لما اروح بنات خالتي 💔وربي مره اكتئاب مابا اروح عنهم,يجماعه هل انا الوحيده الي اكتئب لما اروح من عند بنات خالتي 💔وربي مره اكتئاب مابا اروح عنهم
عطيته حب راشد وعطاني حزن سلمان,1,0,0,عطيته راشد وعطاني حزن سلمان,عطيته حب راشد وعطاني حزن سلمان
ما السبب الذي يحول الإنسان من شخص مرح متفائل إلى كتلة من الصمت والإنعزال,1,1,0,السبب الذي يحول الانسان شخص مرح متفائل الي كتله الصمت والانعزال,ما السبب الذي يحول الانسان من شخص مرح متفائل الي كتله من الصمت والانعزال
اعاني من نوبات قلق ,1,0,0,اعاني نوبات قلق,اعاني من نوبات قلق
غَرَق وَ عُزْلَة,1,0,0,غرق عزله,غرق و عزله
وهيا مش فكره زعل او خنقه او اكتئاب او توحد حتي الفكره كلها تراكمات بس مش اكتر,1,0,0,وهيا فكره زعل خنقه اكتئاب توحد حتي الفكره كلها تراكمات اكتر,وهيا مش فكره زعل او خنقه او اكتئاب او توحد حتي الفكره كلها تراكمات بس مش اكتر
يجد البعض حياة في الموت عندما تكون حياته ميتة ,1,0,0,يجد البعض حياه الموت عندما تكون حياته ميته,يجد البعض حياه في الموت عندما تكون حياته ميته
الاكتئاب سيد الموقف,1,0,0,الاكتئاب سيد الموقف,الاكتئاب سيد الموقف
احاول ما ابكي,1,1,0,احاول ابكي,احاول ما ابكي
يعنى انا من امبارح مكتئب وبفكر فى الانتحار والاقى التويتة دى فى وشى 🙄,1,0,0,يعني انا امبارح مكتئب وبفكر الانتحار والاقي التويته وشي,يعني انا من امبارح مكتئب وبفكر في الانتحار والاقي التويته دي في وشي 🙄
دم موت قتل انتحار كورونا😹,1,0,0,موت قتل انتحار كورونا😹,دم موت قتل انتحار كورونا😹
بقيت راحتي ف بعدي عن الناس مع كنت اكتر حد اجتماعي وبيحب الناس ف الدنيا مش عارفه انا بتغير ولا دا نضج ولا توحد ولا اكتئاب ولا ايه,1,0,0,بقيت راحتي بعدي الناس كنت اكتر اجتماعي وبيحب الناس الدنيا عارفه انا بتغير ولا نضج ولا توحد ولا اكتئاب ولا ايه,بقيت راحتي ف بعدي عن الناس مع كنت اكتر حد اجتماعي وبيحب الناس ف الدنيا مش عارفه انا بتغير ولا دا نضج ولا توحد ولا اكتئاب ولا ايه
لحظة لحظة مين قالك اني مكتئبة و لا حاربت اكتئاب على كلا اسفه,1,1,0,لحظه لحظه مين قالك اني مكتئبه حاربت اكتئاب علي كلا اسفه,لحظه لحظه مين قالك اني مكتئبه و لا حاربت اكتئاب علي كلا اسفه
أجبرتني دموعي أن أكتب أجبرتني همومي أن أبكي ويجبرني قلبي أن أفكر ويجبرني التفكير أن أتألم,1,0,0,اجبرتني دموعي اكتب اجبرتني همومي ابكي ويجبرني قلبي افكر ويجبرني التفكير اتالم,اجبرتني دموعي ان اكتب اجبرتني همومي ان ابكي ويجبرني قلبي ان افكر ويجبرني التفكير ان اتالم
"مازلت أسقط ومازلت انت تراني ثابت _x000D_
_x000D_
مازلت ابكي وتشعر انت اني بخير",1,0,0,مازلت اسقط ومازلت انت تراني ثابت مازلت ابكي وتشعر انت اني بخير,مازلت اسقط ومازلت انت تراني ثابت _x<NUM>D__x<NUM>D_مازلت ابكي وتشعر انت اني بخير
اكتئاب جماعي,1,0,0,اكتئاب جماعي,اكتئاب جماعي
اكتئاب تانى الجوكر تانى والقهوه بقت اكتر م الميه,1,0,0,اكتئاب تاني الجوكر تاني والقهوه بقت اكتر الميه,اكتئاب تاني الجوكر تاني والقهوه بقت اكتر م الميه
استعجلت كملته شوي وطلع جميل بالذات الي عنده اكتئاب او افكار لانتحار مهم لك,1,0,0,استعجلت كملته شوي وطلع جميل بالذات الي عنده اكتئاب افكار لانتحار مهم,استعجلت كملته شوي وطلع جميل بالذات الي عنده اكتئاب او افكار لانتحار مهم لك
فكرة الانتحار تدور في راسي,1,0,0,فكره الانتحار تدور راسي,فكره الانتحار تدور في راسي
لقد كنت حزينة عندما دخلت ابلكيشن التويتر ولكن الآن انا اريد الانتحار 🥰,1,0,0,لقد كنت حزينه عندما دخلت ابلكيشن التويتر ولكن الان انا اريد الانتحار,لقد كنت حزينه عندما دخلت ابلكيشن التويتر ولكن الان انا اريد الانتحار 🥰
دكتور ما الحل مع الأفكار الانتحارية لدى المكتئب قبل فترة طويلة ترد لدي الأفكار الانتحراية كثيراً ,1,1,0,دكتور الحل الافكار الانتحاريه لدي المكتئب فتره طويله ترد لدي الافكار الانتحرايه كثيرا,دكتور ما الحل مع الافكار الانتحاريه لدي المكتئب قبل فتره طويله ترد لدي الافكار الانتحرايه كثيرا
"حياتي💔🙃_x000D_
الفيد↗️↗️↗️↗️↗️_x000D_
السمانة↗️↗️↗️↗️_x000D_
الاكتئاب↗️↗️↗️",1,0,0,حياتي💔🙃 الفيد↗️↗️↗️↗️↗️ السمانه↗️↗️↗️↗️ الاكتئاب↗️↗️↗️,حياتي💔🙃_x<NUM>D_الفيد↗️↗️↗️↗️↗️_x<NUM>D_السمانه↗️↗️↗️↗️_x<NUM>D_الاكتئاب↗️↗️↗️
أنا يجيني مثل شعورك لأني ماطلع كثير شهرين وثلاثة ومرات أكثر و هذا رهاب اجتماعي بسبب تعود المخ على عدم الاحتلاط,1,0,0,انا يجيني مثل شعورك لاني ماطلع كثير شهرين وثلاثه ومرات اكثر رهاب اجتماعي بسبب تعود المخ علي عدم الاحتلاط,انا يجيني مثل شعورك لاني ماطلع كثير شهرين وثلاثه ومرات اكثر و هذا رهاب اجتماعي بسبب تعود المخ علي عدم الاحتلاط
كآبة إختبارات السبت مالها حل مهما كان الإختبار سهل,1,0,0,كابه اختبارات السبت مالها مهما الاختبار سهل,كابه اختبارات السبت مالها حل مهما كان الاختبار سهل
"حزن 😔 _x000D_
19",1,0,0,حزن,حزن 😔 _x<NUM>D_<NUM>
قاعده ابكي امي شافتني تقول وشفيه دخلت فلطسين في السالفه و قلت ابكي بسببهم,1,0,0,قاعده ابكي امي شافتني تقول وشفيه دخلت فلطسين السالفه قلت ابكي بسببهم,قاعده ابكي امي شافتني تقول وشفيه دخلت فلطسين في السالفه و قلت ابكي بسببهم
"🔴 من الخاص 📩 _x000D_
_x000D_
السلام عليكم _x000D_
_x000D_
اخواني لي فترة معاي اكتئاب شديد ومزاج متعكر بدون اسباب  جربت الادوية النفسية وماجابت",1,1,0,الخاص السلام عليكم اخواني فتره معاي اكتئاب شديد ومزاج متعكر بدون اسباب جربت الادويه النفسيه وماجابت,🔴 من الخاص 📩 _x<NUM>D__x<NUM>D_السلام عليكم _x<NUM>D__x<NUM>D_اخواني لي فتره معاي اكتئاب شديد ومزاج متعكر بدون اسباب جربت الادويه النفسيه وماجابت
الواحد بس مش بيدايقه  غير انه مبيلحقش  يفرح احساس  الفرحه  الناقصه دايما  دا  مرهق جدا والله,1,1,0,الواحد بيدايقه غير انه مبيلحقش يفرح احساس الفرحه الناقصه دايما مرهق جدا والله,الواحد بس مش بيدايقه غير انه مبيلحقش يفرح احساس الفرحه الناقصه دايما دا مرهق جدا والله
واله قلق,1,0,0,واله قلق,واله قلق
حزن,1,0,0,حزن,حزن
من اكتر الأسباب الي بتسبلي اكتئاب اني ديما بشوف اني مقصر في حق نفسي وبلوم نفسي كتير اوي كان لازم اعمل كان لازم اسوي ,1,0,0,اكتر الاسباب الي بتسبلي اكتئاب اني ديما بشوف اني مقصر نفسي وبلوم نفسي كتير اوي لازم اعمل لازم اسوي,من اكتر الاسباب الي بتسبلي اكتئاب اني ديما بشوف اني مقصر في حق نفسي وبلوم نفسي كتير اوي كان لازم اعمل كان لازم اسوي
ابكي 😿,1,0,0,ابكي,ابكي 😿
"وليس الهجر يؤلمني ولكن_x000D_
جمال الذكريات يهز قلبي_x000D_
_x000D_
أخادع حُزن روحي بالتمني_x000D_
فأين حنان ذاك القلب عني",1,0,0,وليس الهجر يؤلمني ولكن جمال الذكريات يهز قلبي اخادع حزن روحي بالتمني فاين حنان ذاك القلب عني,وليس الهجر يؤلمني ولكن_x<NUM>D_جمال الذكريات يهز قلبي_x<NUM>D__x<NUM>D_اخادع حزن روحي بالتمني_x<NUM>D_فاين حنان ذاك القلب عني
ياربَ قد أبكي سراً وقد أبتسم جهراً قد أدّعي إني بألف خير وأنت وحدكَ تعلم ما يؤلمني وما يرهقني وما أريد فخفف عني,1,1,0,يارب ابكي سرا وقد ابتسم جهرا ادعي اني بالف خير وانت وحدك تعلم يؤلمني وما يرهقني وما اريد فخفف عني,يارب قد ابكي سرا وقد ابتسم جهرا قد ادعي اني بالف خير وانت وحدك تعلم ما يؤلمني وما يرهقني وما اريد فخفف عني
مُكتئب ملازم مهموم,1,0,0,مكتئب ملازم مهموم,مكتئب ملازم مهموم
فول حزن فول كآبة,1,0,0,فول حزن فول كابه,فول حزن فول كابه
"واله الواحد ماعاد يعرف هو إكتئاب ولا نضج_x000D_
ولا برود ولا إنعدام شغف ولا فترة وتعدي_x000D_
ولا دبلت تسبد ولا كلهم مع بعض",1,0,0,واله الواحد ماعاد يعرف اكتئاب ولا نضج ولا برود ولا انعدام شغف ولا فتره وتعدي ولا دبلت تسبد ولا كلهم بعض,واله الواحد ماعاد يعرف هو اكتئاب ولا نضج_x<NUM>D_ولا برود ولا انعدام شغف ولا فتره وتعدي_x<NUM>D_ولا دبلت تسبد ولا كلهم مع بعض
شعور مؤلم ان تنام كل ليلة وفي عينيك حزن لا يراه احد وفي صدرك كلام لا يسمعه احد,1,1,0,شعور مؤلم تنام ليله وفي عينيك حزن يراه احد وفي صدرك كلام يسمعه احد,شعور مؤلم ان تنام كل ليله وفي عينيك حزن لا يراه احد وفي صدرك كلام لا يسمعه احد
المباراة تجيب اكتئاب واله,1,0,0,المباراه تجيب اكتئاب واله,المباراه تجيب اكتئاب واله
مكتئب مره ضيعت فلوس على ولاشي,1,0,0,مكتئب مره ضيعت فلوس علي ولاشي,مكتئب مره ضيعت فلوس علي ولاشي
ابكي 😭,1,0,0,ابكي,ابكي 😭
"كل ما اكتئاب وادخل التويتر بلاقي حد بيشبهني أو كلام بيمثلني وبكتئب بزيادة🙂🚶🏻‍♀️_x000D_
محدا دايم لحدا وخدوها مني❤️",1,1,0,اكتئاب وادخل التويتر بلاقي بيشبهني كلام بيمثلني وبكتئب بزياده🙂🚶🏻‍♀️ محدا دايم لحدا وخدوها مني❤️,كل ما اكتئاب وادخل التويتر بلاقي حد بيشبهني او كلام بيمثلني وبكتئب بزياده🙂🚶🏻♀️_x<NUM>D_محدا دايم لحدا وخدوها مني❤️
😂 😂 اكتئاب حاد,1,0,0,اكتئاب حاد,😂 😂 اكتئاب حاد
بقولكم حاجه انا زعلانه لان قريبا بصير عمري ٢٣ و بعد خلاص بتخرج من جامعه بعدين بتزوج زواج تقليدي ,1,0,0,بقولكم حاجه انا زعلانه لان قريبا بصير عمري خلاص بتخرج جامعه بعدين بتزوج زواج تقليدي,بقولكم حاجه انا زعلانه لان قريبا بصير عمري <NUM><NUM> و بعد خلاص بتخرج من جامعه بعدين بتزوج زواج تقليدي
و اي حزن يا محمد اي حزن 😞,1,0,0,حزن محمد حزن,و اي حزن يا محمد اي حزن 😞
فيني طاقه ابكي ترا مره يقهر,1,0,0,فيني طاقه ابكي ترا مره يقهر,فيني طاقه ابكي ترا مره يقهر
في داخلي حزن أتظاهر طوال الوقت أنه غير موجود لكنه في النهاية يعضّ عنقي يفترسني يشحطني في الشوارع,1,1,0,داخلي حزن اتظاهر طوال الوقت انه غير موجود لكنه النهايه يعض عنقي يفترسني يشحطني الشوارع,في داخلي حزن اتظاهر طوال الوقت انه غير موجود لكنه في النهايه يعض عنقي يفترسني يشحطني في الشوارع
الكتمان والسكوت أبطئ وسيلة انتحار,1,0,0,الكتمان والسكوت ابطئ وسيله انتحار,الكتمان والسكوت ابطئ وسيله انتحار
الاسبوعين الي وقفت فيها صادني اكتئاب من البكاء حتى صديقاتي معد اكلمهم,1,0,0,الاسبوعين الي وقفت فيها صادني اكتئاب البكاء حتي صديقاتي معد اكلمهم,الاسبوعين الي وقفت فيها صادني اكتئاب من البكاء حتي صديقاتي معد اكلمهم
بس بس دانا جالى اكتئاب ايه العيشه السواد دى,1,0,0,دانا جالي اكتئاب ايه العيشه السواد,بس بس دانا جالي اكتئاب ايه العيشه السواد دي
في اكتئاب,1,0,0,اكتئاب,في اكتئاب
جاني اكتئاب من هذا الشي 😭,1,0,0,جاني اكتئاب الشي,جاني اكتئاب من هذا الشي 😭
اعتقدها البعض أنها فترة اكتئاب ولكنها فترة النضج,1,0,0,اعتقدها البعض انها فتره اكتئاب ولكنها فتره النضج,اعتقدها البعض انها فتره اكتئاب ولكنها فتره النضج
تحطمت احلام نفسه كأبه,1,0,0,تحطمت احلام نفسه كابه,تحطمت احلام نفسه كابه
وفي لحظة ما ، أشعر بأني غير مُلائمة لهذا العالم ، فتنتابني رغبة بأن اختفي الى الابد ,1,1,0,وفي لحظه اشعر باني غير ملائمه لهذا العالم فتنتابني رغبه بان اختفي الي الابد,وفي لحظه ما ، اشعر باني غير ملائمه لهذا العالم ، فتنتابني رغبه بان اختفي الي الابد
انتي يمكن عندك اكتئاب حزن شديد وتمني الموت سهل علاجة خلال اسبوعين تنتهي الاعرض اناعاني من ثنائي القط,1,0,0,انتي يمكن عندك اكتئاب حزن شديد وتمني الموت سهل علاجه خلال اسبوعين تنتهي الاعرض اناعاني ثنائي القط,انتي يمكن عندك اكتئاب حزن شديد وتمني الموت سهل علاجه خلال اسبوعين تنتهي الاعرض اناعاني من ثنائي القط
أتعلم ماذا يعني لشخص أن يكون بائس بائس الى حد ما لا يستطيع النظر في المرأة محاولات أنتحار متكررة فيضان عيناه إنطفاء,1,1,0,اتعلم ماذا يعني لشخص بائس بائس الي يستطيع النظر المراه محاولات انتحار متكرره فيضان عيناه انطفاء,اتعلم ماذا يعني لشخص ان يكون بائس بائس الي حد ما لا يستطيع النظر في المراه محاولات انتحار متكرره فيضان عيناه انطفاء
يعور يامتبعين قست وزني وزدت كيلوين والآن مكتئب اقوى شي,1,0,0,يعور يامتبعين قست وزني وزدت كيلوين والان مكتئب اقوي,يعور يامتبعين قست وزني وزدت كيلوين والان مكتئب اقوي شي
الوحده شينه,1,0,0,الوحده شينه,الوحده شينه
"و المحزن جداً أني لست دائماً هادئ فمتى خلوت إلى نفسي شعرت بأني قَلِق_x000D_
 دوستويفسكي",1,0,1,المحزن جدا اني لست دائما هادئ فمتي خلوت الي نفسي شعرت باني قلق دوستويفسكي,و المحزن جدا اني لست دائما هادئ فمتي خلوت الي نفسي شعرت باني قلق_x<NUM>D_ دوستويفسكي
انتحار حلال,1,0,0,انتحار حلال,انتحار حلال
حزن وبس,1,0,0,حزن وبس,حزن وبس
حاشني اكتئاب مافيه ولا ربع حماس,1,0,0,حاشني اكتئاب مافيه ولا ربع حماس,حاشني اكتئاب مافيه ولا ربع حماس
واله مو عارف هوا اكتئاب ولا انطفاء ولا توحد ولا نضج ولا,1,0,0,واله عارف هوا اكتئاب ولا انطفاء ولا توحد ولا نضج ولا,واله مو عارف هوا اكتئاب ولا انطفاء ولا توحد ولا نضج ولا
طيب لحين ابكي عليها,1,0,0,طيب لحين ابكي عليها,طيب لحين ابكي عليها
أيها الانتحار أكتب إليك رسالة جديدة لقد بات الأمور حزينة لغاية بت أدنو منك أكثر كلما مر الوقت ,1,0,0,ايها الانتحار اكتب اليك رساله جديده لقد بات الامور حزينه لغايه ادنو منك اكثر كلما الوقت,ايها الانتحار اكتب اليك رساله جديده لقد بات الامور حزينه لغايه بت ادنو منك اكثر كلما مر الوقت
أن لم استيقظ يوما اخبروا امي أن امنيتي تحقت وغادرت الحياة قبلها رسالة انتحار,1,1,0,استيقظ يوما اخبروا امي امنيتي تحقت وغادرت الحياه قبلها رساله انتحار,ان لم استيقظ يوما اخبروا امي ان امنيتي تحقت وغادرت الحياه قبلها رساله انتحار
واله الواحد صار مايدري هذه اكتئاب لو انطفاء لو نضج لو انعدام الشغف لو تخلف لو حاله نفسيه لو هاي شخصيته😂,1,0,0,واله الواحد صار مايدري اكتئاب انطفاء نضج انعدام الشغف تخلف حاله نفسيه هاي شخصيته😂,واله الواحد صار مايدري هذه اكتئاب لو انطفاء لو نضج لو انعدام الشغف لو تخلف لو حاله نفسيه لو هاي شخصيته😂
أُريد أن أذوب، أن تمتصّني التُربة وأكون للأمم منفى، أو أن أُلقى في محيطٍ وأتحلل وأكون للأمواجِ ملحًا، أريد أن أُوجد بأي هيئةٍ، إلا أن أكون بشرًا تلفظهُ أحشاؤه، ولا ينتمي لا لبلدٍ ولا لدارٍ ولا لقلبٍ، ولا يعرف سوى الغيوم سقفًا,1,1,0,اريد اذوب، تمتصني التربه واكون للامم منفي، القي محيط واتحلل واكون للامواج ملحا، اريد اوجد باي هيئه، الا اكون بشرا تلفظه احشاؤه، ولا ينتمي لبلد ولا لدار ولا لقلب، ولا يعرف سوي الغيوم سقفا,اريد ان اذوب، ان تمتصني التربه واكون للامم منفي، او ان القي في محيط واتحلل واكون للامواج ملحا، اريد ان اوجد باي هيئه، الا ان اكون بشرا تلفظه احشاؤه، ولا ينتمي لا لبلد ولا لدار ولا لقلب، ولا يعرف سوي الغيوم سقفا
مفيش بعد كده اكتئاب مهما تحاول تو نورمالايز لكن تاني سنة و تالت عيد عالتوالي متشوفش اهلك و قرايبك كده تو ماتش جدا,1,0,0,مفيش كده اكتئاب مهما تحاول نورمالايز تاني سنه تالت عيد عالتوالي متشوفش اهلك قرايبك كده ماتش جدا,مفيش بعد كده اكتئاب مهما تحاول تو نورمالايز لكن تاني سنه و تالت عيد عالتوالي متشوفش اهلك و قرايبك كده تو ماتش جدا
ولم يُبْقِ منّي الحبُّ غيرَ كآبَةٍ وحُزْنٍ وتبريحٍ وفرْطِ سَقام,1,0,0,ولم يبق مني الحب غير كابه وحزن وتبريح وفرط سقام,ولم يبق مني الحب غير كابه وحزن وتبريح وفرط سقام
مش اكتئاب انطفاء بس 😂,1,0,0,اكتئاب انطفاء,مش اكتئاب انطفاء بس 😂
اقسم باله اكتئاب يع يع,1,0,0,اقسم باله اكتئاب,اقسم باله اكتئاب يع يع
انا لازم اشوف طبيب نفسي يشوفلي حل في نوبات الاكتئاب والهلع دي,1,0,0,انا لازم اشوف طبيب نفسي يشوفلي نوبات الاكتئاب والهلع,انا لازم اشوف طبيب نفسي يشوفلي حل في نوبات الاكتئاب والهلع دي
"يا عفوك ياله 🥺_x000D_
كمية قلق وخوف من هالشهرين تكفي العالم 💔_x000D_
يارب سترك ورحمتك ولطفك زي كل مرة 🥺💔",1,0,0,عفوك ياله كميه قلق وخوف هالشهرين تكفي العالم يارب سترك ورحمتك ولطفك مره,يا عفوك ياله 🥺_x<NUM>D_كميه قلق وخوف من هالشهرين تكفي العالم 💔_x<NUM>D_يارب سترك ورحمتك ولطفك زي كل مره 🥺💔
اكتئاب وملل وخمول,1,0,0,اكتئاب وملل وخمول,اكتئاب وملل وخمول
اعاني من اكتئاب وانتا وجهتي الوحيده من البشر,1,0,0,اعاني اكتئاب وانتا وجهتي الوحيده البشر,اعاني من اكتئاب وانتا وجهتي الوحيده من البشر
شلة عندها اكتئاب طول السنة😂,1,0,0,شله عندها اكتئاب طول السنه😂,شله عندها اكتئاب طول السنه😂
الواحد انطفى كده و بقى هادى طول الوقت بقى مكتئب واتغير واتغيرت فيه حاجات كتير,1,0,0,الواحد انطفي كده بقي هادي طول الوقت بقي مكتئب واتغير واتغيرت فيه حاجات كتير,الواحد انطفي كده و بقي هادي طول الوقت بقي مكتئب واتغير واتغيرت فيه حاجات كتير
كيف اصارحها ان انا الي فيني اكتئاب,1,0,0,اصارحها انا الي فيني اكتئاب,كيف اصارحها ان انا الي فيني اكتئاب
"لماذا أرى الدنيا حزينة _x000D_
اني اشم ريح حزن كبير _x000D_
أني أسمع نعي مفجع في السماء _x000D_
ما حل بالأرض تهتز بجنون_x000D_
مابها الشمس تري",1,1,0,لماذا اري الدنيا حزينه اني اشم ريح حزن كبير اني اسمع نعي مفجع السماء بالارض تهتز بجنون مابها الشمس تري,لماذا اري الدنيا حزينه _x<NUM>D_اني اشم ريح حزن كبير _x<NUM>D_اني اسمع نعي مفجع في السماء _x<NUM>D_ما حل بالارض تهتز بجنون_x<NUM>D_مابها الشمس تري
عاجِزين حتَّى على الإنتِحار وقُبُول الحَياة هو قبول عَجزنا وخلاصنا المفْقود ولَكن لا أحَد قَادرٌ على إنقَاذ أحَد,1,1,0,عاجزين حتي علي الانتحار وقبول الحياه قبول عجزنا وخلاصنا المفقود ولكن احد قادر علي انقاذ احد,عاجزين حتي علي الانتحار وقبول الحياه هو قبول عجزنا وخلاصنا المفقود ولكن لا احد قادر علي انقاذ احد
هلع ورعب وتعب وزهق وكل شي رْق,1,0,0,هلع ورعب وتعب وزهق وكل,هلع ورعب وتعب وزهق وكل شي رق
طيب كيف اوخر الرهاب الاجتماعي,1,0,0,طيب اوخر الرهاب الاجتماعي,طيب كيف اوخر الرهاب الاجتماعي
وانا احاول اكون قوين وصابره لما جاني اكتئاب بعد مالعبت ردر٢ وطلعت لي فجاءه ستميه حبه وطاحت حشوة سني وانكسرت نظارتي,1,0,0,وانا احاول اكون قوين وصابره لما جاني اكتئاب مالعبت ردر٢ وطلعت فجاءه ستميه حبه وطاحت حشوه سني وانكسرت نظارتي,وانا احاول اكون قوين وصابره لما جاني اكتئاب بعد مالعبت ردر<NUM> وطلعت لي فجاءه ستميه حبه وطاحت حشوه سني وانكسرت نظارتي
رهاب اجتماعي قلق افكار انتحارية كله بسب ابوي واخر شيء يجي يقول انا وش قصرت به معك كل زق لا ادخل رجلي بحلقك بس,1,1,0,رهاب اجتماعي قلق افكار انتحاريه كله بسب ابوي واخر شيء يجي يقول انا قصرت معك ادخل رجلي بحلقك,رهاب اجتماعي قلق افكار انتحاريه كله بسب ابوي واخر شيء يجي يقول انا وش قصرت به معك كل زق لا ادخل رجلي بحلقك بس
يلا حبايب انا مكتئب بختفي اروح اموت,1,0,0,يلا حبايب انا مكتئب بختفي اروح اموت,يلا حبايب انا مكتئب بختفي اروح اموت
احب مون لوفيرز مرا واخ فيني اكتئاب عشان النهايه خايسه دايما اشوف النهايه اذا بصيح,1,0,0,احب مون لوفيرز مرا واخ فيني اكتئاب عشان النهايه خايسه دايما اشوف النهايه اذا بصيح,احب مون لوفيرز مرا واخ فيني اكتئاب عشان النهايه خايسه دايما اشوف النهايه اذا بصيح
أحاول أن أُلملم شِتات نفسي,1,0,0,احاول الملم شتات نفسي,احاول ان الملم شتات نفسي
اكتئاب عزايم,1,0,0,اكتئاب عزايم,اكتئاب عزايم
تحسنت وافكار الانتحار خفت قليلا ولكن لازلت منطفئا في عتمتي ولا أحد يلاحظ ذلك,1,0,0,تحسنت وافكار الانتحار خفت قليلا ولكن لازلت منطفئا عتمتي ولا احد يلاحظ,تحسنت وافكار الانتحار خفت قليلا ولكن لازلت منطفئا في عتمتي ولا احد يلاحظ ذلك
اسكت يعني فيها حزن يعني دموع 😭,1,0,0,اسكت يعني فيها حزن يعني دموع,اسكت يعني فيها حزن يعني دموع 😭
فكرة انّي رح أبلش أداوم من بكرا 4 أيام بالاسبوع لحالها جايبيتلي ألف نوع اكتئاب,1,0,0,فكره اني ابلش اداوم بكرا ايام بالاسبوع لحالها جايبيتلي الف نوع اكتئاب,فكره اني رح ابلش اداوم من بكرا <NUM> ايام بالاسبوع لحالها جايبيتلي الف نوع اكتئاب
احس فيني اكتئاب,1,0,0,احس فيني اكتئاب,احس فيني اكتئاب
الناس كانوا يحسبون اني اشغل نفسي باشياء مفيدة بس الحقيقة لأني مكتئب وحزين طول الوقت وابي اوقف بكى ,1,0,0,الناس كانوا يحسبون اني اشغل نفسي باشياء مفيده الحقيقه لاني مكتئب وحزين طول الوقت وابي اوقف بكي,الناس كانوا يحسبون اني اشغل نفسي باشياء مفيده بس الحقيقه لاني مكتئب وحزين طول الوقت وابي اوقف بكي
انا واصله مرحلة الي نفسي ابكي بس مافي وقت,1,0,0,انا واصله مرحله الي نفسي ابكي مافي وقت,انا واصله مرحله الي نفسي ابكي بس مافي وقت
صمت عميق وقلب ممتلىء بالشعور الحزين,1,0,0,صمت عميق وقلب ممتليء بالشعور الحزين,صمت عميق وقلب ممتليء بالشعور الحزين
اليوم حايشني اكتئاب,1,0,0,اليوم حايشني اكتئاب,اليوم حايشني اكتئاب
إن أسوأ ما قد اصابني هذه الأيام هو فُقدان شغفي، ليس حزن ولا إنكسار إنّه إنطفاء لا نورَ له.. فقد افلتُّ يداي من كل ما اردتهُ سابقاً وإن كنتُ لا ازال أريده,1,1,0,اسوا اصابني الايام فقدان شغفي، ليس حزن ولا انكسار انه انطفاء نور فقد افلت يداي اردته سابقا وان كنت ازال اريده,ان اسوا ما قد اصابني هذه الايام هو فقدان شغفي، ليس حزن ولا انكسار انه انطفاء لا نور له.. فقد افلت يداي من كل ما اردته سابقا وان كنت لا ازال اريده
اخ صدق كميه حزن💔,1,0,0,صدق كميه حزن💔,اخ صدق كميه حزن💔
واله مو عارف هوا اكتئاب ولا انطفاء ولا توحد ولا,1,0,0,واله عارف هوا اكتئاب ولا انطفاء ولا توحد ولا,واله مو عارف هوا اكتئاب ولا انطفاء ولا توحد ولا
اكتئاب ارق تعب ارهاق كسل جوع عطش,1,0,0,اكتئاب ارق تعب ارهاق كسل جوع عطش,اكتئاب ارق تعب ارهاق كسل جوع عطش
طيب اوكي مو مشكله اذا تحسي روحي طبيب بس ترا صدق الاكتئاب مو شي عادي ابد يصدموني الي على ايشي قالوا فيني اكتئاب,1,0,0,طيب اوكي مشكله اذا تحسي روحي طبيب ترا صدق الاكتئاب عادي ابد يصدموني الي علي ايشي قالوا فيني اكتئاب,طيب اوكي مو مشكله اذا تحسي روحي طبيب بس ترا صدق الاكتئاب مو شي عادي ابد يصدموني الي علي ايشي قالوا فيني اكتئاب
اي صح نسيت اذكر اني كرهت واحد من عيالي فيني وانا متعمد احس عشان يسير رجال صح جاه اكتئاب بس عادي اهم شي يطلع رجال,1,0,0,نسيت اذكر اني كرهت واحد عيالي فيني وانا متعمد احس عشان يسير رجال جاه اكتئاب عادي اهم يطلع رجال,اي صح نسيت اذكر اني كرهت واحد من عيالي فيني وانا متعمد احس عشان يسير رجال صح جاه اكتئاب بس عادي اهم شي يطلع رجال
"راح الرفيق الي عليه الدمع سال_x000D_
راح وترك في القلب حزن الرفاقه 💔",1,0,0,راح الرفيق الي عليه الدمع سال راح وترك القلب حزن الرفاقه,راح الرفيق الي عليه الدمع سال_x<NUM>D_راح وترك في القلب حزن الرفاقه 💔
انتي اضحكي واني لازمتني كأبه حاده,1,0,0,انتي اضحكي واني لازمتني كابه حاده,انتي اضحكي واني لازمتني كابه حاده
صاحبي الوحده قتاله,1,0,0,صاحبي الوحده قتاله,صاحبي الوحده قتاله
عم ابكي,1,0,0,ابكي,عم ابكي
امس الدكتور قعد يسالني كيف نفسيتك بالغلط كنت بفضفض وقلت ا قال فيه توتر فيه حزن قلت اله كريم هذي الحياه قال لا,1,1,0,امس الدكتور قعد يسالني نفسيتك بالغلط كنت بفضفض وقلت قال فيه توتر فيه حزن قلت اله كريم هذي الحياه قال,امس الدكتور قعد يسالني كيف نفسيتك بالغلط كنت بفضفض وقلت ا قال فيه توتر فيه حزن قلت اله كريم هذي الحياه قال لا
الواحد لو يعرف انه هيكتئب كدا كان عمل حسابه في اي حاجة تسلي مش مكتئب و زهقان كمان,1,0,0,الواحد يعرف انه هيكتئب كدا عمل حسابه حاجه تسلي مكتئب زهقان كمان,الواحد لو يعرف انه هيكتئب كدا كان عمل حسابه في اي حاجه تسلي مش مكتئب و زهقان كمان
البروزاك اسطورة,1,0,0,البروزاك اسطوره,البروزاك اسطوره
بقالي فترة كبيرة ما عنديش شغف لأي حاجة ما بقاش في حاجة مُمكن تبهرني مش كآبة ولا عُزلة ,1,1,0,بقالي فتره كبيره عنديش شغف لاي حاجه بقاش حاجه ممكن تبهرني كابه ولا عزله,بقالي فتره كبيره ما عنديش شغف لاي حاجه ما بقاش في حاجه ممكن تبهرني مش كابه ولا عزله
"فعلاً_x000D_
وفي الشتاء بعد كآبة مو طبيعية",1,0,0,فعلا وفي الشتاء كابه طبيعيه,فعلا_x<NUM>D_وفي الشتاء بعد كابه مو طبيعيه
واله جاني اكتئاب💔,1,0,0,واله جاني اكتئاب💔,واله جاني اكتئاب💔
من كثر م اتابع واسوي ريتويت صرت كاني آلة حرفياً جاني اكتئاب من اصراري ع المشاركة ف المسابقات,1,0,0,كثر اتابع واسوي ريتويت صرت كاني اله حرفيا جاني اكتئاب اصراري المشاركه المسابقات,من كثر م اتابع واسوي ريتويت صرت كاني اله حرفيا جاني اكتئاب من اصراري ع المشاركه ف المسابقات
"اجملحظاتبحياتي _x000D_
الحياة قرار وليست ظروف فقد _x000D_
تجد فقيراً ينشر السعادة على من _x000D_
حوله وغنياً يعيش حالة إكتئاب _x000D_
وحز",1,0,0,اجملحظاتبحياتي الحياه قرار وليست ظروف فقد تجد فقيرا ينشر السعاده علي حوله وغنيا يعيش حاله اكتئاب وحز,اجملحظاتبحياتي _x<NUM>D_الحياه قرار وليست ظروف فقد _x<NUM>D_تجد فقيرا ينشر السعاده علي من _x<NUM>D_حوله وغنيا يعيش حاله اكتئاب _x<NUM>D_وحز
ابكي ع وحدتي افضل سبب ممكن ابكي عليه,1,0,0,ابكي وحدتي افضل سبب ممكن ابكي عليه,ابكي ع وحدتي افضل سبب ممكن ابكي عليه
أبسط حقوقك انك تعيش دون قلق✨,1,0,0,ابسط حقوقك انك تعيش دون قلق✨,ابسط حقوقك انك تعيش دون قلق✨
لكنني لست سيئ ليصيبني كل هذا الحزن دون شفقه,1,0,0,لكنني لست سيئ ليصيبني الحزن دون شفقه,لكنني لست سيئ ليصيبني كل هذا الحزن دون شفقه
هو فيه حد مكتئب وعايش ع المنوم زي ولا انا بس,1,0,0,فيه مكتئب وعايش المنوم ولا انا,هو فيه حد مكتئب وعايش ع المنوم زي ولا انا بس
بنخبي حزن ودموع وألم كبير ورا كلمة انا بخير تباً لعزة النفس وسحقاً لحياة مفهاش حد يحتوينا وطبطب علينا,1,0,0,بنخبي حزن ودموع والم كبير ورا كلمه انا بخير تبا لعزه النفس وسحقا لحياه مفهاش يحتوينا وطبطب علينا,بنخبي حزن ودموع والم كبير ورا كلمه انا بخير تبا لعزه النفس وسحقا لحياه مفهاش حد يحتوينا وطبطب علينا
حقيقي الناس الي بتبقى قاعد معاهم لو مش مريحين هيجيبولك اكتئاب ف من مكاني هذا بقولك اعتزلهم 🤷‍♀️,1,0,0,حقيقي الناس الي بتبقي قاعد معاهم مريحين هيجيبولك اكتئاب مكاني بقولك اعتزلهم 🤷‍♀️,حقيقي الناس الي بتبقي قاعد معاهم لو مش مريحين هيجيبولك اكتئاب ف من مكاني هذا بقولك اعتزلهم 🤷♀️
يمه كآبة,1,0,0,يمه كابه,يمه كابه
اشهد شهاده خصوصًا اذا انمغطت لآخر اليل اكتئاب حاد,1,0,0,اشهد شهاده خصوصا اذا انمغطت لاخر اليل اكتئاب حاد,اشهد شهاده خصوصا اذا انمغطت لاخر اليل اكتئاب حاد
حزن وخوف,1,0,0,حزن وخوف,حزن وخوف
جرعة اكتئاب قبل السحور,1,0,0,جرعه اكتئاب السحور,جرعه اكتئاب قبل السحور
كيف ابطل افكر بالانتحار ,1,0,0,ابطل افكر بالانتحار,كيف ابطل افكر بالانتحار
فوق الحزن حزن بعد,1,0,0,فوق الحزن حزن,فوق الحزن حزن بعد
واله يعني الواحد معد يدري هو إنطفاء ولا نضج ولا إكتئاب ولا انعدام شغف ولا تخلف ولا حاله نفسيه ولا هذي شخصيته,1,0,0,واله يعني الواحد معد يدري انطفاء ولا نضج ولا اكتئاب ولا انعدام شغف ولا تخلف ولا حاله نفسيه ولا هذي شخصيته,واله يعني الواحد معد يدري هو انطفاء ولا نضج ولا اكتئاب ولا انعدام شغف ولا تخلف ولا حاله نفسيه ولا هذي شخصيته
أهلي رْغبوا عيشتي لأني مكتئب,1,0,0,اهلي رغبوا عيشتي لاني مكتئب,اهلي رغبوا عيشتي لاني مكتئب
مو مستوعبه كيف درجاتي الترم دا حلوه وانا قاعده امر في العن مرحلة اكتئاب في حياتي,1,0,0,مستوعبه درجاتي الترم حلوه وانا قاعده امر العن مرحله اكتئاب حياتي,مو مستوعبه كيف درجاتي الترم دا حلوه وانا قاعده امر في العن مرحله اكتئاب في حياتي
كيف اتخلص من رهاب الجمهور والتحدث الموضوع مرعب بنسبه لي — واله ما عارف,1,1,0,اتخلص رهاب الجمهور والتحدث الموضوع مرعب بنسبه واله عارف,كيف اتخلص من رهاب الجمهور والتحدث الموضوع مرعب بنسبه لي - واله ما عارف
الوقت الذي يلزم فيه البكاء لم أبكي وهذا مايجعلني الأن أبكي على الخدش الصغير,1,1,0,الوقت الذي يلزم فيه البكاء ابكي وهذا مايجعلني الان ابكي علي الخدش الصغير,الوقت الذي يلزم فيه البكاء لم ابكي وهذا مايجعلني الان ابكي علي الخدش الصغير
لقيت شيء ابكي عليه,1,0,0,لقيت شيء ابكي عليه,لقيت شيء ابكي عليه
وهذه انا لقد مُت من الداخل في نهايه المشوار ,1,0,0,وهذه انا لقد الداخل نهايه المشوار,وهذه انا لقد مت من الداخل في نهايه المشوار
كبرت يا امي و اصبحت ابكي دون علمك,1,0,0,كبرت امي اصبحت ابكي دون علمك,كبرت يا امي و اصبحت ابكي دون علمك
فالافكار والمشاعر والسلوك الغير عقلاني يؤثر كلًا منهما على الاخر بشكل حلقة حيث يتفاعلوا معًا لينتجوا نوبات اكتئاب ,1,0,0,فالافكار والمشاعر والسلوك الغير عقلاني يؤثر كلا منهما علي الاخر بشكل حلقه حيث يتفاعلوا معا لينتجوا نوبات اكتئاب,فالافكار والمشاعر والسلوك الغير عقلاني يؤثر كلا منهما علي الاخر بشكل حلقه حيث يتفاعلوا معا لينتجوا نوبات اكتئاب
انا ضد البكاء ولكني ابكي لأن حجم الحزن الذي سكن بداخلي اكبر من ان اتحمله ابكي لأني اصبحت اجهل كيف باستطاعة المرء ان يفر من المه وقلقه,1,0,0,انا البكاء ولكني ابكي لان حجم الحزن الذي سكن بداخلي اكبر اتحمله ابكي لاني اصبحت اجهل باستطاعه المرء يفر المه وقلقه,انا ضد البكاء ولكني ابكي لان حجم الحزن الذي سكن بداخلي اكبر من ان اتحمله ابكي لاني اصبحت اجهل كيف باستطاعه المرء ان يفر من المه وقلقه
لو كانّ بُكاءّ لبكينا .. لكنهُ أكثَر,1,0,0,بكاء لبكينا لكنه اكثر,لو كان بكاء لبكينا .. لكنه اكثر
أنا فشلت في كل حاجة حتى الانتحار كمان 😔,1,0,0,انا فشلت حاجه حتي الانتحار كمان,انا فشلت في كل حاجه حتي الانتحار كمان 😔
هبكي والله,1,0,0,هبكي والله,هبكي والله
هنسمي الفترة دي اكتئاب ما بعد العزل 🤛🏻🤜🏻,1,1,0,هنسمي الفتره اكتئاب العزل 🤛🏻🤜🏻,هنسمي الفتره دي اكتئاب ما بعد العزل 🤛🏻🤜🏻
"ساكت ويحسبني على البعد مرتاح_x000D_
وانا الحزين اليّ ملى الدمع خده",1,0,0,ساكت ويحسبني علي البعد مرتاح وانا الحزين الي ملي الدمع خده,ساكت ويحسبني علي البعد مرتاح_x<NUM>D_وانا الحزين الي ملي الدمع خده
أنا مّجرد عزله أنيقه,1,0,0,انا مجرد عزله انيقه,انا مجرد عزله انيقه
واله انا متناقضه شوي ابكي شوي اضحك عجزت افهمني,1,0,0,واله انا متناقضه شوي ابكي شوي اضحك عجزت افهمني,واله انا متناقضه شوي ابكي شوي اضحك عجزت افهمني
😭 ادري اني قلق بموت قاعد احاول اوقف بس مقدر,1,0,0,ادري اني قلق بموت قاعد احاول اوقف مقدر,😭 ادري اني قلق بموت قاعد احاول اوقف بس مقدر
واله مو عارفه هوا اكتئاب ولا انطفاء ولا توحد ولا نضج ولا ايش,1,0,0,واله عارفه هوا اكتئاب ولا انطفاء ولا توحد ولا نضج ولا ايش,واله مو عارفه هوا اكتئاب ولا انطفاء ولا توحد ولا نضج ولا ايش
جاني اكتئاب مفاجئ صراحه كنت بقتل نفسي,1,0,0,جاني اكتئاب مفاجئ صراحه كنت بقتل نفسي,جاني اكتئاب مفاجئ صراحه كنت بقتل نفسي
ارقد قلق,1,0,0,ارقد قلق,ارقد قلق
"تغافل _x000D_
لا يستحق صدرك أن يكون ساحة معارك تافهة_x000D_
_x000D_
عُزلة",1,1,0,تغافل يستحق صدرك ساحه معارك تافهه عزله,تغافل _x<NUM>D_لا يستحق صدرك ان يكون ساحه معارك تافهه_x<NUM>D__x<NUM>D_عزله
راح أنام وأنا كلّي هلع وخوف وكلّي رجاء بأن أصحى على طمأنينة تستقر بشكل دائم فيّي من دون أي شوائب تزعزها,1,0,0,راح انام وانا كلي هلع وخوف وكلي رجاء بان اصحي علي طمانينه تستقر بشكل دائم فيي دون شوائب تزعزها,راح انام وانا كلي هلع وخوف وكلي رجاء بان اصحي علي طمانينه تستقر بشكل دائم فيي من دون اي شوائب تزعزها
افكر ايش سويت من ذنب عشان اصحى العصر اقسم بالله بطق من الاكتئاب,1,0,0,افكر ايش سويت ذنب عشان اصحي العصر اقسم بالله بطق الاكتئاب,افكر ايش سويت من ذنب عشان اصحي العصر اقسم بالله بطق من الاكتئاب
واله الواحد مايدري هو اكتئاب ولا انطفاء ولا نضج ولا انعدام الشغف ولا تخلف ولا حاله نفسيه,1,0,0,واله الواحد مايدري اكتئاب ولا انطفاء ولا نضج ولا انعدام الشغف ولا تخلف ولا حاله نفسيه,واله الواحد مايدري هو اكتئاب ولا انطفاء ولا نضج ولا انعدام الشغف ولا تخلف ولا حاله نفسيه
مهو شي غريب ف فتره الكل يمر فيها وخاصة ذا الوقت تجيك كابه غير طبيعية مالك نفس لاي شي حتى الشخص نفسه يوسوس,1,1,0,مهو غريب فتره الكل يمر فيها وخاصه الوقت تجيك كابه غير طبيعيه مالك نفس لاي حتي الشخص نفسه يوسوس,مهو شي غريب ف فتره الكل يمر فيها وخاصه ذا الوقت تجيك كابه غير طبيعيه مالك نفس لاي شي حتي الشخص نفسه يوسوس
وعندما تتجاوز كل هذا وتفضل أن تطلب المساعدة لمره الأولى في حياتك فإن أولى خياراتك هي مراجعة طبيب نفسي ,1,0,0,وعندما تتجاوز وتفضل تطلب المساعده لمره الاولي حياتك فان اولي خياراتك مراجعه طبيب نفسي,وعندما تتجاوز كل هذا وتفضل ان تطلب المساعده لمره الاولي في حياتك فان اولي خياراتك هي مراجعه طبيب نفسي
الدكتور القديم الي كنت اكلمه يقول عندي اكتئاب و الدكتور الجديد مصنفني سايكوباث خير لتسقون نرجع لقديم,1,0,0,الدكتور القديم الي كنت اكلمه يقول عندي اكتئاب الدكتور الجديد مصنفني سايكوباث خير لتسقون نرجع لقديم,الدكتور القديم الي كنت اكلمه يقول عندي اكتئاب و الدكتور الجديد مصنفني سايكوباث خير لتسقون نرجع لقديم
نسيت اخذ حبوب دال قبل ياذن وخذ لك الحين اكتئاب 🙂,1,0,0,نسيت اخذ حبوب دال ياذن وخذ الحين اكتئاب,نسيت اخذ حبوب دال قبل ياذن وخذ لك الحين اكتئاب 🙂
ابغا ابكي,1,0,0,ابغا ابكي,ابغا ابكي
صار لها حادث سقوط من الخيل وسوت عمليه بعدها ع يد اطباء فاشلين وصارعندها تشوه ومشاكل,1,0,0,صار لها حادث سقوط الخيل وسوت عمليه بعدها اطباء فاشلين وصارعندها تشوه ومشاكل,صار لها حادث سقوط من الخيل وسوت عمليه بعدها ع يد اطباء فاشلين وصارعندها تشوه ومشاكل
قلبة النوم دى تجيب اكتئاب 😣,1,0,0,قلبه النوم تجيب اكتئاب,قلبه النوم دي تجيب اكتئاب 😣
و لا يفصل بينِي وبين الانتحَار سوْى شعرة إيمَان إنْ طارت فِي لحظة ضعف لفعلتهَا وتركتْ الدُنيا بمَا فيهَا 🖤,1,1,0,يفصل بيني وبين الانتحار سوي شعره ايمان طارت لحظه ضعف لفعلتها وتركت الدنيا بما فيها,و لا يفصل بيني وبين الانتحار سوي شعره ايمان ان طارت في لحظه ضعف لفعلتها وتركت الدنيا بما فيها 🖤
عندي إضطراب قلق مايعالجه إلا شحنة العيد وهي قدامي,1,0,0,عندي اضطراب قلق مايعالجه الا شحنه العيد وهي قدامي,عندي اضطراب قلق مايعالجه الا شحنه العيد وهي قدامي
ولا انسى انها السبب الاول والرئيسي الي دمر نفسيتي وانها سببت لي اكتئاب لدرجه صرت اكلم دكاتره نفسين يساعدوني,1,0,0,ولا انسي انها السبب الاول والرئيسي الي دمر نفسيتي وانها سببت اكتئاب لدرجه صرت اكلم دكاتره نفسين يساعدوني,ولا انسي انها السبب الاول والرئيسي الي دمر نفسيتي وانها سببت لي اكتئاب لدرجه صرت اكلم دكاتره نفسين يساعدوني
أستلذ كثيرًا في فكرة الإنتحار لأنها الفكرة الوحيدة التي تجعل وضعي منطقيًا ومُبررًا,1,0,0,استلذ كثيرا فكره الانتحار لانها الفكره الوحيده التي تجعل وضعي منطقيا ومبررا,استلذ كثيرا في فكره الانتحار لانها الفكره الوحيده التي تجعل وضعي منطقيا ومبررا
وجع ألم أرق هلوسه هذيان قلق ترقب هلع أنين شجن رغم كل هذا تستمر الحياة,1,0,0,وجع الم ارق هلوسه هذيان قلق ترقب هلع انين شجن رغم تستمر الحياه,وجع الم ارق هلوسه هذيان قلق ترقب هلع انين شجن رغم كل هذا تستمر الحياه
جماعة الخير ترا الاكتئاب و القلق و غيرهم يعتبرن امراض نفسيه وركز لي على كلمة أمراض يعني يبالهم تشخيص و تاكد من,1,0,0,جماعه الخير ترا الاكتئاب القلق غيرهم يعتبرن امراض نفسيه وركز علي كلمه امراض يعني يبالهم تشخيص تاكد,جماعه الخير ترا الاكتئاب و القلق و غيرهم يعتبرن امراض نفسيه وركز لي علي كلمه امراض يعني يبالهم تشخيص و تاكد من
"العلاقه هذي سبت ثلاث شروخ بالقلب_x000D_
اكتئاب حاد _x000D_
كتمان مستمر _x000D_
انعدام الثقه بكل الناس",1,0,0,العلاقه هذي سبت ثلاث شروخ بالقلب اكتئاب حاد كتمان مستمر انعدام الثقه بكل الناس,العلاقه هذي سبت ثلاث شروخ بالقلب_x<NUM>D_اكتئاب حاد _x<NUM>D_كتمان مستمر _x<NUM>D_انعدام الثقه بكل الناس
انا انسان حزين منطفئ مكتئب فارغ و متعب و بحاجة إلي وقت طويل من الراحة في مكان بعيد ,1,0,0,انا انسان حزين منطفئ مكتئب فارغ متعب بحاجه الي وقت طويل الراحه مكان بعيد,انا انسان حزين منطفئ مكتئب فارغ و متعب و بحاجه الي وقت طويل من الراحه في مكان بعيد
بنص المذاكره تجيك نوبة هلع حدثني عن قلق الفاينلز,1,0,0,بنص المذاكره تجيك نوبه هلع حدثني قلق الفاينلز,بنص المذاكره تجيك نوبه هلع حدثني عن قلق الفاينلز
الانتحار حرام بس التعب النفسي بيدمر الواحد,1,0,0,الانتحار حرام التعب النفسي بيدمر الواحد,الانتحار حرام بس التعب النفسي بيدمر الواحد
"لَو لَم يِكون الانِتحار طَريقاً _x000D_
لنَار لَودعتكم مُنذ زَمن💔",1,0,0,الانتحار طريقا لنار لودعتكم منذ زمن💔,لو لم يكون الانتحار طريقا _x<NUM>D_لنار لودعتكم منذ زمن💔
اجتماعياً وعائلياً ومادياً مش كويس ساكت طول الوقت مبخرجش خالص صحابى من قبل رمضان مكلمتش حد بس مش مكتئب ,1,0,0,اجتماعيا وعائليا وماديا كويس ساكت طول الوقت مبخرجش خالص صحابي رمضان مكلمتش مكتئب,اجتماعيا وعائليا وماديا مش كويس ساكت طول الوقت مبخرجش خالص صحابي من قبل رمضان مكلمتش حد بس مش مكتئب
ابكي تحت الشاور,1,0,0,ابكي تحت الشاور,ابكي تحت الشاور
الاكتئاب الي فيني مب طبيعي😳,1,0,0,الاكتئاب الي فيني طبيعي😳,الاكتئاب الي فيني مب طبيعي😳
لما بقي عايزه اتسحل ف المطبخ كده بقي داخله ف حاله اكتئاب ف ربنا يستر انا قايمه اعمل كيكه,1,0,0,لما بقي عايزه اتسحل المطبخ كده بقي داخله حاله اكتئاب ربنا يستر انا قايمه اعمل كيكه,لما بقي عايزه اتسحل ف المطبخ كده بقي داخله ف حاله اكتئاب ف ربنا يستر انا قايمه اعمل كيكه
حقيقي يجيني الاكتئاب لاني احس اني موهنا ومش جالسه انسجم مع الناس حولي,1,0,0,حقيقي يجيني الاكتئاب لاني احس اني موهنا ومش جالسه انسجم الناس حولي,حقيقي يجيني الاكتئاب لاني احس اني موهنا ومش جالسه انسجم مع الناس حولي
هالوقت صاير بالنسبه لي كئيب فجأه تجيني كأبه ولا اطيق اي شي,1,0,0,هالوقت صاير بالنسبه كئيب فجاه تجيني كابه ولا اطيق,هالوقت صاير بالنسبه لي كئيب فجاه تجيني كابه ولا اطيق اي شي
واله الواحد مو عارف اهو اكتئاب ولا نضج ولا انعدام الشغف ولا تخلف ولا بس الي اعرفه ان فترة مو راضيه تعدي كلش,1,0,0,واله الواحد عارف اهو اكتئاب ولا نضج ولا انعدام الشغف ولا تخلف ولا الي اعرفه فتره راضيه تعدي كلش,واله الواحد مو عارف اهو اكتئاب ولا نضج ولا انعدام الشغف ولا تخلف ولا بس الي اعرفه ان فتره مو راضيه تعدي كلش
انا استاهل اكثر من اني اتمسك بعلاقه توكسك دخلتني اكتئاب وكره لذات,1,0,0,انا استاهل اكثر اني اتمسك بعلاقه توكسك دخلتني اكتئاب وكره لذات,انا استاهل اكثر من اني اتمسك بعلاقه توكسك دخلتني اكتئاب وكره لذات
انا اخذت بروزاك مدية طويلك وقفته وماجاني ادمان ولا شي اصلا سالفة يسب ادمان ذي خرافة — ايه البروزاك مايسب ادمان,1,0,0,انا اخذت بروزاك مديه طويلك وقفته وماجاني ادمان ولا اصلا سالفه يسب ادمان خرافه ايه البروزاك مايسب ادمان,انا اخذت بروزاك مديه طويلك وقفته وماجاني ادمان ولا شي اصلا سالفه يسب ادمان ذي خرافه - ايه البروزاك مايسب ادمان
مرحباً هذا المستخدم مكتئب,1,0,0,مرحبا المستخدم مكتئب,مرحبا هذا المستخدم مكتئب
رهاب اجتماعي وخوف المستقبل رغم اني متخص نفسي بس مازالت اثارها فيني واحاول احاربها بشتى الطرق مع الاسف,1,0,0,رهاب اجتماعي وخوف المستقبل رغم اني متخص نفسي مازالت اثارها فيني واحاول احاربها بشتي الطرق الاسف,رهاب اجتماعي وخوف المستقبل رغم اني متخص نفسي بس مازالت اثارها فيني واحاول احاربها بشتي الطرق مع الاسف
"ما أخاف لو عشت ب أيام انطوائيه_x000D_
في عزلة الناس والدنيا أنا راضيه _x000D_
َ ㅤ_x000D_
من خبرة سنين وظروف اجتماعيه _x000D_
بعض العلاقات مصنوعه على الفاضي",1,1,0,اخاف عشت ايام انطوائيه عزله الناس والدنيا انا راضيه خبره سنين وظروف اجتماعيه بعض العلاقات مصنوعه علي الفاضي,ما اخاف لو عشت ب ايام انطوائيه_x<NUM>D_في عزله الناس والدنيا انا راضيه _x<NUM>D_ ㅤ_x<NUM>D_من خبره سنين وظروف اجتماعيه _x<NUM>D_بعض العلاقات مصنوعه علي الفاضي
كيف نفسيتك عندك قلق او اكتئاب,1,0,0,نفسيتك عندك قلق اكتئاب,كيف نفسيتك عندك قلق او اكتئاب
فكرة الانتحار صايره تراودني هالايام,1,0,0,فكره الانتحار صايره تراودني هالايام,فكره الانتحار صايره تراودني هالايام
"انا الحزين الي على الحزن معتاد _x000D_
لا قلت غاب الحزن رجع يحتويني",1,1,0,انا الحزين الي علي الحزن معتاد قلت غاب الحزن رجع يحتويني,انا الحزين الي علي الحزن معتاد _x<NUM>D_لا قلت غاب الحزن رجع يحتويني
أبكي لأن الوجع ماهوب من كبري موجوع لأن البكا أصغر من أوجاعي,1,0,0,ابكي لان الوجع ماهوب كبري موجوع لان البكا اصغر اوجاعي,ابكي لان الوجع ماهوب من كبري موجوع لان البكا اصغر من اوجاعي
"لا شيء يحدث كما تمنيت_x000D_
أريد أن أبكي",1,1,0,شيء يحدث تمنيت اريد ابكي,لا شيء يحدث كما تمنيت_x<NUM>D_اريد ان ابكي
اكره هذا الفلم سبلي كآبة بطفولتي لما شفته,1,0,0,اكره الفلم سبلي كابه بطفولتي لما شفته,اكره هذا الفلم سبلي كابه بطفولتي لما شفته
نبي حزن نبي ضيم مانبي سعاده وانتعاش خلاص,1,0,0,نبي حزن نبي ضيم مانبي سعاده وانتعاش خلاص,نبي حزن نبي ضيم مانبي سعاده وانتعاش خلاص
انا فعلا في حاله اكتاب وحاولت الانتحار كذا مره واريد المساعده ارجوك,1,0,0,انا فعلا حاله اكتاب وحاولت الانتحار كذا مره واريد المساعده ارجوك,انا فعلا في حاله اكتاب وحاولت الانتحار كذا مره واريد المساعده ارجوك
مش قادر اعيش,1,0,0,قادر اعيش,مش قادر اعيش
اوف يا كآبه 😂,1,0,0,اوف كابه,اوف يا كابه 😂
قاعده ابكي من اول ماصحيت على شكله هنا ماقدر اتحمل انا هالته هنا تعبتني,1,0,0,قاعده ابكي اول ماصحيت علي شكله ماقدر اتحمل انا هالته تعبتني,قاعده ابكي من اول ماصحيت علي شكله هنا ماقدر اتحمل انا هالته هنا تعبتني
كمية كآبة والله مره كمية كبيره لدرجه ان راسي مصدع,1,0,0,كميه كابه والله مره كميه كبيره لدرجه راسي مصدع,كميه كابه والله مره كميه كبيره لدرجه ان راسي مصدع
اكتئاب أو انعزال نوبات هلع,1,0,0,اكتئاب انعزال نوبات هلع,اكتئاب او انعزال نوبات هلع
انا مرهقة لم يعد لدي طاقة للعيش,1,1,0,انا مرهقه يعد لدي طاقه للعيش,انا مرهقه لم يعد لدي طاقه للعيش
ماذا يحدث ولماذا بؤس حُزن شؤم تعب داخلنا يبكي لا أحد يستطيع أخذ ولو القليل من الراحة لان الجميع متعب,1,1,0,ماذا يحدث ولماذا بؤس حزن شؤم تعب داخلنا يبكي احد يستطيع اخذ ولو القليل الراحه لان الجميع متعب,ماذا يحدث ولماذا بؤس حزن شؤم تعب داخلنا يبكي لا احد يستطيع اخذ ولو القليل من الراحه لان الجميع متعب
ابي ابكي بس حقيقي مافيني,1,0,0,ابي ابكي حقيقي مافيني,ابي ابكي بس حقيقي مافيني
شكلي داخله ع فتره إكتئاب هتاخد وقت,1,0,0,شكلي داخله فتره اكتئاب هتاخد وقت,شكلي داخله ع فتره اكتئاب هتاخد وقت
الاسود مش كآبة الاسود اسلوب حياة 🖤,1,0,0,الاسود كابه الاسود اسلوب حياه,الاسود مش كابه الاسود اسلوب حياه 🖤
مخنوقه واحس بيني وبين الانفجار تكه.,1,0,0,مخنوقه واحس بيني وبين الانفجار تكه,مخنوقه واحس بيني وبين الانفجار تكه.
والعكس كذلك صحيح باختصار الابتعاد عن الناس سعادة وراحة وربي الناس قلق ومصلحجين واستغلالين وأنانين و,1,0,0,والعكس كذلك صحيح باختصار الابتعاد الناس سعاده وراحه وربي الناس قلق ومصلحجين واستغلالين وانانين,والعكس كذلك صحيح باختصار الابتعاد عن الناس سعاده وراحه وربي الناس قلق ومصلحجين واستغلالين وانانين و
لو كان الانتحار حلال كان اغلب الناس ماتعرفني,1,0,0,الانتحار حلال اغلب الناس ماتعرفني,لو كان الانتحار حلال كان اغلب الناس ماتعرفني
انا طاقه سلبيه تمشي على الارض هالايام ماعمري دخلت بالحاله ذي من قبل خايفه موت يكون اكتياب صدق,1,0,0,انا طاقه سلبيه تمشي علي الارض هالايام ماعمري دخلت بالحاله خايفه موت اكتياب صدق,انا طاقه سلبيه تمشي علي الارض هالايام ماعمري دخلت بالحاله ذي من قبل خايفه موت يكون اكتياب صدق
دخلت في عالم الاكتئاب الحاد,1,0,0,دخلت عالم الاكتئاب الحاد,دخلت في عالم الاكتئاب الحاد
الحقيقيه انا شايفه إن أحسن حاجه الواحد يقدمها لنفسه الفتره دي إنّه يتعود ع الحياه لوحده يعيش لوحده يخرج لوحده ,1,0,0,الحقيقيه انا شايفه احسن حاجه الواحد يقدمها لنفسه الفتره انه يتعود الحياه لوحده يعيش لوحده يخرج لوحده,الحقيقيه انا شايفه ان احسن حاجه الواحد يقدمها لنفسه الفتره دي انه يتعود ع الحياه لوحده يعيش لوحده يخرج لوحده
هاد الطريق آخره اكتئاب 🚶🏼‍♀️,1,0,0,هاد الطريق اخره اكتئاب 🚶🏼‍♀️,هاد الطريق اخره اكتئاب 🚶🏼♀️
عايز ابكي بحرقة,1,0,0,عايز ابكي بحرقه,عايز ابكي بحرقه
اشكرك دكتور على تجاوبك واعذرني على استفساري مين يحد او كيف اعرف هل هي حالة اكتئاب او شي اخر ولمن اذهب,1,0,0,اشكرك دكتور علي تجاوبك واعذرني علي استفساري مين يحد اعرف حاله اكتئاب اخر ولمن اذهب,اشكرك دكتور علي تجاوبك واعذرني علي استفساري مين يحد او كيف اعرف هل هي حاله اكتئاب او شي اخر ولمن اذهب
ياه شوفي انا ما عندي رهاب او خوف من التجمعات بس احس كاره الناس مرا بس بجلس لحالي وارتاح بهدوء وعزله,1,1,0,ياه شوفي انا عندي رهاب خوف التجمعات احس كاره الناس مرا بجلس لحالي وارتاح بهدوء وعزله,ياه شوفي انا ما عندي رهاب او خوف من التجمعات بس احس كاره الناس مرا بس بجلس لحالي وارتاح بهدوء وعزله
وله الواحد ما يدري هو اكتئاب ولا انطفاء ولا نضج ولا انعدام الشغف ولا تخلف ولا حالة نفسيه,1,1,0,وله الواحد يدري اكتئاب ولا انطفاء ولا نضج ولا انعدام الشغف ولا تخلف ولا حاله نفسيه,وله الواحد ما يدري هو اكتئاب ولا انطفاء ولا نضج ولا انعدام الشغف ولا تخلف ولا حاله نفسيه
خايفة من فكرة الاكتئاب مو قادرة ارجع شغفي بالأشياء الي أحبها مو قادرة أسوي شيء غير إني أصيح أكره اشوفني ضعيفة بس,1,1,0,خايفه فكره الاكتئاب قادره ارجع شغفي بالاشياء الي احبها قادره اسوي شيء غير اني اصيح اكره اشوفني ضعيفه,خايفه من فكره الاكتئاب مو قادره ارجع شغفي بالاشياء الي احبها مو قادره اسوي شيء غير اني اصيح اكره اشوفني ضعيفه بس
تم تفعيل مود اكتئاب ما قبل السفر,1,1,0,تفعيل مود اكتئاب السفر,تم تفعيل مود اكتئاب ما قبل السفر
يارا جدتي جاتها جلطه بالدماغ و بعدين طابت اتوقع او طابت شوي بعد الجلطة جاها اكتئاب وكل شوي تبكي ,1,0,0,يارا جدتي جاتها جلطه بالدماغ بعدين طابت اتوقع طابت شوي الجلطه جاها اكتئاب وكل شوي تبكي,يارا جدتي جاتها جلطه بالدماغ و بعدين طابت اتوقع او طابت شوي بعد الجلطه جاها اكتئاب وكل شوي تبكي
بس اعرف ابكي بس,1,0,0,اعرف ابكي,بس اعرف ابكي بس
حقيقي الأحداث الفلسطينية قاعدة ترجع لي الرهاب والوسواس 💔 بس ما اقدر اتغاضى لازم اشوف وانزل عندي اش اسوي 😭,1,1,0,حقيقي الاحداث الفلسطينيه قاعده ترجع الرهاب والوسواس اقدر اتغاضي لازم اشوف وانزل عندي اسوي,حقيقي الاحداث الفلسطينيه قاعده ترجع لي الرهاب والوسواس 💔 بس ما اقدر اتغاضي لازم اشوف وانزل عندي اش اسوي 😭
حذفت حسابي الاساسي من كثر الرهاب ه وش ذا,1,0,0,حذفت حسابي الاساسي كثر الرهاب,حذفت حسابي الاساسي من كثر الرهاب ه وش ذا
ضيجه حزن كئابه,1,0,0,ضيجه حزن كئابه,ضيجه حزن كئابه
انا بعد نفسك توني قبل سنتين اكتشفت انه عندي رهاب اجتماعي وبعد جم شهر بروح عند طبيب نفسي لاني حاولت كل الطرق,1,0,0,انا نفسك توني سنتين اكتشفت انه عندي رهاب اجتماعي وبعد شهر بروح طبيب نفسي لاني حاولت الطرق,انا بعد نفسك توني قبل سنتين اكتشفت انه عندي رهاب اجتماعي وبعد جم شهر بروح عند طبيب نفسي لاني حاولت كل الطرق
لا كيوي بقا بما انه اكتئاب 😍😂,1,1,0,كيوي بقا بما انه اكتئاب,لا كيوي بقا بما انه اكتئاب 😍😂
سلبية و حلطمة و شوية اكتئاب,1,0,0,سلبيه حلطمه شويه اكتئاب,سلبيه و حلطمه و شويه اكتئاب
كأبه 😭,1,0,0,كابه,كابه 😭
"هذي البنت واضح عندها اكتئاب حاد _x000D_
انصحك تعالجين وتلاقين هدف لحياتك وضعك مايطمن ابد 😟",1,0,0,هذي البنت واضح عندها اكتئاب حاد انصحك تعالجين وتلاقين هدف لحياتك وضعك مايطمن ابد,هذي البنت واضح عندها اكتئاب حاد _x<NUM>D_انصحك تعالجين وتلاقين هدف لحياتك وضعك مايطمن ابد 😟
اليوم كل شي يقولي ابكي,1,0,0,اليوم يقولي ابكي,اليوم كل شي يقولي ابكي
شايفه إن أحسن حاجة تقدمها لنفسك الفترة دي إنك تعود على الحياة لوحدك تعيش لوحدك تخرج لوحدك تاخد قرارات لوحدك مش,1,0,0,شايفه احسن حاجه تقدمها لنفسك الفتره انك تعود علي الحياه لوحدك تعيش لوحدك تخرج لوحدك تاخد قرارات لوحدك,شايفه ان احسن حاجه تقدمها لنفسك الفتره دي انك تعود علي الحياه لوحدك تعيش لوحدك تخرج لوحدك تاخد قرارات لوحدك مش
"قاعد مكتئب بسب حاجة _x000D_
محمد اما اروح افكر يوسف ب ٣ث _x000D_
حرام عليك يسطا واله😂💔",1,0,0,قاعد مكتئب بسب حاجه محمد اما اروح افكر يوسف حرام عليك يسطا واله😂💔,قاعد مكتئب بسب حاجه _x<NUM>D_محمد اما اروح افكر يوسف ب <NUM>ث _x<NUM>D_حرام عليك يسطا واله😂💔
حزينة بشكل غير مسبوق والله,1,1,0,حزينه بشكل غير مسبوق والله,حزينه بشكل غير مسبوق والله
ه انا اكتئاب اجل,1,0,0,انا اكتئاب اجل,ه انا اكتئاب اجل
"فيه حزن مكبوت والبوح غادر _x000D_
والشعر عيا لا يترجم همومي",1,1,0,فيه حزن مكبوت والبوح غادر والشعر عيا يترجم همومي,فيه حزن مكبوت والبوح غادر _x<NUM>D_والشعر عيا لا يترجم همومي
لا اعلم كيف سيزول كُل هذا الألم ,1,1,0,اعلم سيزول الالم,لا اعلم كيف سيزول كل هذا الالم
 اكتئاب و ضيقة 🙂 بس خلاص جالس امسح واحد واحد,1,0,0,اكتئاب ضيقه خلاص جالس امسح واحد واحد,اكتئاب و ضيقه 🙂 بس خلاص جالس امسح واحد واحد
أفكار الانتحار حاصرتني و تريد مني ان أخطي الخطوة الأولى,1,0,0,افكار الانتحار حاصرتني تريد مني اخطي الخطوه الاولي,افكار الانتحار حاصرتني و تريد مني ان اخطي الخطوه الاولي
"اريح بكثير_x000D_
على إلي نشوفه من حزن وكسر قلب كل يوم قلوب مكسره",1,0,0,اريح بكثير علي الي نشوفه حزن وكسر قلب يوم قلوب مكسره,اريح بكثير_x<NUM>D_علي الي نشوفه من حزن وكسر قلب كل يوم قلوب مكسره
خيبات الامل تتوالي,1,0,0,خيبات الامل تتوالي,خيبات الامل تتوالي
جو تويتر يجيب أكتئاب واله الناس كلها مهمومة,1,0,0,تويتر يجيب اكتئاب واله الناس كلها مهمومه,جو تويتر يجيب اكتئاب واله الناس كلها مهمومه
الناس شايفينى انى طالما بضحك ومبتسمة 24ساعة انى كده هطير من الفرحة ومعنديش مشاكل ومعرفش يعنى ايه حزن,1,0,0,الناس شايفيني اني طالما بضحك ومبتسمه ساعه اني كده هطير الفرحه ومعنديش مشاكل ومعرفش يعني ايه حزن,الناس شايفيني اني طالما بضحك ومبتسمه <NUM>ساعه اني كده هطير من الفرحه ومعنديش مشاكل ومعرفش يعني ايه حزن
جاني اكتئاب من الستيب,1,0,0,جاني اكتئاب الستيب,جاني اكتئاب من الستيب
اروح ابكي لين انام,1,0,0,اروح ابكي لين انام,اروح ابكي لين انام
😭 صادني اكتئاب,1,0,0,صادني اكتئاب,😭 صادني اكتئاب
اضحك واخفي حزن الايام,1,0,0,اضحك واخفي حزن الايام,اضحك واخفي حزن الايام
انا في مرحله اكتئاب متقدمه اوي,1,0,0,انا مرحله اكتئاب متقدمه اوي,انا في مرحله اكتئاب متقدمه اوي
لو كان الانتحار حلالاً ما بقيت🙂✨,1,1,0,الانتحار حلالا بقيت🙂✨,لو كان الانتحار حلالا ما بقيت🙂✨
و ما بدك يجينا اكتئاب,1,1,0,بدك يجينا اكتئاب,و ما بدك يجينا اكتئاب
كويس ان الواحد عارف ان الانتحار حرام,1,0,0,كويس الواحد عارف الانتحار حرام,كويس ان الواحد عارف ان الانتحار حرام
النهاية سبت لي اكتئاب مؤقت,1,0,0,النهايه سبت اكتئاب مؤقت,النهايه سبت لي اكتئاب مؤقت
انا عندي رهاب اجتماعي و تأتأة عالخفيف و انطوائي درجة اولى يعني حتى اقربائي اشوفهم بالاعياد بس,1,0,0,انا عندي رهاب اجتماعي تاتاه عالخفيف انطوائي درجه اولي يعني حتي اقربائي اشوفهم بالاعياد,انا عندي رهاب اجتماعي و تاتاه عالخفيف و انطوائي درجه اولي يعني حتي اقربائي اشوفهم بالاعياد بس
استاذ ابراهيم عالج الصدمه بالكتابه اختلال الانيه يقع خلفه خوف شديد وقلق وأحيانا اكتئاب اكلمك من تجربه,1,0,0,استاذ ابراهيم عالج الصدمه بالكتابه اختلال الانيه يقع خلفه خوف شديد وقلق واحيانا اكتئاب اكلمك تجربه,استاذ ابراهيم عالج الصدمه بالكتابه اختلال الانيه يقع خلفه خوف شديد وقلق واحيانا اكتئاب اكلمك من تجربه
يارب الجاي من ايامنا عوض لكل سوء وكل حزن مر على قلوبنا,1,0,0,يارب الجاي ايامنا عوض لكل سوء وكل حزن علي قلوبنا,يارب الجاي من ايامنا عوض لكل سوء وكل حزن مر علي قلوبنا
بنعمل قلق ف اي مكان❤👬,1,0,0,بنعمل قلق مكان❤👬,بنعمل قلق ف اي مكان❤👬
ليه الانتحار حرام,1,0,0,ليه الانتحار حرام,ليه الانتحار حرام
نفسي اصحي ملاقيش هاشتاجات ولا حرقة دم والاقي خلاص الدنيا اتحلت وربنا سهلها من عنده يارب انا جالي اكتئاب فوق الي عندي واله 😢💔,1,0,0,نفسي اصحي ملاقيش هاشتاجات ولا حرقه والاقي خلاص الدنيا اتحلت وربنا سهلها عنده يارب انا جالي اكتئاب فوق الي عندي واله,نفسي اصحي ملاقيش هاشتاجات ولا حرقه دم والاقي خلاص الدنيا اتحلت وربنا سهلها من عنده يارب انا جالي اكتئاب فوق الي عندي واله 😢💔
عملت كتاب مذكرات عاساس اكتب فيه اشياء تصير معي امت كبيتو لانو حرفيا حياتي روتين قاتل سببلي اكتئاب,1,0,0,عملت كتاب مذكرات عاساس اكتب فيه اشياء تصير معي امت كبيتو لانو حرفيا حياتي روتين قاتل سببلي اكتئاب,عملت كتاب مذكرات عاساس اكتب فيه اشياء تصير معي امت كبيتو لانو حرفيا حياتي روتين قاتل سببلي اكتئاب
حاس إني داخل علي اكتئاب سيكا,1,0,0,حاس اني داخل علي اكتئاب سيكا,حاس اني داخل علي اكتئاب سيكا
اكتئاب السنه الي راحت قاعد ينعاد,1,0,0,اكتئاب السنه الي راحت قاعد ينعاد,اكتئاب السنه الي راحت قاعد ينعاد
اضطراب نفسي,1,0,0,اضطراب نفسي,اضطراب نفسي
انا أكثر حدا مكتئب ممكن يخلي أي حدا مبسوط🌝😶‍🌫️,1,0,0,انا اكثر حدا مكتئب ممكن يخلي حدا مبسوط🌝😶‍🌫️,انا اكثر حدا مكتئب ممكن يخلي اي حدا مبسوط🌝😶🌫️
"✍️_x000D_
الخذلان هو اسوء شعور يمر على الانسان لانك تعلق آمالك وتوقعاتك بشخص واحد وعندما يفاجك بالخذلان تموت كل",1,0,0,الخذلان اسوء شعور يمر علي الانسان لانك تعلق امالك وتوقعاتك بشخص واحد وعندما يفاجك بالخذلان تموت,✍️_x<NUM>D_الخذلان هو اسوء شعور يمر علي الانسان لانك تعلق امالك وتوقعاتك بشخص واحد وعندما يفاجك بالخذلان تموت كل
معد اعرف الي فيني هو اكتئاب ولا انطفاء ولا نضج ولا انعدام شغف ولا تخلف ولا حاله نفسيه ولا هذي شخصيتي,1,0,0,معد اعرف الي فيني اكتئاب ولا انطفاء ولا نضج ولا انعدام شغف ولا تخلف ولا حاله نفسيه ولا هذي شخصيتي,معد اعرف الي فيني هو اكتئاب ولا انطفاء ولا نضج ولا انعدام شغف ولا تخلف ولا حاله نفسيه ولا هذي شخصيتي
كآبة كل يوم بدأت🖤,1,0,0,كابه يوم بدات🖤,كابه كل يوم بدات🖤
الذنب ذنبي انا حزين فعلا,1,0,0,الذنب ذنبي انا حزين فعلا,الذنب ذنبي انا حزين فعلا
أعاني من قلب قلق قلق جداً لحد الذي يجعل كل تلك الأمور الصغيرة عبارة عن عُقد,1,0,1,اعاني قلب قلق قلق جدا لحد الذي يجعل الامور الصغيره عباره عقد,اعاني من قلب قلق قلق جدا لحد الذي يجعل كل تلك الامور الصغيره عباره عن عقد
انا مكتئب و مستاء اعمل شنو — العب بجي,1,0,0,انا مكتئب مستاء اعمل شنو العب بجي,انا مكتئب و مستاء اعمل شنو - العب بجي
اكثر انسانه يجيها اكتئاب انا واحس بدي اموت,1,0,0,اكثر انسانه يجيها اكتئاب انا واحس بدي اموت,اكثر انسانه يجيها اكتئاب انا واحس بدي اموت
متعبة نفسيا لحد أني أشعر بالتعب الجسدي أود البكاء مثل ماكنت ابكي سابقا أود البكاء بشده ولكني لست قادره من شدة التعب,1,0,0,متعبه نفسيا لحد اني اشعر بالتعب الجسدي اود البكاء مثل ماكنت ابكي سابقا اود البكاء بشده ولكني لست قادره شده التعب,متعبه نفسيا لحد اني اشعر بالتعب الجسدي اود البكاء مثل ماكنت ابكي سابقا اود البكاء بشده ولكني لست قادره من شده التعب
"الفطور اليوم_x000D_
٥ حبات سمبوسه ٣ اكواب اكتئاب",1,0,0,الفطور اليوم حبات سمبوسه اكواب اكتئاب,الفطور اليوم_x<NUM>D_<NUM> حبات سمبوسه <NUM> اكواب اكتئاب
رمضان بيخلص وانا شايل هم اكتئاب يوم العيد باليل من دلوقتي,1,0,0,رمضان بيخلص وانا شايل اكتئاب يوم العيد باليل دلوقتي,رمضان بيخلص وانا شايل هم اكتئاب يوم العيد باليل من دلوقتي
ابكي ع ايش واخلي ايش😣😫😭,1,0,0,ابكي ايش واخلي ايش😣😫😭,ابكي ع ايش واخلي ايش😣😫😭
انا زيك ضميري يأنبني مرة من صوة الضمير صحيتهم من النوم ياكلون وانا ابكي,1,0,0,انا زيك ضميري يانبني مره صوه الضمير صحيتهم النوم ياكلون وانا ابكي,انا زيك ضميري يانبني مره من صوه الضمير صحيتهم من النوم ياكلون وانا ابكي
أنا أكثر شخص مكتئب ويضحك,1,0,0,انا اكثر شخص مكتئب ويضحك,انا اكثر شخص مكتئب ويضحك
عندنا العنصريه عالسمر اكثر اذكر شخص كان معي بالفصل كانوا يقولون له عبد كويحه اسود حر,1,0,0,عندنا العنصريه عالسمر اكثر اذكر شخص معي بالفصل كانوا يقولون عبد كويحه اسود,عندنا العنصريه عالسمر اكثر اذكر شخص كان معي بالفصل كانوا يقولون له عبد كويحه اسود حر
على الواحد معد يدري هو اكتئاب ولا انطفاء ولا نضج ولا انعدام الشغف ولا تخلف ولا حاله نفسيه ولا هذي شخصيته,1,0,0,علي الواحد معد يدري اكتئاب ولا انطفاء ولا نضج ولا انعدام الشغف ولا تخلف ولا حاله نفسيه ولا هذي شخصيته,علي الواحد معد يدري هو اكتئاب ولا انطفاء ولا نضج ولا انعدام الشغف ولا تخلف ولا حاله نفسيه ولا هذي شخصيته
الواحد قلبه مليان عتاب وزعل وحاس بكميه حزن وقهر وكأن الدنيا بحالها دايسه علي قلبه يارب بحق بركه الايام المفترجه,1,0,0,الواحد قلبه مليان عتاب وزعل وحاس بكميه حزن وقهر وكان الدنيا بحالها دايسه علي قلبه يارب بحق بركه الايام المفترجه,الواحد قلبه مليان عتاب وزعل وحاس بكميه حزن وقهر وكان الدنيا بحالها دايسه علي قلبه يارب بحق بركه الايام المفترجه
حر بالنهارملل في نص اليوم اكتئاب بليل,1,0,0,بالنهارملل اليوم اكتئاب بليل,حر بالنهارملل في نص اليوم اكتئاب بليل
إن الاكتئاب هن أبغضُ تجرُبة مرتُ بها على الإطلاق إنه انعدام تصور الشعور بالسعادة مرة أخرى وأيضاً غياب الأمل كُلي,1,0,0,الاكتئاب ابغض تجربه مرت بها علي الاطلاق انه انعدام تصور الشعور بالسعاده مره اخري وايضا غياب الامل كلي,ان الاكتئاب هن ابغض تجربه مرت بها علي الاطلاق انه انعدام تصور الشعور بالسعاده مره اخري وايضا غياب الامل كلي
"يومالجمعه_x000D_
_x000D_
فزعتكم تكفون ياأهل الخير 💔😭_x000D_
_x000D_
 المبلغ 6470 ريال _x000D_
تكفون ياأهل الخير حنا في ضيق مايعلم فيه إلا اله من ث",1,0,0,يومالجمعه فزعتكم تكفون يااهل الخير المبلغ ريال تكفون يااهل الخير حنا ضيق مايعلم فيه الا اله,يومالجمعه_x<NUM>D__x<NUM>D_فزعتكم تكفون يااهل الخير 💔😭_x<NUM>D__x<NUM>D_ المبلغ <NUM> ريال _x<NUM>D_تكفون يااهل الخير حنا في ضيق مايعلم فيه الا اله من ث
ياقلبي بنتش عندها اكتئاب مابعد الولاده لازم تراجع دكتور مختص فتره وبتعدي,1,0,0,ياقلبي بنتش عندها اكتئاب مابعد الولاده لازم تراجع دكتور مختص فتره وبتعدي,ياقلبي بنتش عندها اكتئاب مابعد الولاده لازم تراجع دكتور مختص فتره وبتعدي
معليش بس كل شيء جالس يحثنا على الإكتئاب والنفسيه والزعل والتعب الي مايخلص,1,0,0,معليش شيء جالس يحثنا علي الاكتئاب والنفسيه والزعل والتعب الي مايخلص,معليش بس كل شيء جالس يحثنا علي الاكتئاب والنفسيه والزعل والتعب الي مايخلص
يعني ف الايام الحلوه ابكي و الايام الشينه برضو ابكي ي رب اقدر اسوي كنترول لدموعي ف المواقف 😂🚶🏻‍♀️,1,0,0,يعني الايام الحلوه ابكي الايام الشينه برضو ابكي اقدر اسوي كنترول لدموعي المواقف 😂🚶🏻‍♀️,يعني ف الايام الحلوه ابكي و الايام الشينه برضو ابكي ي رب اقدر اسوي كنترول لدموعي ف المواقف 😂🚶🏻♀️
"نكد قلق يا خي قلب معدي_x000D_
وأنا ما ثق باحد غير بربعي ❤",1,1,0,نكد قلق قلب معدي وانا باحد غير بربعي,نكد قلق يا خي قلب معدي_x<NUM>D_وانا ما ثق باحد غير بربعي ❤
مايدرون اني اعاني من نوبات هلع شلون عاد الخوف🤏,1,0,0,مايدرون اني اعاني نوبات هلع شلون عاد الخوف🤏,مايدرون اني اعاني من نوبات هلع شلون عاد الخوف🤏
أشعُر بشيء يُشبه البُكاء لكنني لا أبكي,1,1,0,اشعر بشيء يشبه البكاء لكنني ابكي,اشعر بشيء يشبه البكاء لكنني لا ابكي
ياعمري هذي لو تعيش في بيتنا بيجيها اكتئاب,1,0,0,ياعمري هذي تعيش بيتنا بيجيها اكتئاب,ياعمري هذي لو تعيش في بيتنا بيجيها اكتئاب
حزين عايز ابكي اهئ اهئ اهئ,1,0,0,حزين عايز ابكي اهئ اهئ اهئ,حزين عايز ابكي اهئ اهئ اهئ
ابشرك ماخليتها بخاطري رحت قريتها من كتاب البداية والنهاية جاني اكتئاب يومين من الي قريته حسبي اله عليهم 💔,1,0,0,ابشرك ماخليتها بخاطري رحت قريتها كتاب البدايه والنهايه جاني اكتئاب يومين الي قريته حسبي اله عليهم,ابشرك ماخليتها بخاطري رحت قريتها من كتاب البدايه والنهايه جاني اكتئاب يومين من الي قريته حسبي اله عليهم 💔
لاشيء يعجبني اريد ان ابكي,1,0,0,لاشيء يعجبني اريد ابكي,لاشيء يعجبني اريد ان ابكي
نعم انا مُكتئب تشرفنا,1,0,0,نعم انا مكتئب تشرفنا,نعم انا مكتئب تشرفنا
تشتت متعب لغاية اعيشه لوحدي مابين تبلد و اكتئاب حاد و امل و حياة و زهد,1,0,0,تشتت متعب لغايه اعيشه لوحدي مابين تبلد اكتئاب حاد امل حياه زهد,تشتت متعب لغايه اعيشه لوحدي مابين تبلد و اكتئاب حاد و امل و حياه و زهد
فيني حزن مع كمية قهر ودي افقع وجه احد,1,0,0,فيني حزن كميه قهر ودي افقع وجه احد,فيني حزن مع كميه قهر ودي افقع وجه احد
"١٩ رمضانمبارك_x000D_
_x000D_
يارب أنت وحدك تعلم بما أخفيه في قلبي وتعلم بما في صدري و أعلم بأنك تسمع ضجيج قلبي و شتات أفكاري رب",1,0,0,رمضانمبارك يارب انت وحدك تعلم بما اخفيه قلبي وتعلم بما صدري اعلم بانك تسمع ضجيج قلبي شتات افكاري,<NUM><NUM> رمضانمبارك_x<NUM>D__x<NUM>D_يارب انت وحدك تعلم بما اخفيه في قلبي وتعلم بما في صدري و اعلم بانك تسمع ضجيج قلبي و شتات افكاري رب
"لا شيء يعجبني_x000D_
 أُريد أن أبكي",1,1,0,شيء يعجبني اريد ابكي,لا شيء يعجبني_x<NUM>D_ اريد ان ابكي
صار عندي هلع و خوف من اشياء كثير زي المستقبل الموت مثلا السب الرئيسي راجع لتراكمات من أحداث صارت لي بالسنوات الماضية,1,0,0,صار عندي هلع خوف اشياء كثير المستقبل الموت مثلا السب الرئيسي راجع لتراكمات احداث صارت بالسنوات الماضيه,صار عندي هلع و خوف من اشياء كثير زي المستقبل الموت مثلا السب الرئيسي راجع لتراكمات من احداث صارت لي بالسنوات الماضيه
والله تجيب اكتئاب اسف 😞,1,0,0,والله تجيب اكتئاب اسف,والله تجيب اكتئاب اسف 😞
في كل عامٍ في نفس الفترة تقريباً تأتيني أزمة اكتئاب حادة أقرر الإنتحار ثم يحدثني ذلك الصوت اللعين,1,0,0,عام نفس الفتره تقريبا تاتيني ازمه اكتئاب حاده اقرر الانتحار يحدثني الصوت اللعين,في كل عام في نفس الفتره تقريبا تاتيني ازمه اكتئاب حاده اقرر الانتحار ثم يحدثني ذلك الصوت اللعين
كانت أمي على قيد الحياة وكنتُ أنا على قيدها,1,0,0,امي علي قيد الحياه وكنت انا علي قيدها,كانت امي علي قيد الحياه وكنت انا علي قيدها
حُزن الام معدي مُهلك,1,0,0,حزن الام معدي مهلك,حزن الام معدي مهلك
الحين عشان تخش في اكتئاب لين ينزل الثاني😭,1,0,0,الحين عشان تخش اكتئاب لين ينزل الثاني😭,الحين عشان تخش في اكتئاب لين ينزل الثاني😭
اكتئاب 😩,1,0,0,اكتئاب,اكتئاب 😩
صح اكتئاب بس اذا كل البيت طالع فله,1,0,0,اكتئاب اذا البيت طالع فله,صح اكتئاب بس اذا كل البيت طالع فله
في بنت بتفكرني بنفسي من ٦سنين كده ومش عارفه ابكي علي حالي ولا علي حالها,1,0,0,بنت بتفكرني بنفسي ٦سنين كده ومش عارفه ابكي علي حالي ولا علي حالها,في بنت بتفكرني بنفسي من <NUM>سنين كده ومش عارفه ابكي علي حالي ولا علي حالها
وش حل الاكتئاب — لو كنت اعرف هقولك,1,0,0,الاكتئاب كنت اعرف هقولك,وش حل الاكتئاب - لو كنت اعرف هقولك
ورجعنا لفترة الي بتمني فيها الانتحار حاسس اني عايم مليش ملامح ,1,0,0,ورجعنا لفتره الي بتمني فيها الانتحار حاسس اني عايم مليش ملامح,ورجعنا لفتره الي بتمني فيها الانتحار حاسس اني عايم مليش ملامح
احس بمسؤولية رهيبة نحو قلوب أصدقائي يراودني قلق رهيب لما أحس ان قلب صديقي مُرهق من شيء ما,1,1,0,احس بمسؤوليه رهيبه نحو قلوب اصدقائي يراودني قلق رهيب لما احس قلب صديقي مرهق شيء,احس بمسؤوليه رهيبه نحو قلوب اصدقائي يراودني قلق رهيب لما احس ان قلب صديقي مرهق من شيء ما
من قوة التعب ابكي وكأن كل حمل الدنيا فوق راسي,1,0,0,قوه التعب ابكي وكان حمل الدنيا فوق راسي,من قوه التعب ابكي وكان كل حمل الدنيا فوق راسي
فوق كآبة مزاجي قاعده اسمع اغنيه واطيه,1,0,0,فوق كابه مزاجي قاعده اسمع اغنيه واطيه,فوق كابه مزاجي قاعده اسمع اغنيه واطيه
واله اليوم جاني نفس شعور نهاية برنامج السوق حزن على توتر اختلاط مشاعر لكن ان شاءاله مو اخر ليلة تجمعكم,1,0,0,واله اليوم جاني نفس شعور نهايه برنامج السوق حزن علي توتر اختلاط مشاعر شاءاله اخر ليله تجمعكم,واله اليوم جاني نفس شعور نهايه برنامج السوق حزن علي توتر اختلاط مشاعر لكن ان شاءاله مو اخر ليله تجمعكم
مش بذاكر علشان مكتئب ومكتئب علشان مش بذاكر ومتراكم عليا كتير مش عارف هخرج من الدايرة1 دي امتى 🤷‍♂️,1,0,0,بذاكر علشان مكتئب ومكتئب علشان بذاكر ومتراكم عليا كتير عارف هخرج الدايره امتي 🤷‍♂️,مش بذاكر علشان مكتئب ومكتئب علشان مش بذاكر ومتراكم عليا كتير مش عارف هخرج من الدايره<NUM> دي امتي 🤷♂️
محدش يعرف طريقه انتحار مدخلنيش النار,1,0,0,محدش يعرف طريقه انتحار مدخلنيش النار,محدش يعرف طريقه انتحار مدخلنيش النار
واو عزلة ورغبه بالصمت بالفعل حذفت بعض البرامج وحابه اقعد مع نفسي اكثر,1,0,0,واو عزله ورغبه بالصمت بالفعل حذفت بعض البرامج وحابه اقعد نفسي اكثر,واو عزله ورغبه بالصمت بالفعل حذفت بعض البرامج وحابه اقعد مع نفسي اكثر
اذا رحت مع امي السوق و عندي رهاب اجتماعي واخاف من الناس بعد كورونا,1,0,0,اذا رحت امي السوق عندي رهاب اجتماعي واخاف الناس كورونا,اذا رحت مع امي السوق و عندي رهاب اجتماعي واخاف من الناس بعد كورونا
"تصدقى بردو بحس إن الإجازة بتجبلى اكتئاب_x000D_
ال هو انا قاعدة فاضيه أما اقوم اكتئب شويه",1,0,0,تصدقي بردو بحس الاجازه بتجبلي اكتئاب انا قاعده فاضيه اما اقوم اكتئب شويه,تصدقي بردو بحس ان الاجازه بتجبلي اكتئاب_x<NUM>D_ال هو انا قاعده فاضيه اما اقوم اكتئب شويه
"الا بس في حال لو مريتي باكتئاب وماصار لك نفس تأكلي هناك نقول من اعراض الاكتئاب_x000D_
بس مو كل من قل شهيته صار اك",1,0,0,الا حال مريتي باكتئاب وماصار نفس تاكلي نقول اعراض الاكتئاب شهيته صار,الا بس في حال لو مريتي باكتئاب وماصار لك نفس تاكلي هناك نقول من اعراض الاكتئاب_x<NUM>D_بس مو كل من قل شهيته صار اك
ماصرنا ندري هذا اكتئاب او نضوج,1,0,0,ماصرنا ندري اكتئاب نضوج,ماصرنا ندري هذا اكتئاب او نضوج
"بعيداً عن السلبية بس فعلاً ماحب العيد _x000D_
ومن الحين شايلة هم القرف الي فية _x000D_
و المجاملات الكذابة وماحس فية اي فرحة _x000D_
ف",1,0,0,بعيدا السلبيه فعلا ماحب العيد ومن الحين شايله القرف الي فيه المجاملات الكذابه وماحس فيه فرحه,بعيدا عن السلبيه بس فعلا ماحب العيد _x<NUM>D_ومن الحين شايله هم القرف الي فيه _x<NUM>D_و المجاملات الكذابه وماحس فيه اي فرحه _x<NUM>D_ف
ه ابي ابكي صدق,1,0,0,ابي ابكي صدق,ه ابي ابكي صدق
ابكي وتسألني الدموع متى متى وقت الرجوع,1,0,0,ابكي وتسالني الدموع متي متي وقت الرجوع,ابكي وتسالني الدموع متي متي وقت الرجوع
احس رجعلي اكتئاب اول,1,0,0,احس رجعلي اكتئاب اول,احس رجعلي اكتئاب اول
التحرش مقرف جدا تخيلي تكونين مكانها وتردين بيتكم وتكونين بكميه رعب ما تنوصف ,1,1,0,التحرش مقرف جدا تخيلي تكونين مكانها وتردين بيتكم وتكونين بكميه رعب تنوصف,التحرش مقرف جدا تخيلي تكونين مكانها وتردين بيتكم وتكونين بكميه رعب ما تنوصف
اكره خريطه ابها اكتياب,1,0,0,اكره خريطه ابها اكتياب,اكره خريطه ابها اكتياب
انا عندى اكتئاب مرضي وبؤس انسانى ومفلسه وحيدة,1,0,0,انا عندي اكتئاب مرضي وبؤس انساني ومفلسه وحيده,انا عندي اكتئاب مرضي وبؤس انساني ومفلسه وحيده
 بس جالسه ابكي وش يسكتني,1,0,0,جالسه ابكي يسكتني,بس جالسه ابكي وش يسكتني
"اذا مريتي بفتره اكتئاب بتغيري تسريحه قصه لون شعرك عشان تطلعي من الاكتئاب ولا عشان تخلصي من آثار الاكتئاب _x000D_
يعني",1,0,0,اذا مريتي بفتره اكتئاب بتغيري تسريحه قصه لون شعرك عشان تطلعي الاكتئاب ولا عشان تخلصي اثار الاكتئاب يعني,اذا مريتي بفتره اكتئاب بتغيري تسريحه قصه لون شعرك عشان تطلعي من الاكتئاب ولا عشان تخلصي من اثار الاكتئاب _x<NUM>D_يعني
"وحالي يشتكي الحِرمانَ حينًا_x000D_
وحينًا يحتسي بحرَ اكتئابِ_x000D_
_x000D_
وبسخلاص",1,0,0,وحالي يشتكي الحرمان حينا وحينا يحتسي بحر اكتئاب وبسخلاص,وحالي يشتكي الحرمان حينا_x<NUM>D_وحينا يحتسي بحر اكتئاب_x<NUM>D__x<NUM>D_وبسخلاص
لحين محتار هو اكتئاب ولا انطفاء ولا نضج ولا انعدام شغف ولا حاله نفسيه ولا هذي شخصيته الفرق راحت المراهقه خلاص,1,0,0,لحين محتار اكتئاب ولا انطفاء ولا نضج ولا انعدام شغف ولا حاله نفسيه ولا هذي شخصيته الفرق راحت المراهقه خلاص,لحين محتار هو اكتئاب ولا انطفاء ولا نضج ولا انعدام شغف ولا حاله نفسيه ولا هذي شخصيته الفرق راحت المراهقه خلاص
يارب تعدي هالأيام على خير فيني كآبه والجو كئيب اعوذ بالله 😞💔,1,0,0,يارب تعدي هالايام علي خير فيني كابه والجو كئيب اعوذ بالله,يارب تعدي هالايام علي خير فيني كابه والجو كئيب اعوذ بالله 😞💔
خلصت علبه ميل فاي علشان حسبه ب حبه اكتئاب و قولت ممكن يساعد بس مساعدش و زعلت انه خلص 🙂,1,0,0,خلصت علبه ميل فاي علشان حسبه حبه اكتئاب قولت ممكن يساعد مساعدش زعلت انه خلص,خلصت علبه ميل فاي علشان حسبه ب حبه اكتئاب و قولت ممكن يساعد بس مساعدش و زعلت انه خلص 🙂
مكتئب يا الله خلاص,1,0,0,مكتئب الله خلاص,مكتئب يا الله خلاص
و إنما المحزن أني لست دائماً هادئاً فمتى خلوت الى نفسي شعرت بأني قَلِق,1,0,0,انما المحزن اني لست دائما هادئا فمتي خلوت الي نفسي شعرت باني قلق,و انما المحزن اني لست دائما هادئا فمتي خلوت الي نفسي شعرت باني قلق
رگعتني موجة اكتئاب فضيعة 🥲,1,0,0,رگعتني موجه اكتئاب فضيعه,رگعتني موجه اكتئاب فضيعه 🥲
"ثقل الاكتئاب يسحقني_x000D_
لا أعلم إلي متي الصمود_x000D_
اكتئاب",1,1,0,ثقل الاكتئاب يسحقني اعلم الي متي الصمود اكتئاب,ثقل الاكتئاب يسحقني_x<NUM>D_لا اعلم الي متي الصمود_x<NUM>D_اكتئاب
م اقدر اقول ل اهلي انه فيني رهاب اجتماعي لاني قاعده امثل لهم اني اجتماعيه و اصلاً استحي,1,0,0,اقدر اقول اهلي انه فيني رهاب اجتماعي لاني قاعده امثل لهم اني اجتماعيه اصلا استحي,م اقدر اقول ل اهلي انه فيني رهاب اجتماعي لاني قاعده امثل لهم اني اجتماعيه و اصلا استحي
حلقات كونان اليوم اكتئاب حزن😢,1,0,0,حلقات كونان اليوم اكتئاب حزن😢,حلقات كونان اليوم اكتئاب حزن😢
"حزن الفقير والدمع بعيون الأيتام _x000D_
على كثر ماني شجاع تهزمني",1,0,0,حزن الفقير والدمع بعيون الايتام علي كثر ماني شجاع تهزمني,حزن الفقير والدمع بعيون الايتام _x<NUM>D_علي كثر ماني شجاع تهزمني
طريقة انتحار حلال🚶‍♀️,1,0,0,طريقه انتحار حلال🚶‍♀️,طريقه انتحار حلال🚶♀️
طريقه انسحب بيها من الدنيا كلها من غير انتحار جاري البحث,1,1,0,طريقه انسحب بيها الدنيا كلها غير انتحار جاري البحث,طريقه انسحب بيها من الدنيا كلها من غير انتحار جاري البحث
كمية اكتئاب غير طبيعية,1,1,0,كميه اكتئاب غير طبيعيه,كميه اكتئاب غير طبيعيه
واله الصيف هو الى بيجيب اكتئاب مش الشتا خالص,1,0,0,واله الصيف الي بيجيب اكتئاب الشتا خالص,واله الصيف هو الي بيجيب اكتئاب مش الشتا خالص
والله دكتوري زعلان يقول عدلي نومك نامي قبل ١٢ عشان ترتب أمورك مستحيه اعلمه اني خربطت نومي أكثر وصرت اكتر كآبه,1,0,0,والله دكتوري زعلان يقول عدلي نومك نامي عشان ترتب امورك مستحيه اعلمه اني خربطت نومي اكثر وصرت اكتر كابه,والله دكتوري زعلان يقول عدلي نومك نامي قبل <NUM><NUM> عشان ترتب امورك مستحيه اعلمه اني خربطت نومي اكثر وصرت اكتر كابه
وين حب واله اكتئاب,1,0,0,وين واله اكتئاب,وين حب واله اكتئاب
ركبتني كأبه من قعده الحوش 😩,1,0,0,ركبتني كابه قعده الحوش,ركبتني كابه من قعده الحوش 😩
بداخلي حُزن لايحكى بل يبكى,1,0,0,بداخلي حزن لايحكي يبكي,بداخلي حزن لايحكي بل يبكي
قلبي الحزين امتى هيفرح,1,0,0,قلبي الحزين امتي هيفرح,قلبي الحزين امتي هيفرح
أكرهكَ لأنَك جعلتني أبكي بصوتٍ خفي خوفاً من أن يسمعني شامت لطالما كُنتُ أرد له أنك مختلِف,1,0,0,اكرهك لانك جعلتني ابكي بصوت خفي خوفا يسمعني شامت لطالما كنت ارد انك مختلف,اكرهك لانك جعلتني ابكي بصوت خفي خوفا من ان يسمعني شامت لطالما كنت ارد له انك مختلف
إيه الكآبة دي يقدعان بيت ينئط كآبة,1,0,0,ايه الكابه يقدعان بيت ينئط كابه,ايه الكابه دي يقدعان بيت ينئط كابه
تويتر صاير يضيق الخلق ولا أنا صاكني إكتئاب,1,0,0,تويتر صاير يضيق الخلق ولا انا صاكني اكتئاب,تويتر صاير يضيق الخلق ولا انا صاكني اكتئاب
"ولازلت ابكي دم 💔_x000D_
واه بس",1,0,0,ولازلت ابكي واه,ولازلت ابكي دم 💔_x<NUM>D_واه بس
إنهُ من المرهق أن تملك قلباً قلِق لهذا الحد,1,0,0,انه المرهق تملك قلبا قلق لهذا الحد,انه من المرهق ان تملك قلبا قلق لهذا الحد
وأدركتُ كم أنّي وحيدة,1,0,0,وادركت اني وحيده,وادركت كم اني وحيده
بس خلاص الوضع كآبه 😫,1,0,0,خلاص الوضع كابه,بس خلاص الوضع كابه 😫
حتى انتِ كمان حزن كوني بخير بشتاق لك☹,1,0,0,حتي انت كمان حزن كوني بخير بشتاق لك☹,حتي انت كمان حزن كوني بخير بشتاق لك☹
اكتئاب حاد او حزن شديد او تبلد طبعاً بدون استخفاف بالناس المصابة فعلاً عسى الله يسهل عليهم كل عُسر ف مو اي لحظة,1,1,0,اكتئاب حاد حزن شديد تبلد طبعا بدون استخفاف بالناس المصابه فعلا عسي الله يسهل عليهم عسر لحظه,اكتئاب حاد او حزن شديد او تبلد طبعا بدون استخفاف بالناس المصابه فعلا عسي الله يسهل عليهم كل عسر ف مو اي لحظه
"وإني أفتقد النّسخة القديمة من نفسي رُغم أنها كانت أغبى وأجهل لكني كنت سعيداً معها_x000D_
_x000D_
عبارات حزن عزله وحده",1,0,0,واني افتقد النسخه القديمه نفسي رغم انها اغبي واجهل لكني كنت سعيدا معها عبارات حزن عزله وحده,واني افتقد النسخه القديمه من نفسي رغم انها كانت اغبي واجهل لكني كنت سعيدا معها_x<NUM>D__x<NUM>D_عبارات حزن عزله وحده
انا مبقاش عندي اصحاب انا بقيت وحيدة اوي,1,0,0,انا مبقاش عندي اصحاب انا بقيت وحيده اوي,انا مبقاش عندي اصحاب انا بقيت وحيده اوي
غصب عنَّي حِزن صوتك هاجني,1,0,0,غصب عني حزن صوتك هاجني,غصب عني حزن صوتك هاجني
لا أعرفُ السر لكنني أعرف الخوف الذي يُجرد المرء من ذاتِه ويعتليه، يبقى مكومًا بكل هذا الأسى والتفكير الذي يغرقنا بدوّامتِه اللا نهائية,1,1,0,اعرف السر لكنني اعرف الخوف الذي يجرد المرء ذاته ويعتليه، يبقي مكوما بكل الاسي والتفكير الذي يغرقنا بدوامته اللا نهائيه,لا اعرف السر لكنني اعرف الخوف الذي يجرد المرء من ذاته ويعتليه، يبقي مكوما بكل هذا الاسي والتفكير الذي يغرقنا بدوامته اللا نهائيه
نحتاج عُزله مع الشخص المناسب,1,0,0,نحتاج عزله الشخص المناسب,نحتاج عزله مع الشخص المناسب
كمية اكتئاب من حيث لا احتسب,1,1,0,كميه اكتئاب حيث احتسب,كميه اكتئاب من حيث لا احتسب
انا قررت اقصو لمن كنت في بداية اكتئاب ف ممكن يكون ايوه فيهو حاجه صح كلامك,1,0,0,انا قررت اقصو لمن كنت بدايه اكتئاب ممكن ايوه فيهو حاجه كلامك,انا قررت اقصو لمن كنت في بدايه اكتئاب ف ممكن يكون ايوه فيهو حاجه صح كلامك
فيه حاجات تاني بتجيب اكتئاب زي قله الفلوس مثلا وما يترتب عليها,1,0,0,فيه حاجات تاني بتجيب اكتئاب قله الفلوس مثلا وما يترتب عليها,فيه حاجات تاني بتجيب اكتئاب زي قله الفلوس مثلا وما يترتب عليها
زعلان متضايق مخنوق مكتئب ,1,0,0,زعلان متضايق مخنوق مكتئب,زعلان متضايق مخنوق مكتئب
ف كان الحل طبيب نفسي,1,0,0,الحل طبيب نفسي,ف كان الحل طبيب نفسي
بقيت لوحدي ماجملها من عزله,1,0,0,بقيت لوحدي ماجملها عزله,بقيت لوحدي ماجملها من عزله
ايش اسم الاكتئاب ما فوق الحاد عشان حيكون صايبني بعد الحرب,1,1,0,ايش اسم الاكتئاب فوق الحاد عشان حيكون صايبني الحرب,ايش اسم الاكتئاب ما فوق الحاد عشان حيكون صايبني بعد الحرب
"ولا هيحصل حاجة _x000D_
هيجيلك اكتئاب بس 😂",1,0,0,ولا هيحصل حاجه هيجيلك اكتئاب,ولا هيحصل حاجه _x<NUM>D_هيجيلك اكتئاب بس 😂
اخ حزن حزن💔,1,0,0,حزن حزن💔,اخ حزن حزن💔
أنا أعيل ثلاثة بيوت بيت الأبوي المصاب بالزهايمر ومقعد منذ ثلاثة أعوام وبيتي وبيت أخي المصاب بمرض نفسي ا,1,0,0,انا اعيل ثلاثه بيوت بيت الابوي المصاب بالزهايمر ومقعد منذ ثلاثه اعوام وبيتي وبيت اخي المصاب بمرض نفسي,انا اعيل ثلاثه بيوت بيت الابوي المصاب بالزهايمر ومقعد منذ ثلاثه اعوام وبيتي وبيت اخي المصاب بمرض نفسي ا
أنا انتحرت والانتحار مش إنك تموت الانتحار إنك تبقى مش عارف تقاوم مش عارف تكمل مش عارف تاخد قرار ,1,0,0,انا انتحرت والانتحار انك تموت الانتحار انك تبقي عارف تقاوم عارف تكمل عارف تاخد قرار,انا انتحرت والانتحار مش انك تموت الانتحار انك تبقي مش عارف تقاوم مش عارف تكمل مش عارف تاخد قرار
ادري ان الانتحار حرام بس بوضعي ذا حلال,1,0,0,ادري الانتحار حرام بوضعي حلال,ادري ان الانتحار حرام بس بوضعي ذا حلال
انا بقلق وبتوتر من اقل حاجة,1,0,0,انا بقلق وبتوتر اقل حاجه,انا بقلق وبتوتر من اقل حاجه
"قلق_x000D_
اكتئاب_x000D_
اضطرابات نوم",1,0,0,قلق اكتئاب اضطرابات نوم,قلق_x<NUM>D_اكتئاب_x<NUM>D_اضطرابات نوم
احس ابغى ابكي كثير 😩,1,0,0,احس ابغي ابكي كثير,احس ابغي ابكي كثير 😩
هو ازاى البيت موحشنيش بجد و لا الى فيه حتى و اول ما دخلتوا حسيت ب اكتئاب و انطفيت كدا يا رب عدى الفتره دى بسرعه عشان النفسيه مش ناقصه ضغط,1,1,0,ازاي البيت موحشنيش بجد الي فيه حتي اول دخلتوا حسيت اكتئاب انطفيت كدا عدي الفتره بسرعه عشان النفسيه ناقصه ضغط,هو ازاي البيت موحشنيش بجد و لا الي فيه حتي و اول ما دخلتوا حسيت ب اكتئاب و انطفيت كدا يا رب عدي الفتره دي بسرعه عشان النفسيه مش ناقصه ضغط
و قال ايه كنت مقطع نفسي حزن و اكتئاب على معزة بنت لبوة اخرها ملك يمين لأمير سعودي تقعد تصورله صور مبينة كسها تحت البنطلون,1,0,0,قال ايه كنت مقطع نفسي حزن اكتئاب علي معزه بنت لبوه اخرها ملك يمين لامير سعودي تقعد تصورله صور مبينه كسها تحت البنطلون,و قال ايه كنت مقطع نفسي حزن و اكتئاب علي معزه بنت لبوه اخرها ملك يمين لامير سعودي تقعد تصورله صور مبينه كسها تحت البنطلون
ماتدرو قديش قاعده ابكي وارجف بسب اهلي الي مايستحقو كلمة اهل💔,1,0,0,ماتدرو قديش قاعده ابكي وارجف بسب اهلي الي مايستحقو كلمه اهل💔,ماتدرو قديش قاعده ابكي وارجف بسب اهلي الي مايستحقو كلمه اهل💔
لي كم شهر احاول الاقي موعد عند سيكاتريست زي العالم قعدت طول اليل صاحية وسافرت ٣ ساعات عشان في الاخير تقولي مسافر,1,0,0,شهر احاول الاقي موعد سيكاتريست العالم قعدت طول اليل صاحيه وسافرت ساعات عشان الاخير تقولي مسافر,لي كم شهر احاول الاقي موعد عند سيكاتريست زي العالم قعدت طول اليل صاحيه وسافرت <NUM> ساعات عشان في الاخير تقولي مسافر
و اله الواحد ما يدري اهو اكتئاب و لا انطفاء و لا نضج و لا انعدام الشغف و لا تخلف و لا حاله نفسيه و لا هذي شخصيته,1,1,0,اله الواحد يدري اهو اكتئاب انطفاء نضج انعدام الشغف تخلف حاله نفسيه هذي شخصيته,و اله الواحد ما يدري اهو اكتئاب و لا انطفاء و لا نضج و لا انعدام الشغف و لا تخلف و لا حاله نفسيه و لا هذي شخصيته
الي جاله اكتئاب من اناشيدهم يصف جنبي 😓🥲 ياعلي,1,0,0,الي جاله اكتئاب اناشيدهم يصف جنبي ياعلي,الي جاله اكتئاب من اناشيدهم يصف جنبي 😓🥲 ياعلي
وانا لمن ابكي ما اسكت اليوم كله اجلس ابكي 😖,1,1,0,وانا لمن ابكي اسكت اليوم كله اجلس ابكي,وانا لمن ابكي ما اسكت اليوم كله اجلس ابكي 😖
حزن😭,1,0,0,حزن😭,حزن😭
بعد اكتئاب فوق السنة ومحد داري عني لا ام لا اب لا اخ لا اخت لاصديق ولا أي بشر بعد ٧٠ طعنة و٥٠ تنازل,1,1,0,اكتئاب فوق السنه ومحد داري عني اخت لاصديق ولا بشر طعنه و٥٠ تنازل,بعد اكتئاب فوق السنه ومحد داري عني لا ام لا اب لا اخ لا اخت لاصديق ولا اي بشر بعد <NUM><NUM> طعنه و<NUM><NUM> تنازل
هُناك حُزن عميق بداخلي لن يفهمه أحد ابداً 💔,1,1,0,حزن عميق بداخلي يفهمه احد ابدا,هناك حزن عميق بداخلي لن يفهمه احد ابدا 💔
لم تكن أول مرةٍ أبكي فيها ولكني بكيت بشكل مفرط ولم أستطع التوقف بدت دموعي كأنها لا تنتهي شعرتُ أني فقدتُ شيئ,1,1,0,تكن اول مره ابكي فيها ولكني بكيت بشكل مفرط ولم استطع التوقف بدت دموعي كانها تنتهي شعرت اني فقدت شيئ,لم تكن اول مره ابكي فيها ولكني بكيت بشكل مفرط ولم استطع التوقف بدت دموعي كانها لا تنتهي شعرت اني فقدت شيئ
ميت علي قيد الحياة,1,0,0,ميت علي قيد الحياه,ميت علي قيد الحياه
شعور هائل بالفراغ لم اعد اشعر برغبه لفعل شيء اصبح الامر غير مستساغ روحي ذبلت لست بحي.,1,1,0,شعور هائل بالفراغ اعد اشعر برغبه لفعل شيء اصبح الامر غير مستساغ روحي ذبلت لست بحي,شعور هائل بالفراغ لم اعد اشعر برغبه لفعل شيء اصبح الامر غير مستساغ روحي ذبلت لست بحي.
تحس ان فيه غيمة كآبة مضلة على الكل محدش له نفس لأي حاجة,1,0,0,تحس فيه غيمه كابه مضله علي الكل محدش نفس لاي حاجه,تحس ان فيه غيمه كابه مضله علي الكل محدش له نفس لاي حاجه
كمية كأبه,1,0,0,كميه كابه,كميه كابه
مابالك بقي بفقدان شغف يصطحبه اكتئاب,1,0,0,مابالك بقي بفقدان شغف يصطحبه اكتئاب,مابالك بقي بفقدان شغف يصطحبه اكتئاب
الحمدلله اني كل يوم بقاوم رغبتي ف الانتحار بس الي خايفه منو ان يجي يوم و مقدرش اقاوم,1,0,0,الحمدلله اني يوم بقاوم رغبتي الانتحار الي خايفه منو يجي يوم مقدرش اقاوم,الحمدلله اني كل يوم بقاوم رغبتي ف الانتحار بس الي خايفه منو ان يجي يوم و مقدرش اقاوم
اكتئاب ما قبل الباطنه أصلها تفرق,1,1,0,اكتئاب الباطنه اصلها تفرق,اكتئاب ما قبل الباطنه اصلها تفرق
كأبه💔,1,0,0,كابه💔,كابه💔
فيني كآبه مو طبيعيه 💔,1,0,0,فيني كابه طبيعيه,فيني كابه مو طبيعيه 💔
شدخل اكتئاي بالعكس بيجينا اكتئاب من الحر والكتمه,1,0,0,شدخل اكتئاي بالعكس بيجينا اكتئاب الحر والكتمه,شدخل اكتئاي بالعكس بيجينا اكتئاب من الحر والكتمه
هذا الألم تمكن مني,1,0,0,الالم تمكن مني,هذا الالم تمكن مني
اكتئاب ما بعد الساعه ١٢,1,1,0,اكتئاب الساعه,اكتئاب ما بعد الساعه <NUM><NUM>
لم يكن صمتاً ، كان بُكاءً دون صوت,1,1,0,يكن صمتا بكاء دون صوت,لم يكن صمتا ، كان بكاء دون صوت
وصلت ل مبقتش عارفه دا اكتئاب ولا دا انطفاء ولا دا انا كدا فى حالتى العادية اصلاً,1,0,0,وصلت مبقتش عارفه اكتئاب ولا انطفاء ولا انا كدا حالتي العاديه اصلا,وصلت ل مبقتش عارفه دا اكتئاب ولا دا انطفاء ولا دا انا كدا في حالتي العاديه اصلا
شعور ب نقص العاطفي حزن داخلي تحس قلبك فيه غصه فراغ عاطفي تعلق ب الماضي ,1,0,0,شعور نقص العاطفي حزن داخلي تحس قلبك فيه غصه فراغ عاطفي تعلق الماضي,شعور ب نقص العاطفي حزن داخلي تحس قلبك فيه غصه فراغ عاطفي تعلق ب الماضي
اتشخصت اكتئاب انفعالي حاد,1,0,0,اتشخصت اكتئاب انفعالي حاد,اتشخصت اكتئاب انفعالي حاد
أنا مو موجودة غارقة في الوحدة أحب دائمآ بقوة ولا يعود لي هذا الحب بالمقابل 😔💔,1,0,0,انا موجوده غارقه الوحده احب دائما بقوه ولا يعود الحب بالمقابل,انا مو موجوده غارقه في الوحده احب دائما بقوه ولا يعود لي هذا الحب بالمقابل 😔💔
تدرون ايش لو ماقدر اشوفه منجد مافي شي بيسكتني وقتها اقسم بالله اكتئاب مابعده اكتئاب,1,0,0,تدرون ايش ماقدر اشوفه منجد مافي بيسكتني وقتها اقسم بالله اكتئاب مابعده اكتئاب,تدرون ايش لو ماقدر اشوفه منجد مافي شي بيسكتني وقتها اقسم بالله اكتئاب مابعده اكتئاب
انا قاعده افكر بالقطوة ذي شكان اسمها وهل مات عندهم وتايلور جاها اكتئاب او اتبناها احد ثاني او هي مب قطوتهم اصلا,1,0,0,انا قاعده افكر بالقطوه شكان اسمها وهل مات عندهم وتايلور جاها اكتئاب اتبناها احد ثاني قطوتهم اصلا,انا قاعده افكر بالقطوه ذي شكان اسمها وهل مات عندهم وتايلور جاها اكتئاب او اتبناها احد ثاني او هي مب قطوتهم اصلا
اعتقد انه كان صمت مقهور عشان الجامعة والا صمت صدمة والا صمت اكتئاب مزمن 🙂😭,1,0,0,اعتقد انه صمت مقهور عشان الجامعه والا صمت صدمه والا صمت اكتئاب مزمن,اعتقد انه كان صمت مقهور عشان الجامعه والا صمت صدمه والا صمت اكتئاب مزمن 🙂😭
ادعي لي اموت لأني اكثر من ١٠ سنوات اتحمل آلام مجنونة ما خليت دولة ما رحتها و ما خليت عملية ما سويتها,1,1,0,ادعي اموت لاني اكثر سنوات اتحمل الام مجنونه خليت دوله رحتها خليت عمليه سويتها,ادعي لي اموت لاني اكثر من <NUM><NUM> سنوات اتحمل الام مجنونه ما خليت دوله ما رحتها و ما خليت عمليه ما سويتها
داهمني اكتئاب شديد بشكل مفاجئ مهد لي شوي طيب,1,0,0,داهمني اكتئاب شديد بشكل مفاجئ مهد شوي طيب,داهمني اكتئاب شديد بشكل مفاجئ مهد لي شوي طيب
من حسن حظي انك شخصي ومن حزن حظي انك بعيد🫀,1,0,0,حسن حظي انك شخصي ومن حزن حظي انك بعيد🫀,من حسن حظي انك شخصي ومن حزن حظي انك بعيد🫀
الف شعور بين حزن و وحده كأبه خنقه وضيقة تعاسه وفراغ ولامبالاة وانعدام شعور انتهاء رغبة الف شعور وانا شخص واحد كيف بتحمل كل ذا لحالي,1,0,0,الف شعور حزن وحده كابه خنقه وضيقه تعاسه وفراغ ولامبالاه وانعدام شعور انتهاء رغبه الف شعور وانا شخص واحد بتحمل لحالي,الف شعور بين حزن و وحده كابه خنقه وضيقه تعاسه وفراغ ولامبالاه وانعدام شعور انتهاء رغبه الف شعور وانا شخص واحد كيف بتحمل كل ذا لحالي
طبيعي لاتقلقي خذي دواء اكتئاب ولاتدمني عليه وحافظي عالاكل وانسي,1,0,0,طبيعي لاتقلقي خذي دواء اكتئاب ولاتدمني عليه وحافظي عالاكل وانسي,طبيعي لاتقلقي خذي دواء اكتئاب ولاتدمني عليه وحافظي عالاكل وانسي
وفاة الأب كسر لِقلب ابنته طول العمر ربي ارحم من مات بالدنيا ولم يمت في قلبي هو فقيدي واطهر قلب ذهب بلاعوده فليجبُر,1,0,0,وفاه الاب كسر لقلب ابنته طول العمر ربي ارحم مات بالدنيا ولم يمت قلبي فقيدي واطهر قلب ذهب بلاعوده فليجبر,وفاه الاب كسر لقلب ابنته طول العمر ربي ارحم من مات بالدنيا ولم يمت في قلبي هو فقيدي واطهر قلب ذهب بلاعوده فليجبر
"اضحك وفيني لمواجع مقابر _x000D_
ابكي وضحكي ذنب والدمع تكفير",1,0,0,اضحك وفيني لمواجع مقابر ابكي وضحكي ذنب والدمع تكفير,اضحك وفيني لمواجع مقابر _x<NUM>D_ابكي وضحكي ذنب والدمع تكفير
زي النهارده من سنتين كنت اسعد انسان في الكون كله كنت راجع ببكي من الفرحه زي النهارده من سنتين كانت اخر مره افرح  ,1,0,0,النهارده سنتين كنت اسعد انسان الكون كله كنت راجع ببكي الفرحه النهارده سنتين اخر مره افرح,زي النهارده من سنتين كنت اسعد انسان في الكون كله كنت راجع ببكي من الفرحه زي النهارده من سنتين كانت اخر مره افرح
مفيش حاجه جابتلي الاكتئاب والتوحد غير تويتر,1,1,0,مفيش حاجه جابتلي الاكتئاب والتوحد غير تويتر,مفيش حاجه جابتلي الاكتئاب والتوحد غير تويتر
لما اكون مش قادرة اقوم من السرير بعرف ان في نوبة اكتئاب في الطريق,1,0,0,لما اكون قادره اقوم السرير بعرف نوبه اكتئاب الطريق,لما اكون مش قادره اقوم من السرير بعرف ان في نوبه اكتئاب في الطريق
طاقه كآبه وخمول بدايه تعب وصداع,1,0,0,طاقه كابه وخمول بدايه تعب وصداع,طاقه كابه وخمول بدايه تعب وصداع
لأسف فقدت خبرتي بالخرفنة صرت اتأمل الحلوين وادخل بحالة اكتئاب 🥺,1,0,0,لاسف فقدت خبرتي بالخرفنه صرت اتامل الحلوين وادخل بحاله اكتئاب,لاسف فقدت خبرتي بالخرفنه صرت اتامل الحلوين وادخل بحاله اكتئاب 🥺
بيدي كآبة حياتي لذلك لا تسألني عن كآبتي فأنا احب حياتي هكذا,1,1,0,بيدي كابه حياتي تسالني كابتي فانا احب حياتي هكذا,بيدي كابه حياتي لذلك لا تسالني عن كابتي فانا احب حياتي هكذا
أنا حَزين يا الله، هَل تسمعني؟.. أنا حَزين وحُزني أكبرُ مِن مُجَرَّد عِلاقات اِنتهت رُغماً عَنّي، أو خُذلان لم أتوَقَّعه وحَدث، حَزين وأُُقسِم أن الأمر أعمَق مِن أحلامٍ لم تتحَقَّق أو حَياة باهِتة لم أختارها، .حَزين دون سَبب واضِح ولا أعلَم السَبب الحَقيقي وراء حُزني، رُبّما,1,1,0,انا حزين الله، تسمعني؟ انا حزين وحزني اكبر مجرد علاقات انتهت رغما عني، خذلان اتوقعه وحدث، حزين واقسم الامر اعمق احلام تتحقق حياه باهته اختارها، حزين دون سبب واضح ولا اعلم السبب الحقيقي وراء حزني، ربما,انا حزين يا الله، هل تسمعني؟.. انا حزين وحزني اكبر من مجرد علاقات انتهت رغما عني، او خذلان لم اتوقعه وحدث، حزين واقسم ان الامر اعمق من احلام لم تتحقق او حياه باهته لم اختارها، .حزين دون سبب واضح ولا اعلم السبب الحقيقي وراء حزني، ربما
انا حزين جدآ عشان مفيش حاجة اتمنتها و اتحققت,1,0,0,انا حزين جدا عشان مفيش حاجه اتمنتها اتحققت,انا حزين جدا عشان مفيش حاجه اتمنتها و اتحققت
مدري ابكي ولا اضحك خلاص تعبت😭,1,0,0,مدري ابكي ولا اضحك خلاص تعبت😭,مدري ابكي ولا اضحك خلاص تعبت😭
و اله ما عارف إلى انا فيه دا اكتئاب ولا انطفاء ولا نضج ولا وحده ولا توحد ولا,1,1,0,اله عارف الي انا فيه اكتئاب ولا انطفاء ولا نضج ولا وحده ولا توحد ولا,و اله ما عارف الي انا فيه دا اكتئاب ولا انطفاء ولا نضج ولا وحده ولا توحد ولا
رجعولي حَياتي قبل اربع سنين ولن اشكي ولن ابكي والله 🥺,1,0,0,رجعولي حياتي اربع سنين ولن اشكي ولن ابكي والله,رجعولي حياتي قبل اربع سنين ولن اشكي ولن ابكي والله 🥺
دائمًا ما أتساءل عن حجم الأسى الذي أشعر به على نفسي جراء الخيبات التي خضتها في حياتي إلى الآن، وإلى أي حد من القسوة كانت لتجعلني شخصًا مترددًا هكذا.. لا يخوض المحاولات، لا يشارك بأي معركة، ويتقبل فكرة الخسارة، شخص يجيد ترك كل شيء على حاله.. بفوضوية.. ويهرب!,1,1,0,دائما اتساءل حجم الاسي الذي اشعر علي نفسي جراء الخيبات التي خضتها حياتي الي الان، والي القسوه لتجعلني شخصا مترددا هكذا يخوض المحاولات، يشارك باي معركه، ويتقبل فكره الخساره، شخص يجيد ترك شيء علي حاله بفوضويه ويهرب,دائما ما اتساءل عن حجم الاسي الذي اشعر به علي نفسي جراء الخيبات التي خضتها في حياتي الي الان، والي اي حد من القسوه كانت لتجعلني شخصا مترددا هكذا.. لا يخوض المحاولات، لا يشارك باي معركه، ويتقبل فكره الخساره، شخص يجيد ترك كل شيء علي حاله.. بفوضويه.. ويهرب!
انا عندي هلع,1,0,0,انا عندي هلع,انا عندي هلع
مو اكتئاب حزين بس,1,0,0,اكتئاب حزين,مو اكتئاب حزين بس
اكتئاب ايه ده الي الساعه ٦ الصبح,1,0,0,اكتئاب ايه الي الساعه الصبح,اكتئاب ايه ده الي الساعه <NUM> الصبح
انا ضد حرية الرأي ودايم اقولكم يعني قبل شوي شفت واحد يقول احس الي عندهم اكتئاب هوت نعم,1,0,0,انا حريه الراي ودايم اقولكم يعني شوي شفت واحد يقول احس الي عندهم اكتئاب هوت نعم,انا ضد حريه الراي ودايم اقولكم يعني قبل شوي شفت واحد يقول احس الي عندهم اكتئاب هوت نعم
واله ياجماعه مدري ايش اقول بس فعلاً اكتئاب,1,0,0,واله ياجماعه مدري ايش اقول فعلا اكتئاب,واله ياجماعه مدري ايش اقول بس فعلا اكتئاب
انا ليه اى دوا بيتكتبلى لازم يكون بيسب اضطرابات نفسية او اكتئاب و رغبة فى الانتحار هل مكن دى مؤامرة من الدكاترة عليا,1,0,0,انا ليه دوا بيتكتبلي لازم بيسب اضطرابات نفسيه اكتئاب رغبه الانتحار مكن مؤامره الدكاتره عليا,انا ليه اي دوا بيتكتبلي لازم يكون بيسب اضطرابات نفسيه او اكتئاب و رغبه في الانتحار هل مكن دي مؤامره من الدكاتره عليا
بغير الافتار احسني مكتئب,1,0,0,بغير الافتار احسني مكتئب,بغير الافتار احسني مكتئب
اخلاقي ذي الأيام ↙️↙️↙️ يا رب يخلص رمضان بسرعه قبل ادخل في اكتئاب شديد,1,0,0,اخلاقي الايام ↙️↙️↙️ يخلص رمضان بسرعه ادخل اكتئاب شديد,اخلاقي ذي الايام ↙️↙️↙️ يا رب يخلص رمضان بسرعه قبل ادخل في اكتئاب شديد
بوستات الكرونا بدأت تطلع ف التايم لاين تاتي والي هو الواحد لسه خارج من مود اكتئاب ومفيش حيل يدخل تاني 🤣,1,0,0,بوستات الكرونا بدات تطلع التايم لاين تاتي والي الواحد لسه خارج مود اكتئاب ومفيش حيل يدخل تاني,بوستات الكرونا بدات تطلع ف التايم لاين تاتي والي هو الواحد لسه خارج من مود اكتئاب ومفيش حيل يدخل تاني 🤣
المشكله ان الانتحار حرام,1,0,0,المشكله الانتحار حرام,المشكله ان الانتحار حرام
طب كلكم منهنهين مع مشاهد حياة و صافي و انا اكلة هم حلقة اخيرة خايفة يدخل الحبس و يكتشف انها نقيب و يبعتلها حدا من م,1,0,0,كلكم منهنهين مشاهد حياه صافي انا اكله حلقه اخيره خايفه يدخل الحبس يكتشف انها نقيب يبعتلها حدا,طب كلكم منهنهين مع مشاهد حياه و صافي و انا اكله هم حلقه اخيره خايفه يدخل الحبس و يكتشف انها نقيب و يبعتلها حدا من م
بالضبط اشوفها تستنزف المشاعر كل ماطولت زيادة وهي سرية ومعها قلق وتوتر وخوف,1,0,0,بالضبط اشوفها تستنزف المشاعر ماطولت زياده وهي سريه ومعها قلق وتوتر وخوف,بالضبط اشوفها تستنزف المشاعر كل ماطولت زياده وهي سريه ومعها قلق وتوتر وخوف
الواحد يدخل تويتر ما يطيق نفسه ويبي يترفه شوي وينبسط لكن يجيه اكتئاب زياده اله يعين,1,1,0,الواحد يدخل تويتر يطيق نفسه ويبي يترفه شوي وينبسط يجيه اكتئاب زياده اله يعين,الواحد يدخل تويتر ما يطيق نفسه ويبي يترفه شوي وينبسط لكن يجيه اكتئاب زياده اله يعين
إن كِانَ الانِتحَار بجَسديِ محَرم فإنَ دَاخليَ قدِ رمىَ نفَسه إلى الَهاويةِ منذُ زِمنِ,1,0,0,الانتحار بجسدي محرم فان داخلي رمي نفسه الي الهاويه منذ زمن,ان كان الانتحار بجسدي محرم فان داخلي قد رمي نفسه الي الهاويه منذ زمن
وذاك اليوم اقول فترة الظهر خلاص ليش ما اصارح نفسي ان الاكتئاب فيني موجود بكل وقت,1,1,0,وذاك اليوم اقول فتره الظهر خلاص ليش اصارح نفسي الاكتئاب فيني موجود بكل وقت,وذاك اليوم اقول فتره الظهر خلاص ليش ما اصارح نفسي ان الاكتئاب فيني موجود بكل وقت
فكرة الانتحا ر عالقة براسي اربع و عشرين زق مع اني عارفة و عقلي عارف ان مافيه طريقة قريبة مني حاليا ,1,0,0,فكره الانتحا عالقه براسي اربع عشرين اني عارفه عقلي عارف مافيه طريقه قريبه مني حاليا,فكره الانتحا ر عالقه براسي اربع و عشرين زق مع اني عارفه و عقلي عارف ان مافيه طريقه قريبه مني حاليا
"اعراض مشاكل الهرموناتالغدة الدرقية_x000D_
ضعف_x000D_
إعياء_x000D_
خمول_x000D_
قله نوم_x000D_
حاجة لنوم بعد الظهر_x000D_
الرغبة في الخبزالحلىالباستا_x000D_
كلست",1,0,0,اعراض مشاكل الهرموناتالغده الدرقيه ضعف اعياء خمول قله نوم حاجه لنوم الظهر الرغبه كلست,اعراض مشاكل الهرموناتالغده الدرقيه_x<NUM>D_ضعف_x<NUM>D_اعياء_x<NUM>D_خمول_x<NUM>D_قله نوم_x<NUM>D_حاجه لنوم بعد الظهر_x<NUM>D_الرغبه في الخبزالحليالباستا_x<NUM>D_كلست
حصل واله بقوم سيباهم وقايمه م ناقصه اكتئاب اكتر من كدا 😂 😂 😂 🙂,1,0,0,حصل واله بقوم سيباهم وقايمه ناقصه اكتئاب اكتر كدا,حصل واله بقوم سيباهم وقايمه م ناقصه اكتئاب اكتر من كدا 😂 😂 😂 🙂
"كَبَتَ أحزاني كثيراً_x000D_
حتى بدى وجهي بدون ملامح_x000D_
_x000D_
حزن عبارات بوح خواطر اكتئاب",1,1,0,كبت احزاني كثيرا حتي بدي وجهي بدون ملامح حزن عبارات بوح خواطر اكتئاب,كبت احزاني كثيرا_x<NUM>D_حتي بدي وجهي بدون ملامح_x<NUM>D__x<NUM>D_حزن عبارات بوح خواطر اكتئاب
قاعده ابكي ما امزح,1,1,0,قاعده ابكي امزح,قاعده ابكي ما امزح
انا محبط,1,0,0,انا محبط,انا محبط
وكان كل حزن هذا العالم سْقط علي قلبي,1,0,0,وكان حزن العالم سقط علي قلبي,وكان كل حزن هذا العالم سقط علي قلبي
احس الاكتئاب جالس يزيد وكثير,1,0,0,احس الاكتئاب جالس يزيد وكثير,احس الاكتئاب جالس يزيد وكثير
عزله مع نفسي 💆🏻‍♀️,1,0,0,عزله نفسي 💆🏻‍♀️,عزله مع نفسي 💆🏻♀️
حاسه بيأس و حزن مش طبيعين صحيت ع حريقه ف بيت جدي و الدخان كان كتير اوي و لسه شمه ريحته لحد دلوقتي ,1,0,0,حاسه بياس حزن طبيعين صحيت حريقه بيت جدي الدخان كتير اوي لسه شمه ريحته لحد دلوقتي,حاسه بياس و حزن مش طبيعين صحيت ع حريقه ف بيت جدي و الدخان كان كتير اوي و لسه شمه ريحته لحد دلوقتي
بدأت أغوص في الاكتئاب,1,0,0,بدات اغوص الاكتئاب,بدات اغوص في الاكتئاب
كمية الضغط النفسي دي تجيب اكتئاب لواحد في اقل من يوم 😞,1,0,0,كميه الضغط النفسي تجيب اكتئاب لواحد اقل يوم,كميه الضغط النفسي دي تجيب اكتئاب لواحد في اقل من يوم 😞
"انا لو نمت بدري وكويس ومن غير قلق ومزاجي رايق اه مكن اصحى فايقه _x000D_
 بس دا زمان قبل الزن والعياط كل شويه 😵‍💫👧🏻👧🏻",1,1,0,انا نمت بدري وكويس ومن غير قلق ومزاجي رايق مكن اصحي فايقه زمان الزن والعياط شويه 😵‍💫👧🏻👧🏻,انا لو نمت بدري وكويس ومن غير قلق ومزاجي رايق اه مكن اصحي فايقه _x<NUM>D_ بس دا زمان قبل الزن والعياط كل شويه 😵💫👧🏻👧🏻
هو اوكي انا حاسة حالي نفسيتي زفت من لدراسة وجاية هنا عشان افرفش لنفسي بس المشكلة كل لتويتر مكتئب زي فكتئبت اكتر😭💔😂,1,0,0,اوكي انا حاسه حالي نفسيتي زفت لدراسه وجايه عشان افرفش لنفسي المشكله لتويتر مكتئب فكتئبت اكتر😭💔😂,هو اوكي انا حاسه حالي نفسيتي زفت من لدراسه وجايه هنا عشان افرفش لنفسي بس المشكله كل لتويتر مكتئب زي فكتئبت اكتر😭💔😂
مطلوب طبيب نفسى على وجه السرعة,1,0,0,مطلوب طبيب نفسي علي وجه السرعه,مطلوب طبيب نفسي علي وجه السرعه
تعبت لدرجة ما صار فيني حيل حتى ابكي,1,1,0,تعبت لدرجه صار فيني حيل حتي ابكي,تعبت لدرجه ما صار فيني حيل حتي ابكي
كنت زمان بترول واقول ان انا مكتئب وكدا بس دلوقتي أقسم بالله طالع ميتين أمي,1,0,0,كنت زمان بترول واقول انا مكتئب وكدا دلوقتي اقسم بالله طالع ميتين امي,كنت زمان بترول واقول ان انا مكتئب وكدا بس دلوقتي اقسم بالله طالع ميتين امي
و شو عن الي ماعندو حدى يحكيه مثلي 😔 انا نهايتي انتحار بعرف هالشي,1,0,0,الي ماعندو حدي يحكيه مثلي انا نهايتي انتحار بعرف هالشي,و شو عن الي ماعندو حدي يحكيه مثلي 😔 انا نهايتي انتحار بعرف هالشي
"شلت حزن القلوب وشلت حزن الوجيه_x000D_
لين حزني بصدري صار كبر الجبال",1,0,0,شلت حزن القلوب وشلت حزن الوجيه لين حزني بصدري صار كبر الجبال,شلت حزن القلوب وشلت حزن الوجيه_x<NUM>D_لين حزني بصدري صار كبر الجبال
قاعده ابكي بأبشع طريقه ياناس,1,0,0,قاعده ابكي بابشع طريقه ياناس,قاعده ابكي بابشع طريقه ياناس
اه فيني اكتئاب مفاجئ وماني عارفه وش السبب,1,0,0,فيني اكتئاب مفاجئ وماني عارفه السبب,اه فيني اكتئاب مفاجئ وماني عارفه وش السبب
مكتئب,1,0,0,مكتئب,مكتئب
في نهايه اليوم أعود وحيدًا وسط غرفتي التي تحتوي كل ما بداخلي، أشعر بالحزن الشديد، أشعر بأنني أتلاشي بين اللا شيء، عقلي لا يكف عن التفكير في ذكريات لا أستطيع نسيانها، اصبحت أتقن الوحده والإنعزال، صرت لا أثق بمكانتي عند أحد، فهمت مؤخرًا انهم جميعهم مؤقتون، وفي النهايه سأعود وحيدًا.,1,1,0,نهايه اليوم اعود وحيدا وسط غرفتي التي تحتوي بداخلي، اشعر بالحزن الشديد، اشعر بانني اتلاشي اللا شيء، عقلي يكف التفكير ذكريات استطيع نسيانها، اصبحت اتقن الوحده والانعزال، صرت اثق بمكانتي احد، فهمت مؤخرا انهم جميعهم مؤقتون، وفي النهايه ساعود وحيدا,في نهايه اليوم اعود وحيدا وسط غرفتي التي تحتوي كل ما بداخلي، اشعر بالحزن الشديد، اشعر بانني اتلاشي بين اللا شيء، عقلي لا يكف عن التفكير في ذكريات لا استطيع نسيانها، اصبحت اتقن الوحده والانعزال، صرت لا اثق بمكانتي عند احد، فهمت مؤخرا انهم جميعهم مؤقتون، وفي النهايه ساعود وحيدا.
فتحت حسابي وجتني نوبة هلع,1,0,0,فتحت حسابي وجتني نوبه هلع,فتحت حسابي وجتني نوبه هلع
الجو وحش وجايب اكتئاب 😩,1,0,0,الجو وحش وجايب اكتئاب,الجو وحش وجايب اكتئاب 😩
ضغط الشغل الفتره دي مع ضغط الحياه بجد هيجيب انتحار 🤭,1,0,0,ضغط الشغل الفتره ضغط الحياه بجد هيجيب انتحار,ضغط الشغل الفتره دي مع ضغط الحياه بجد هيجيب انتحار 🤭
اكتئاب مابعد الحلقة الاخيرة,1,0,0,اكتئاب مابعد الحلقه الاخيره,اكتئاب مابعد الحلقه الاخيره
ياسطا اكتئاب ايه الي بيجي الساعه 6 الصبح ده انت عبيط,1,0,0,ياسطا اكتئاب ايه الي بيجي الساعه الصبح انت عبيط,ياسطا اكتئاب ايه الي بيجي الساعه <NUM> الصبح ده انت عبيط
"في عيوني حزن و بالخاطر كلام_x000D_
ودي اشرح بس اشرحها لمن",1,0,0,عيوني حزن بالخاطر كلام ودي اشرح اشرحها لمن,في عيوني حزن و بالخاطر كلام_x<NUM>D_ودي اشرح بس اشرحها لمن
داخلة علي فترة اكتئاب ولا عندي طاقة استحملها ولا دموع اصبر نفسي بيها,1,0,0,داخله علي فتره اكتئاب ولا عندي طاقه استحملها ولا دموع اصبر نفسي بيها,داخله علي فتره اكتئاب ولا عندي طاقه استحملها ولا دموع اصبر نفسي بيها
ادعى عليا ربنا ياخدنى يا محمد عشان ماليش فى الانتحار,1,0,0,ادعي عليا ربنا ياخدني محمد عشان ماليش الانتحار,ادعي عليا ربنا ياخدني يا محمد عشان ماليش في الانتحار
برجع ابكي مين يهتم اف خايفه موت,1,0,0,برجع ابكي مين يهتم خايفه موت,برجع ابكي مين يهتم اف خايفه موت
يا اخي تبا للسعي والوصول انا عايز مكنش مكتئب,1,0,0,اخي تبا للسعي والوصول انا عايز مكنش مكتئب,يا اخي تبا للسعي والوصول انا عايز مكنش مكتئب
هلع عادي,1,0,0,هلع عادي,هلع عادي
انا جالسه اقاوم الاكتئاب بكل مافيني من قوه بس الواضح اني بالنهايه راح استسلم,1,0,0,انا جالسه اقاوم الاكتئاب بكل مافيني قوه الواضح اني بالنهايه راح استسلم,انا جالسه اقاوم الاكتئاب بكل مافيني من قوه بس الواضح اني بالنهايه راح استسلم
ترا السواد الي تحت عيني ماهو مرض هذا قلة راحةوملامحي الباهته ماهو كره لناس هذي فرط حزنوعصبيتي ماهو غباء هذا ضغط,1,0,0,ترا السواد الي تحت عيني ماهو مرض قله راحهوملامحي الباهته ماهو كره لناس هذي فرط حزنوعصبيتي ماهو غباء ضغط,ترا السواد الي تحت عيني ماهو مرض هذا قله راحهوملامحي الباهته ماهو كره لناس هذي فرط حزنوعصبيتي ماهو غباء هذا ضغط
ها انا وصلت لاقصى درجات اليأس والاكتئاب لاشي يشعرني بالسعاده لاشي يثير اهتمامي غيرها اريد الموت,1,0,0,انا وصلت لاقصي درجات الياس والاكتئاب لاشي يشعرني بالسعاده لاشي يثير اهتمامي غيرها اريد الموت,ها انا وصلت لاقصي درجات الياس والاكتئاب لاشي يشعرني بالسعاده لاشي يثير اهتمامي غيرها اريد الموت
ابكي ليه,1,0,0,ابكي ليه,ابكي ليه
ما اعرف كيف ابدأ كلامي ابدًا لكن انا تعرضت لإغتصاب وانا بعمر ال١٢ سنة ومحد عرف ابدًا كنت خايف خايف مره وخبّيت وافكر في الانتحار,1,1,0,اعرف ابدا كلامي ابدا انا تعرضت لاغتصاب وانا بعمر ال١٢ سنه ومحد عرف ابدا كنت خايف خايف مره وخبيت وافكر الانتحار,ما اعرف كيف ابدا كلامي ابدا لكن انا تعرضت لاغتصاب وانا بعمر ال<NUM><NUM> سنه ومحد عرف ابدا كنت خايف خايف مره وخبيت وافكر في الانتحار
قد مريتي باكتئاب وكيف تخلصتي منه — ما اقدر اسميه اكتئابس مريت بفتره سودا مره دايما افكر وابكي كثير ونفسيه زبال,1,1,0,مريتي باكتئاب وكيف تخلصتي منه اقدر اسميه اكتئابس مريت بفتره سودا مره دايما افكر وابكي كثير ونفسيه زبال,قد مريتي باكتئاب وكيف تخلصتي منه - ما اقدر اسميه اكتئابس مريت بفتره سودا مره دايما افكر وابكي كثير ونفسيه زبال
البس الأسود مش كآبه 👍🏻,1,0,0,البس الاسود كابه,البس الاسود مش كابه 👍🏻
فقدت الأمل في كل شيء لقد انطفأت روحي بشكلٍ تام هذه المره لم أعد أقدر على تحمل الصراع الداخلي في كل محاولات ,1,1,0,فقدت الامل شيء لقد انطفات روحي بشكل تام المره اعد اقدر علي تحمل الصراع الداخلي محاولات,فقدت الامل في كل شيء لقد انطفات روحي بشكل تام هذه المره لم اعد اقدر علي تحمل الصراع الداخلي في كل محاولات
مكتئب بس متعايش مع كئابتي مش هقعد اصيوصيوصيو طول اليوم,1,0,0,مكتئب متعايش كئابتي هقعد اصيوصيوصيو طول اليوم,مكتئب بس متعايش مع كئابتي مش هقعد اصيوصيوصيو طول اليوم
اكتبو لي شي حلو أنا مكتئب,1,0,0,اكتبو حلو انا مكتئب,اكتبو لي شي حلو انا مكتئب
أظهرت الدراسة أن ٤٨٪ المشاركين لديهم أعراض اكتئابية بينما ١٨ ٪ كانت لديهم أعراض اكتئاب متوسطة إلى شديدة وأن الطبيب,1,0,0,اظهرت الدراسه ٤٨٪ المشاركين لديهم اعراض اكتئابيه بينما لديهم اعراض اكتئاب متوسطه الي شديده وان الطبيب,اظهرت الدراسه ان <NUM><NUM>٪ المشاركين لديهم اعراض اكتئابيه بينما <NUM><NUM> ٪ كانت لديهم اعراض اكتئاب متوسطه الي شديده وان الطبيب
أنا مكتئب,1,0,0,انا مكتئب,انا مكتئب
هما بيحطولي في الفطار جرعات اكتئاب ولا ايه,1,0,0,هما بيحطولي الفطار جرعات اكتئاب ولا ايه,هما بيحطولي في الفطار جرعات اكتئاب ولا ايه
توتر خوف قلق,1,0,0,توتر خوف قلق,توتر خوف قلق
هبايبُ حِزن ماهي هبْايب ليّل,1,0,0,هبايب حزن ماهي هبايب ليل,هبايب حزن ماهي هبايب ليل
كل حاجة بتفشل هعيط,1,0,0,حاجه بتفشل هعيط,كل حاجه بتفشل هعيط
حياتي بقت عباره عن ميكس إكتئاب على بؤوس على خوازيق,1,0,0,حياتي بقت عباره ميكس اكتئاب علي بؤوس علي خوازيق,حياتي بقت عباره عن ميكس اكتئاب علي بؤوس علي خوازيق
الشروع في الانتحار,1,0,0,الشروع الانتحار,الشروع في الانتحار
فكرة انه بكرا احد و دوام لحالها بتعمل اكتئاب,1,0,0,فكره انه بكرا احد دوام لحالها بتعمل اكتئاب,فكره انه بكرا احد و دوام لحالها بتعمل اكتئاب
اتوقع عندي رهاب اجتماعي,1,0,0,اتوقع عندي رهاب اجتماعي,اتوقع عندي رهاب اجتماعي
للأسف هذه المؤشرات تشير بأني سأدخل في حالة اكتئاب شديده بالتالي سأنتج لقارئ حزنا أكثرسأضع زينة على وجه يسأر,1,0,0,للاسف المؤشرات تشير باني سادخل حاله اكتئاب شديده بالتالي سانتج لقارئ حزنا اكثرساضع زينه علي وجه يسار,للاسف هذه المؤشرات تشير باني سادخل في حاله اكتئاب شديده بالتالي سانتج لقارئ حزنا اكثرساضع زينه علي وجه يسار
اكتشفت انو اليوم فيني اكتئاب داخلي,1,0,0,اكتشفت انو اليوم فيني اكتئاب داخلي,اكتشفت انو اليوم فيني اكتئاب داخلي
هاليومين صايره كل ماقمت من نومي اقول الحمدله انه حلم الاحلام مبدعه راجعه بقوه بس الحمدله اني انسى ولا واله ليحوشني اكتئاب وازمه نفسيه,1,0,0,هاليومين صايره ماقمت نومي اقول الحمدله انه حلم الاحلام مبدعه راجعه بقوه الحمدله اني انسي ولا واله ليحوشني اكتئاب وازمه نفسيه,هاليومين صايره كل ماقمت من نومي اقول الحمدله انه حلم الاحلام مبدعه راجعه بقوه بس الحمدله اني انسي ولا واله ليحوشني اكتئاب وازمه نفسيه
الحياة قاسية والعائلة تقسو والأصدقاء يرحلون ولا يوجد من يُطمئنك أو يُخفف عنك,1,0,0,الحياه قاسيه والعائله تقسو والاصدقاء يرحلون ولا يوجد يطمئنك يخفف عنك,الحياه قاسيه والعائله تقسو والاصدقاء يرحلون ولا يوجد من يطمئنك او يخفف عنك
فيني رهاب بشري,1,0,0,فيني رهاب بشري,فيني رهاب بشري
قلق، تفكير بالمستقبل، أرق، الوعي الزائد،نوبات هلع متقطعه,1,0,0,قلق، تفكير بالمستقبل، ارق، الوعي الزائد،نوبات هلع متقطعه,قلق، تفكير بالمستقبل، ارق، الوعي الزائد،نوبات هلع متقطعه
تعرفون جملة أنقذتني الكتب أنا عشتها حقيقة في فترة دراستي ولأربع سنوات كنت أعاني من قلق وأرق مزمنين تعاظموا ح,1,0,0,تعرفون جمله انقذتني الكتب انا عشتها حقيقه فتره دراستي ولاربع سنوات كنت اعاني قلق وارق مزمنين تعاظموا,تعرفون جمله انقذتني الكتب انا عشتها حقيقه في فتره دراستي ولاربع سنوات كنت اعاني من قلق وارق مزمنين تعاظموا ح
ماش منك الناس يجيهم اكتئاب بعد الانمي👀,1,0,0,ماش منك الناس يجيهم اكتئاب الانمي👀,ماش منك الناس يجيهم اكتئاب بعد الانمي👀
"نوبة وقلق إذا كانت مؤخرتي مزيفة_x000D_
 تقلقوا يا جميع الرجال نحن مستقيمون",1,0,0,نوبه وقلق اذا مؤخرتي مزيفه تقلقوا جميع الرجال مستقيمون,نوبه وقلق اذا كانت مؤخرتي مزيفه_x<NUM>D_ تقلقوا يا جميع الرجال نحن مستقيمون
الجامعة بتخليني مكتئبة,1,0,0,الجامعه بتخليني مكتئبه,الجامعه بتخليني مكتئبه
الواحد من اول رمضان مخرجتش مع صحابي ولا فطرت معاهم ولا قابلتهم ولا رحت لاختي تاني رمضان ع التوالي وحرفيا كورونا دي,1,0,0,الواحد اول رمضان مخرجتش صحابي ولا فطرت معاهم ولا قابلتهم ولا رحت لاختي تاني رمضان التوالي وحرفيا كورونا,الواحد من اول رمضان مخرجتش مع صحابي ولا فطرت معاهم ولا قابلتهم ولا رحت لاختي تاني رمضان ع التوالي وحرفيا كورونا دي
وربي اني متضايقه احيانا اقلب عالي يقربون لي من نفسيتي واندم بعدين تعبت مدري ليش اتضايق فجاه ضيقه والله,1,0,0,وربي اني متضايقه احيانا اقلب عالي يقربون نفسيتي واندم بعدين تعبت مدري ليش اتضايق فجاه ضيقه والله,وربي اني متضايقه احيانا اقلب عالي يقربون لي من نفسيتي واندم بعدين تعبت مدري ليش اتضايق فجاه ضيقه والله
لو استمريت اواجه نفس المواقف والأحداث الي أنا أواجها بشكل شبه يومي اعتقد راح أدخل مرحلة اكتئاب جامدة,1,0,0,استمريت اواجه نفس المواقف والاحداث الي انا اواجها بشكل شبه يومي اعتقد راح ادخل مرحله اكتئاب جامده,لو استمريت اواجه نفس المواقف والاحداث الي انا اواجها بشكل شبه يومي اعتقد راح ادخل مرحله اكتئاب جامده
حريصٌ على ان لا يرى بي كآبةٌ,1,1,0,حريص علي يري كابه,حريص علي ان لا يري بي كابه
اتشخصت اكتئاب,1,0,0,اتشخصت اكتئاب,اتشخصت اكتئاب
ساعتين اتكلم هذا والعنوان معي رهاب اجتماعي ولا اعرف اسولف😭,1,0,0,ساعتين اتكلم والعنوان معي رهاب اجتماعي ولا اعرف اسولف😭,ساعتين اتكلم هذا والعنوان معي رهاب اجتماعي ولا اعرف اسولف😭
انا ادري انه اكتئاب واكتئاب حاد بعد مو عادي من 4 سنوات مستمر لكن ما روحت افحص دعواتك 💔,1,1,0,انا ادري انه اكتئاب واكتئاب حاد عادي سنوات مستمر روحت افحص دعواتك,انا ادري انه اكتئاب واكتئاب حاد بعد مو عادي من <NUM> سنوات مستمر لكن ما روحت افحص دعواتك 💔
مكتئب جدا وجيت واصيح في تويته هنا بعد م خلصت التويته في أربع خمس سطور اتكنسلت,1,0,0,مكتئب جدا وجيت واصيح تويته خلصت التويته اربع خمس سطور اتكنسلت,مكتئب جدا وجيت واصيح في تويته هنا بعد م خلصت التويته في اربع خمس سطور اتكنسلت
الواحد مايدري هو اكتئاب ولا انطفاءولا نضج ولا انعدام شغف ولا حالة نفسيه,1,0,0,الواحد مايدري اكتئاب ولا انطفاءولا نضج ولا انعدام شغف ولا حاله نفسيه,الواحد مايدري هو اكتئاب ولا انطفاءولا نضج ولا انعدام شغف ولا حاله نفسيه
شلال اكتئاب😂,1,0,0,شلال اكتئاب😂,شلال اكتئاب😂
"انتحار _x000D_
😂",1,0,0,انتحار,انتحار _x<NUM>D_😂
الرهاب الإجتماعي بالله مو وقتك,1,0,0,الرهاب الاجتماعي بالله وقتك,الرهاب الاجتماعي بالله مو وقتك
الحمدله خلصت منها وافتكيت وجاني اكتئاب من الحجر مو عشاني تعبان 😂,1,0,0,الحمدله خلصت منها وافتكيت وجاني اكتئاب الحجر عشاني تعبان,الحمدله خلصت منها وافتكيت وجاني اكتئاب من الحجر مو عشاني تعبان 😂
كآبه وحزن💔🙂,1,0,0,كابه وحزن💔🙂,كابه وحزن💔🙂
احب شعور ان ما يكون عندي شي اسويه لكن اكره الفراغ يعاني عادي يجيني اكتئاب بسب الفراغ ذا,1,1,0,احب شعور عندي اسويه اكره الفراغ يعاني عادي يجيني اكتئاب بسب الفراغ,احب شعور ان ما يكون عندي شي اسويه لكن اكره الفراغ يعاني عادي يجيني اكتئاب بسب الفراغ ذا
أقولها مكتئب ونومي مقلوب تقولي يعني انت سهران ومبتحبش,1,0,0,اقولها مكتئب ونومي مقلوب تقولي يعني انت سهران ومبتحبش,اقولها مكتئب ونومي مقلوب تقولي يعني انت سهران ومبتحبش
حتی احلامي بات عن فقدان الاشياء القليلة التي امتلكها بتُّ في هلع دائم من النوم,1,0,0,حتی احلامي بات فقدان الاشياء القليله التي امتلكها هلع دائم النوم,حتی احلامي بات عن فقدان الاشياء القليله التي امتلكها بت في هلع دائم من النوم
عيوني مليانه دموع بس اقول ليه ابكي ياكثر ما بكيت وطلع الحزن وش الفايده,1,1,0,عيوني مليانه دموع اقول ليه ابكي ياكثر بكيت وطلع الحزن الفايده,عيوني مليانه دموع بس اقول ليه ابكي ياكثر ما بكيت وطلع الحزن وش الفايده
انا ليه كل يوم يجيني اكتئاب دا الوقت 😑,1,0,0,انا ليه يوم يجيني اكتئاب الوقت,انا ليه كل يوم يجيني اكتئاب دا الوقت 😑
مش قادره احدد ف حياتى إذا كنت مبسوطه ولا زعلانه بتمر عليا اوقات بقا كاره كل حاجه ف حياتى بجاهد علشان مدخلش ف مود وحش,1,0,0,قادره احدد حياتي اذا كنت مبسوطه ولا زعلانه بتمر عليا اوقات بقا كاره حاجه حياتي بجاهد علشان مدخلش مود وحش,مش قادره احدد ف حياتي اذا كنت مبسوطه ولا زعلانه بتمر عليا اوقات بقا كاره كل حاجه ف حياتي بجاهد علشان مدخلش ف مود وحش
اعترف اني اتظاهر بالقوة ولكن بداخلي عالم يبكي🚶,1,0,0,اعترف اني اتظاهر بالقوه ولكن بداخلي عالم يبكي🚶,اعترف اني اتظاهر بالقوه ولكن بداخلي عالم يبكي🚶
اللحظة دي اثرت فيا جدا اللحظة الي بنعرف فيها ان عندنا إضطراب نفسي ونفهم ان لينا الحق في مشاعرنا ودا مش عيب ,1,0,0,اللحظه اثرت فيا جدا اللحظه الي بنعرف فيها عندنا اضطراب نفسي ونفهم لينا الحق مشاعرنا ودا عيب,اللحظه دي اثرت فيا جدا اللحظه الي بنعرف فيها ان عندنا اضطراب نفسي ونفهم ان لينا الحق في مشاعرنا ودا مش عيب
"حر بالنهار ✅ _x000D_
مل في نص اليوم ✅_x000D_
 اكتئاب بليل ✅_x000D_
هوس",1,0,0,بالنهار اليوم اكتئاب بليل هوس,حر بالنهار ✅ _x<NUM>D_مل في نص اليوم ✅_x<NUM>D_ اكتئاب بليل ✅_x<NUM>D_هوس
الواحد حاليا ف مود كأبه وخنقه🙂,1,0,0,الواحد حاليا مود كابه وخنقه🙂,الواحد حاليا ف مود كابه وخنقه🙂
عندي استفسار يالغالي من أين أت ترجمة اكتئاب جسيم بعض الكتب تطلق عليه اكتئاب شديد وبعض المراجع اكتئ,1,0,0,عندي استفسار يالغالي اين ترجمه اكتئاب جسيم بعض الكتب تطلق عليه اكتئاب شديد وبعض المراجع اكتئ,عندي استفسار يالغالي من اين ات ترجمه اكتئاب جسيم بعض الكتب تطلق عليه اكتئاب شديد وبعض المراجع اكتئ
نفسي أنام من غير قلق,1,1,0,نفسي انام غير قلق,نفسي انام من غير قلق
انا غبيه الي كنت مخليه التصوير ع لارا لان كمية الظلام الي بالصور يجيب اكتئاب,1,0,0,انا غبيه الي كنت مخليه التصوير لارا لان كميه الظلام الي بالصور يجيب اكتئاب,انا غبيه الي كنت مخليه التصوير ع لارا لان كميه الظلام الي بالصور يجيب اكتئاب
انا احب حسابك لان فيك اكتئاب مثلي احس فيك واله ابي اصير صديقتك بس ماعرف اسولف ولا عندي حياه اشاركها اصلا عشان كذ,1,0,0,انا احب حسابك لان فيك اكتئاب مثلي احس فيك واله ابي اصير صديقتك ماعرف اسولف ولا عندي حياه اشاركها اصلا عشان,انا احب حسابك لان فيك اكتئاب مثلي احس فيك واله ابي اصير صديقتك بس ماعرف اسولف ولا عندي حياه اشاركها اصلا عشان كذ
ياربي تعتبت تعبت احس بكتمه فضيعه وخنقه وكلشي ماني قادره اخلص الي علي واحس تعبت اقسم بالله مستقبلي قاعد يضيع,1,0,0,ياربي تعتبت تعبت احس بكتمه فضيعه وخنقه وكلشي ماني قادره اخلص الي علي واحس تعبت اقسم بالله مستقبلي قاعد يضيع,ياربي تعتبت تعبت احس بكتمه فضيعه وخنقه وكلشي ماني قادره اخلص الي علي واحس تعبت اقسم بالله مستقبلي قاعد يضيع
اسرع طريقة انتحار,1,0,0,اسرع طريقه انتحار,اسرع طريقه انتحار
يارب كملي بعقلي لين يفرج همي,1,0,0,يارب كملي بعقلي لين يفرج همي,يارب كملي بعقلي لين يفرج همي
في أشد لحظات حزني لم أصرخ، لم تكن مشكلتي في إنني وحيد ولا أحد معي في هذا الحزن، كنت أفكر في أمرٍ واحد، كيف سأقضي ما تبقى من عمري بكل هذا الخراب في قلبي.,1,1,0,اشد لحظات حزني اصرخ، تكن مشكلتي انني وحيد ولا احد معي الحزن، كنت افكر امر واحد، ساقضي تبقي عمري بكل الخراب قلبي,في اشد لحظات حزني لم اصرخ، لم تكن مشكلتي في انني وحيد ولا احد معي في هذا الحزن، كنت افكر في امر واحد، كيف ساقضي ما تبقي من عمري بكل هذا الخراب في قلبي.
نحتاج عزله مع نفسنا وبس والله 🥲🤍,1,0,0,نحتاج عزله نفسنا وبس والله,نحتاج عزله مع نفسنا وبس والله 🥲🤍
لا استطيع القول لاحد اني متعبه اني امر بفترة اكتئاب,1,1,0,استطيع القول لاحد اني متعبه اني امر بفتره اكتئاب,لا استطيع القول لاحد اني متعبه اني امر بفتره اكتئاب
ي ناس دخلت في حالة اكتئاب مسلسل,1,0,0,ناس دخلت حاله اكتئاب مسلسل,ي ناس دخلت في حاله اكتئاب مسلسل
حاولت السْيرُ و تَحمُل الألام ولكِن كل شيء بات يَخنُق حُنجرتي اصبح لا شيء يستحُق المحاولةِ ابدًا,1,1,0,حاولت السير تحمل الالام ولكن شيء بات يخنق حنجرتي اصبح شيء يستحق المحاوله ابدا,حاولت السير و تحمل الالام ولكن كل شيء بات يخنق حنجرتي اصبح لا شيء يستحق المحاوله ابدا
يلا روحي وخديني معاكِ دنا محتاقه ازور طبيب نفسي,1,0,0,يلا روحي وخديني معاك دنا محتاقه ازور طبيب نفسي,يلا روحي وخديني معاك دنا محتاقه ازور طبيب نفسي
مكتئب ومتضايق😪💔,1,0,0,مكتئب ومتضايق😪💔,مكتئب ومتضايق😪💔
الواحد معد صار يدري الي فيه نضج ولا تبلد مشاعر ولا اكتئاب حاد,1,0,0,الواحد معد صار يدري الي فيه نضج ولا تبلد مشاعر ولا اكتئاب حاد,الواحد معد صار يدري الي فيه نضج ولا تبلد مشاعر ولا اكتئاب حاد
امي في الطلعة تتصل وتسبب لي قلق وتوتر وانهيارات ويوم أوصل البيت ما تقول شي ,1,1,0,امي الطلعه تتصل وتسبب قلق وتوتر وانهيارات ويوم اوصل البيت تقول,امي في الطلعه تتصل وتسبب لي قلق وتوتر وانهيارات ويوم اوصل البيت ما تقول شي
احتاج الى غريب اشكي و ابكي لهُ ما مزق صدري و يمضي عني غريباً لا يلوم ولا يعتب,1,1,0,احتاج الي غريب اشكي ابكي مزق صدري يمضي عني غريبا يلوم ولا يعتب,احتاج الي غريب اشكي و ابكي له ما مزق صدري و يمضي عني غريبا لا يلوم ولا يعتب
مامن نوم قلق,1,0,0,مامن نوم قلق,مامن نوم قلق
و ربي تعبت نفسيتي من ذي القص صرت مره أخاف على الأطفال الي بعائلتي أنام و أصحى و أنا عايشة بخوف و قلق مو طبيعي ع,1,0,0,ربي تعبت نفسيتي القص صرت مره اخاف علي الاطفال الي بعائلتي انام اصحي انا عايشه بخوف قلق طبيعي,و ربي تعبت نفسيتي من ذي القص صرت مره اخاف علي الاطفال الي بعائلتي انام و اصحي و انا عايشه بخوف و قلق مو طبيعي ع
تبدو الحياة كأنها عملية متواصلة من استبدال قلق بآخر ورغبة تحل محل أخرى,1,0,0,تبدو الحياه كانها عمليه متواصله استبدال قلق باخر ورغبه تحل محل اخري,تبدو الحياه كانها عمليه متواصله من استبدال قلق باخر ورغبه تحل محل اخري
يأسٌ تجاوزَ حدّه حتى لقد أمسيتُ أخشى الشرّ قبل حُلوله,1,0,0,ياس تجاوز حده حتي لقد امسيت اخشي الشر حلوله,ياس تجاوز حده حتي لقد امسيت اخشي الشر قبل حلوله
من الحين شايله هم اكتئاب المغرب اول يوم بالعيد عادي جداً وقتها ابكي لاني مشتاقه لرمضان,1,0,1,الحين شايله اكتئاب المغرب اول يوم بالعيد عادي جدا وقتها ابكي لاني مشتاقه لرمضان,من الحين شايله هم اكتئاب المغرب اول يوم بالعيد عادي جدا وقتها ابكي لاني مشتاقه لرمضان
احس نحتاج نراجع طبيب او أخصائي نفسي عن مشكلتنا و نشوف حل,1,0,0,احس نحتاج نراجع طبيب اخصائي نفسي مشكلتنا نشوف,احس نحتاج نراجع طبيب او اخصائي نفسي عن مشكلتنا و نشوف حل
يا خوخه يا خوخه انا عايز بروزاك,1,0,0,خوخه خوخه انا عايز بروزاك,يا خوخه يا خوخه انا عايز بروزاك
حاسس اني مكتئب حبتين,1,0,0,حاسس اني مكتئب حبتين,حاسس اني مكتئب حبتين
احس فيني ثنائي القطب مو معقولة يوم بموة من سعادتي واليوم الي بعده اكتئاب حد الموة بس واضح بالحالتين ابي اموة,1,0,0,احس فيني ثنائي القطب معقوله يوم بموه سعادتي واليوم الي بعده اكتئاب الموه واضح بالحالتين ابي اموه,احس فيني ثنائي القطب مو معقوله يوم بموه من سعادتي واليوم الي بعده اكتئاب حد الموه بس واضح بالحالتين ابي اموه
كنت ببكي ابي ابكي😭,1,0,0,كنت ببكي ابي ابكي😭,كنت ببكي ابي ابكي😭
اله يهديك يا بنتي مافي شي اسمه اكتئاب و أمراض نفسيه بس انتي اطلبي من اله الهاديه و كثري من الدعاء و الاستغفار و ا,1,0,0,اله يهديك بنتي مافي اسمه اكتئاب امراض نفسيه انتي اطلبي اله الهاديه كثري الدعاء الاستغفار,اله يهديك يا بنتي مافي شي اسمه اكتئاب و امراض نفسيه بس انتي اطلبي من اله الهاديه و كثري من الدعاء و الاستغفار و ا
اهخ ايحزن حاشني اكتئاب,1,0,0,اهخ ايحزن حاشني اكتئاب,اهخ ايحزن حاشني اكتئاب
"قُل لي أيا رجُل لأي قبيلة ولأي عصر او لجنس تنتمي_x000D_
ولمن تعود أصول عينيك التي أضحت قنايل الضياء بعالمي عنينيك تِلك",1,0,0,ايا رجل لاي قبيله ولاي عصر لجنس تنتمي ولمن تعود اصول عينيك التي اضحت قنايل الضياء بعالمي عنينيك,قل لي ايا رجل لاي قبيله ولاي عصر او لجنس تنتمي_x<NUM>D_ولمن تعود اصول عينيك التي اضحت قنايل الضياء بعالمي عنينيك تلك
كمية كآبة توا فيا مش طبيعية ياربي ,1,0,0,كميه كابه توا فيا طبيعيه ياربي,كميه كابه توا فيا مش طبيعيه ياربي
سلطان مب فاضيلك حالياً انا في حالة إكتئاب 💔,1,0,0,سلطان فاضيلك حاليا انا حاله اكتئاب,سلطان مب فاضيلك حاليا انا في حاله اكتئاب 💔
كانت فكرة الانتحار تجذبني مثل صوت عندليب كان مقتنعًا بأنّ عناق الموت وحده هو الذي سيُهدِّئ من روعه,1,0,0,فكره الانتحار تجذبني مثل صوت عندليب مقتنعا بان عناق الموت وحده الذي سيهدئ روعه,كانت فكره الانتحار تجذبني مثل صوت عندليب كان مقتنعا بان عناق الموت وحده هو الذي سيهدئ من روعه
واله الواحد ماقام يدري اهو اكتئاب ولا انطفاء ولا نضج ولا انعدام الشغف ولا تخلف ولا حاله نفسيه ولا هذي شخصيته,1,0,0,واله الواحد ماقام يدري اهو اكتئاب ولا انطفاء ولا نضج ولا انعدام الشغف ولا تخلف ولا حاله نفسيه ولا هذي شخصيته,واله الواحد ماقام يدري اهو اكتئاب ولا انطفاء ولا نضج ولا انعدام الشغف ولا تخلف ولا حاله نفسيه ولا هذي شخصيته
أنا أكثر شخص مكتئبّ ويضحك,1,0,0,انا اكثر شخص مكتئب ويضحك,انا اكثر شخص مكتئب ويضحك
ابكي ه,1,0,0,ابكي,ابكي ه
اكتئاب ٦ الصبح ده مقرف فشخ,1,0,0,اكتئاب الصبح مقرف فشخ,اكتئاب <NUM> الصبح ده مقرف فشخ
حسابه اكتئاب نادر الصور الحلوة,1,0,0,حسابه اكتئاب نادر الصور الحلوه,حسابه اكتئاب نادر الصور الحلوه
موجة اكتئاب قوية قادمة بسب جدول الجامعة💔,1,0,0,موجه اكتئاب قويه قادمه بسب جدول الجامعه💔,موجه اكتئاب قويه قادمه بسب جدول الجامعه💔
تخيل تبقى مكتئب و متراكم عليك مواد مش عارف تخلصها يعني حزين و هتسقط,1,0,0,تخيل تبقي مكتئب متراكم عليك مواد عارف تخلصها يعني حزين هتسقط,تخيل تبقي مكتئب و متراكم عليك مواد مش عارف تخلصها يعني حزين و هتسقط
كآبة اول اسبوع وتعدي إن شاء الله,1,0,0,كابه اول اسبوع وتعدي شاء الله,كابه اول اسبوع وتعدي ان شاء الله
ما تدري هي كآبة او واقعية او نضج,1,1,0,تدري كابه واقعيه نضج,ما تدري هي كابه او واقعيه او نضج
قد تَعترِيكَ مِنَ الحياةِ كآبةٌ تُذْكِي الأَسَى وتَشُلُّ نَبْضَ الخافِقِ فتَوَدُّ لو تَبكي وما مِن أدمُعٍ,1,0,0,تعتريك الحياه كابه تذكي الاسي وتشل نبض الخافق فتود تبكي وما ادمع,قد تعتريك من الحياه كابه تذكي الاسي وتشل نبض الخافق فتود لو تبكي وما من ادمع
كآبة باجر دوام😔,1,0,0,كابه باجر دوام😔,كابه باجر دوام😔
يمه محسبت فيني كابه لدرجه ذي,1,0,0,يمه محسبت فيني كابه لدرجه,يمه محسبت فيني كابه لدرجه ذي
أنا بحاول أقنع نفسي هيك عشان لا أبكي لأنه كفايا كفايا😫😭,1,1,0,انا بحاول اقنع نفسي هيك عشان ابكي لانه كفايا كفايا😫😭,انا بحاول اقنع نفسي هيك عشان لا ابكي لانه كفايا كفايا😫😭
انا بحب احرق دمي كتير يعني اشوف شو اكتر اشي بدايقني فحياتي وأقعد أفكر فيه لحد ما يصيبني اكتئاب ربنا يشفيني 🙂👍🏻,1,1,0,انا بحب احرق دمي كتير يعني اشوف اكتر اشي بدايقني فحياتي واقعد افكر فيه لحد يصيبني اكتئاب ربنا يشفيني 🙂👍🏻,انا بحب احرق دمي كتير يعني اشوف شو اكتر اشي بدايقني فحياتي واقعد افكر فيه لحد ما يصيبني اكتئاب ربنا يشفيني 🙂👍🏻
اكتئاب رمضاني ماله حل 🥲,1,0,0,اكتئاب رمضاني ماله,اكتئاب رمضاني ماله حل 🥲
اذا عدت السنه مارح ازعل لانه الاكتئاب كان ماكلني مدري شلون صمدت بس ابوي راح يزعل 😭,1,0,0,اذا عدت السنه مارح ازعل لانه الاكتئاب ماكلني مدري شلون صمدت ابوي راح يزعل,اذا عدت السنه مارح ازعل لانه الاكتئاب كان ماكلني مدري شلون صمدت بس ابوي راح يزعل 😭
اهو اكتئاب اهي ضيقة خلق اهو تعب اهو احباط اهو انسكار بس كل الي اعرفه انه احساس ما قاعد يروح يارب اجبر بخاطري,1,1,0,اهو اكتئاب اهي ضيقه خلق اهو تعب اهو احباط اهو انسكار الي اعرفه انه احساس قاعد يروح يارب اجبر بخاطري,اهو اكتئاب اهي ضيقه خلق اهو تعب اهو احباط اهو انسكار بس كل الي اعرفه انه احساس ما قاعد يروح يارب اجبر بخاطري
يا كسر لم يجبر يا فقد لن يعوض يا حزن قلبي الاول,1,1,0,كسر يجبر فقد يعوض حزن قلبي الاول,يا كسر لم يجبر يا فقد لن يعوض يا حزن قلبي الاول
هل انا يمكن شفت هجوم العمالقه وباول حلقه اضحك وانا اقول م راح اكمله واصلاً مو حلو والحين وقفته لان سب لي اكتئاب من قوة الاحداث ي ترى,1,0,0,انا يمكن شفت هجوم العمالقه وباول حلقه اضحك وانا اقول راح اكمله واصلا حلو والحين وقفته لان اكتئاب قوه الاحداث تري,هل انا يمكن شفت هجوم العمالقه وباول حلقه اضحك وانا اقول م راح اكمله واصلا مو حلو والحين وقفته لان سب لي اكتئاب من قوه الاحداث ي تري
اكتئاب موسمى عادى يبشه😂❤️,1,0,0,اكتئاب موسمي عادي يبشه😂❤️,اكتئاب موسمي عادي يبشه😂❤️
الروح ماتت، حتى وإن الجسد حي,1,0,0,الروح ماتت، حتي وان الجسد,الروح ماتت، حتي وان الجسد حي
موجة اكتئاب قادمة,1,0,0,موجه اكتئاب قادمه,موجه اكتئاب قادمه
ماحبيت حياة اليل دي جابتلي كآبه 🥺💔,1,0,0,ماحبيت حياه اليل جابتلي كابه,ماحبيت حياه اليل دي جابتلي كابه 🥺💔
الله ياخذ الرهاب الاجتماعي معاناه,1,0,0,الله ياخذ الرهاب الاجتماعي معاناه,الله ياخذ الرهاب الاجتماعي معاناه
"ما اخاف لو عشت ب ايام انطوائيه _x000D_
في عزلة الناس والدنيا انا راضي _x000D_
_x000D_
من خبرة سنين وظروف اجتماعيه_x000D_
بعض العلاقات مصنوعه على الفاضي",1,1,0,اخاف عشت ايام انطوائيه عزله الناس والدنيا انا راضي خبره سنين وظروف اجتماعيه بعض العلاقات مصنوعه علي الفاضي,ما اخاف لو عشت ب ايام انطوائيه _x<NUM>D_في عزله الناس والدنيا انا راضي _x<NUM>D__x<NUM>D_من خبره سنين وظروف اجتماعيه_x<NUM>D_بعض العلاقات مصنوعه علي الفاضي
قلِق من البقاء خائف من الذهاب,1,0,0,قلق البقاء خائف الذهاب,قلق من البقاء خائف من الذهاب
يعني لازم كل شهر يمر علي اكتئاب 💔,1,0,0,يعني لازم شهر يمر علي اكتئاب,يعني لازم كل شهر يمر علي اكتئاب 💔
الخوف من المستقبل والزعل من اللي حصل في الماضي عاملين لي اكتئاب حاد ,1,0,0,الخوف المستقبل والزعل اللي حصل الماضي عاملين اكتئاب حاد,الخوف من المستقبل والزعل من اللي حصل في الماضي عاملين لي اكتئاب حاد
يع هذا الوقت صح انه مريح وكويس لكن تجيك فيه كأبه مو طبيعيه يوميا يوميا,1,0,0,الوقت انه مريح وكويس تجيك فيه كابه طبيعيه يوميا يوميا,يع هذا الوقت صح انه مريح وكويس لكن تجيك فيه كابه مو طبيعيه يوميا يوميا
جتني نوبة هلع ,1,0,0,جتني نوبه هلع,جتني نوبه هلع
ده اكيد الدراسة لازم تجيب اكتئاب,1,0,0,اكيد الدراسه لازم تجيب اكتئاب,ده اكيد الدراسه لازم تجيب اكتئاب
جابو لي اكتئاب من درجاتي بس الحمدله اني اخر ترم,1,0,0,جابو اكتئاب درجاتي الحمدله اني اخر ترم,جابو لي اكتئاب من درجاتي بس الحمدله اني اخر ترم
💔 انا اموت,1,0,0,انا اموت,💔 انا اموت
يارب افرح اليوم بعد كآبة اسبوع 😭💔,1,0,0,يارب افرح اليوم كابه اسبوع,يارب افرح اليوم بعد كابه اسبوع 😭💔
قاعده اشوف موجة اكتئاب جاية,1,0,0,قاعده اشوف موجه اكتئاب جايه,قاعده اشوف موجه اكتئاب جايه
 محدش حاسس بيا انا بفكر في الانتحار 😂,1,0,0,محدش حاسس بيا انا بفكر الانتحار,محدش حاسس بيا انا بفكر في الانتحار 😂
كئيبة جدا,1,0,0,كئيبه جدا,كئيبه جدا
الحقيقه أحسن حاجه الواحد يقدمها لنفسه الفتره دي إنّه يتعود ع الحياه لوحده يعيش لوحده يخرج لوحده ياخُد قرارات,1,0,0,الحقيقه احسن حاجه الواحد يقدمها لنفسه الفتره انه يتعود الحياه لوحده يعيش لوحده يخرج لوحده ياخد قرارات,الحقيقه احسن حاجه الواحد يقدمها لنفسه الفتره دي انه يتعود ع الحياه لوحده يعيش لوحده يخرج لوحده ياخد قرارات
هم ليهم عين احا مفيش ولا لعيب ليه انه يتكلم ولا حتي ميسي ما هو اول كام شهر في الموسم كان عنده اكتئاب اكيد العبط دا,1,1,0,ليهم عين احا مفيش ولا لعيب ليه انه يتكلم ولا حتي ميسي اول كام شهر الموسم عنده اكتئاب اكيد العبط,هم ليهم عين احا مفيش ولا لعيب ليه انه يتكلم ولا حتي ميسي ما هو اول كام شهر في الموسم كان عنده اكتئاب اكيد العبط دا
طبيب نفسي,1,0,0,طبيب نفسي,طبيب نفسي
عارفين لما تكونوا على وشك الانتحار و حياتك كلها بايظة و اول ما تطلع بره أوضتك تحس ان مفيش حد حاس بيك خالص ,1,1,0,عارفين لما تكونوا علي وشك الانتحار حياتك كلها بايظه اول تطلع بره اوضتك تحس مفيش حاس بيك خالص,عارفين لما تكونوا علي وشك الانتحار و حياتك كلها بايظه و اول ما تطلع بره اوضتك تحس ان مفيش حد حاس بيك خالص
اول مره احس اني احتاج حضن ابكي فيه لين انام,1,0,0,اول مره احس اني احتاج حضن ابكي فيه لين انام,اول مره احس اني احتاج حضن ابكي فيه لين انام
يمه وش دا كآبة بدون سبب اول مرة احس نفس هالشعور,1,1,0,يمه كابه بدون سبب اول مره احس نفس هالشعور,يمه وش دا كابه بدون سبب اول مره احس نفس هالشعور
كلامك صح ١٠٠٪ عندي اضطرابات قلق و نوبات هلع و عندي مشاكل في القولون و اسفل الظهر و الأقدام افراط في التفكير و تشاؤم و عدم ثقة في الآخرين ,1,0,0,كلامك ١٠٠٪ عندي اضطرابات قلق نوبات هلع عندي مشاكل القولون اسفل الظهر الاقدام افراط التفكير تشاؤم عدم ثقه الاخرين,كلامك صح <NUM><NUM><NUM>٪ عندي اضطرابات قلق و نوبات هلع و عندي مشاكل في القولون و اسفل الظهر و الاقدام افراط في التفكير و تشاؤم و عدم ثقه في الاخرين
مرهق وكأني عشت الف حزن بالف شخص بالف ألم,1,0,0,مرهق وكاني عشت الف حزن بالف شخص بالف الم,مرهق وكاني عشت الف حزن بالف شخص بالف الم
في دور اكتئاب داخل عليا وانا لسه مخلصتش الاكتئاب الي معايا,1,0,0,دور اكتئاب داخل عليا وانا لسه مخلصتش الاكتئاب الي معايا,في دور اكتئاب داخل عليا وانا لسه مخلصتش الاكتئاب الي معايا
طيب صباح الخير اول ه المهم نظام رمضان يسب لي اكتئاب اكره اني انام هالوقت,1,0,0,طيب صباح الخير اول المهم نظام رمضان يسب اكتئاب اكره اني انام هالوقت,طيب صباح الخير اول ه المهم نظام رمضان يسب لي اكتئاب اكره اني انام هالوقت
انا كنت راجع من بره مبسوط فشخ و متحمس إني اتكلم و بتاع دخلت بيتنا عملولي حاله اكتئاب فشيخه واله و انا خلاص امنيه حياتي اموت,1,0,0,انا كنت راجع بره مبسوط فشخ متحمس اني اتكلم بتاع دخلت بيتنا عملولي حاله اكتئاب فشيخه واله انا خلاص امنيه حياتي اموت,انا كنت راجع من بره مبسوط فشخ و متحمس اني اتكلم و بتاع دخلت بيتنا عملولي حاله اكتئاب فشيخه واله و انا خلاص امنيه حياتي اموت
اعيش وحيداً دائماً في مثل هذه الأوقات أُمحى من الوجود تماماً عند الغضب ابكي غالباً دون معرفتهم بربكم اين هو الحب الذين تزعمون به,1,0,1,اعيش وحيدا دائما مثل الاوقات امحي الوجود تماما الغضب ابكي غالبا دون معرفتهم بربكم اين الحب الذين تزعمون,اعيش وحيدا دائما في مثل هذه الاوقات امحي من الوجود تماما عند الغضب ابكي غالبا دون معرفتهم بربكم اين هو الحب الذين تزعمون به
وش الحبوب بروزاك حبتين مثلا,1,0,0,الحبوب بروزاك حبتين مثلا,وش الحبوب بروزاك حبتين مثلا
اجازه اسبوع و انهارده اول يوم في الاجازه و داخل الي اكتئاب شكرا,1,0,0,اجازه اسبوع انهارده اول يوم الاجازه داخل الي اكتئاب شكرا,اجازه اسبوع و انهارده اول يوم في الاجازه و داخل الي اكتئاب شكرا
حزن 😿,1,0,0,حزن,حزن 😿
قاتل الله نوبات الاكتئاب,1,0,0,قاتل الله نوبات الاكتئاب,قاتل الله نوبات الاكتئاب
التفاصيل الصغيره الي يتم تجاهلها وإهمالها تبقى ترن براسي بشكل مزعج تسب قلق,1,0,0,التفاصيل الصغيره الي يتم تجاهلها واهمالها تبقي ترن براسي بشكل مزعج تسب قلق,التفاصيل الصغيره الي يتم تجاهلها واهمالها تبقي ترن براسي بشكل مزعج تسب قلق
الحاجه الوحيده الي نتمناها الحظة هذي ان يكون الانتحار حلال,1,0,0,الحاجه الوحيده الي نتمناها الحظه هذي الانتحار حلال,الحاجه الوحيده الي نتمناها الحظه هذي ان يكون الانتحار حلال
 كآبة الأيام المتكره دفعتني إلى ذلك,1,0,0,كابه الايام المتكره دفعتني الي,كابه الايام المتكره دفعتني الي ذلك
هذا مو اكتئاب بس ايش,1,0,0,اكتئاب ايش,هذا مو اكتئاب بس ايش
نفسيتي جدًا تعبانه محتاجه أبكي كثير أو والله مدري وش محتاجه عشان أرتاح,1,0,0,نفسيتي جدا تعبانه محتاجه ابكي كثير والله مدري محتاجه عشان ارتاح,نفسيتي جدا تعبانه محتاجه ابكي كثير او والله مدري وش محتاجه عشان ارتاح
٢وضعنا واحد وربي عايشه ف قلق وخوف مو طبيعي مدري وش الي بيقابلني,1,0,0,٢وضعنا واحد وربي عايشه قلق وخوف طبيعي مدري الي بيقابلني,<NUM>وضعنا واحد وربي عايشه ف قلق وخوف مو طبيعي مدري وش الي بيقابلني
"ينتابُني قلقُ المصِيرِ وكلّما _x000D_
آنستُ لطفَ اله عاد هدُوئي",1,0,0,ينتابني قلق المصير وكلما انست لطف اله عاد هدوئي,ينتابني قلق المصير وكلما _x<NUM>D_انست لطف اله عاد هدوئي
الحزنُ في القلبِ في الأعماق في دمنا يأسٌ طويلٌ فكيف الجرح يندملُ,1,0,0,الحزن القلب الاعماق دمنا ياس طويل فكيف الجرح يندمل,الحزن في القلب في الاعماق في دمنا ياس طويل فكيف الجرح يندمل
مرت الايام وصار الصمت هو التعبير الوحيد الممكن عن الصدق وصار الانتحار هو الازدهار الوحيد المتبقي 🥀✨,1,0,0,مرت الايام وصار الصمت التعبير الوحيد الممكن الصدق وصار الانتحار الازدهار الوحيد المتبقي,مرت الايام وصار الصمت هو التعبير الوحيد الممكن عن الصدق وصار الانتحار هو الازدهار الوحيد المتبقي 🥀✨
"مكتئب لحد يفكر يكلمني ولحد_x000D_
 يرد على التغريدة هادي عشان لا يندم 😒",1,1,0,مكتئب لحد يفكر يكلمني ولحد يرد علي التغريده هادي عشان يندم,مكتئب لحد يفكر يكلمني ولحد_x<NUM>D_ يرد علي التغريده هادي عشان لا يندم 😒
فيني اكتئاب لم يكتئبه المكتئبون,1,1,0,فيني اكتئاب يكتئبه المكتئبون,فيني اكتئاب لم يكتئبه المكتئبون
نوبة اكتئاب,1,0,0,نوبه اكتئاب,نوبه اكتئاب
عارفين لما الواحد يكون متفائل بس حاسس بيأس لدرجة مش طبيعية وحاسس إنه النهاية حلوة بس مش متأكد,1,0,0,عارفين لما الواحد متفائل حاسس بياس لدرجه طبيعيه وحاسس انه النهايه حلوه متاكد,عارفين لما الواحد يكون متفائل بس حاسس بياس لدرجه مش طبيعيه وحاسس انه النهايه حلوه بس مش متاكد
بس انا ليه مو قادره انسى كلامها وكل شويه ابكي منو💔,1,0,0,انا ليه قادره انسي كلامها وكل شويه ابكي منو💔,بس انا ليه مو قادره انسي كلامها وكل شويه ابكي منو💔
انا والله قاعده اعيش الشعور ذا والله اصحى ابكي من الضيقه الي احس فيها,1,0,0,انا والله قاعده اعيش الشعور والله اصحي ابكي الضيقه الي احس فيها,انا والله قاعده اعيش الشعور ذا والله اصحي ابكي من الضيقه الي احس فيها
بدأتُ أتمزق,1,0,0,بدات اتمزق,بدات اتمزق
زعلانه على نفسي حيل من كثر ماني زعلانه وصلت اني ابكي مابي اطيح من عين شخص غالي بالنسبه لي ,1,0,0,زعلانه علي نفسي حيل كثر ماني زعلانه وصلت اني ابكي مابي اطيح عين شخص غالي بالنسبه,زعلانه علي نفسي حيل من كثر ماني زعلانه وصلت اني ابكي مابي اطيح من عين شخص غالي بالنسبه لي
في عزله عن بقية الناس,1,0,0,عزله بقيه الناس,في عزله عن بقيه الناس
ياخي عندي اضطراب نفسي,1,0,0,ياخي عندي اضطراب نفسي,ياخي عندي اضطراب نفسي
مدري هو اكتئاب رمضان ولا ذي حياتي,1,0,0,مدري اكتئاب رمضان ولا حياتي,مدري هو اكتئاب رمضان ولا ذي حياتي
كون الانسان بيعيش حياة واحدة و انا اضيعها بالشكل ده مسبلي اكتئاب الحقيقة,1,0,0,كون الانسان بيعيش حياه واحده انا اضيعها بالشكل مسبلي اكتئاب الحقيقه,كون الانسان بيعيش حياه واحده و انا اضيعها بالشكل ده مسبلي اكتئاب الحقيقه
واله ما أنا عارف هو اكتئاب ولا انطفاء ولا نضج ولا وحدة ولا توحد ولا 🙄,1,1,0,واله انا عارف اكتئاب ولا انطفاء ولا نضج ولا وحده ولا توحد ولا,واله ما انا عارف هو اكتئاب ولا انطفاء ولا نضج ولا وحده ولا توحد ولا 🙄
"اكتئاب _x000D_
كنت عارفة ايش بيصير بيفلم قاتل الشياطين بشكل عام بسب الحرق بس يوم انحرقت على التفاصيل احس بكي",1,0,0,اكتئاب كنت عارفه ايش بيصير بيفلم قاتل الشياطين بشكل عام بسب الحرق يوم انحرقت علي التفاصيل احس بكي,اكتئاب _x<NUM>D_كنت عارفه ايش بيصير بيفلم قاتل الشياطين بشكل عام بسب الحرق بس يوم انحرقت علي التفاصيل احس بكي
لا ده اكتئاب الاجازه مش اكتر😂🙂,1,1,0,اكتئاب الاجازه اكتر😂🙂,لا ده اكتئاب الاجازه مش اكتر😂🙂
تخيلي لي فترة وانا في اكتئاب وكنت اتوقع المشكلة تكمن ف الفراغ واني لازم اتوظف وزاد همي بعدين اكتشفت مشاكل كلها لا,1,1,0,تخيلي فتره وانا اكتئاب وكنت اتوقع المشكله تكمن الفراغ واني لازم اتوظف وزاد همي بعدين اكتشفت مشاكل كلها,تخيلي لي فتره وانا في اكتئاب وكنت اتوقع المشكله تكمن ف الفراغ واني لازم اتوظف وزاد همي بعدين اكتشفت مشاكل كلها لا
اخبار تعيسه وإجواء كآبه وقلق وضغط نفسي الواحد محتاج يغمض اعيونه ويحلم في مكان يرتاح له كافيه يحب يقعد فيه,1,0,0,اخبار تعيسه واجواء كابه وقلق وضغط نفسي الواحد محتاج يغمض اعيونه ويحلم مكان يرتاح كافيه يحب يقعد فيه,اخبار تعيسه واجواء كابه وقلق وضغط نفسي الواحد محتاج يغمض اعيونه ويحلم في مكان يرتاح له كافيه يحب يقعد فيه
"دعاءاستغفارتسبيح_x000D_
_x000D_
فزعتكم تكفون ياأهل الخير 💔😭_x000D_
_x000D_
 المبلغ 6470 ريال _x000D_
تكفون ياأهل الخير حنا في ضيق مايعلم فيه إلا ا",1,0,0,فزعتكم تكفون يااهل الخير المبلغ ريال تكفون يااهل الخير حنا ضيق مايعلم فيه الا,دعاءاستغفارتسبيح_x<NUM>D__x<NUM>D_فزعتكم تكفون يااهل الخير 💔😭_x<NUM>D__x<NUM>D_ المبلغ <NUM> ريال _x<NUM>D_تكفون يااهل الخير حنا في ضيق مايعلم فيه الا ا
"صدري تحطم حيل وحطام صدري _x000D_
سب لباقي اجزاء جسمي اكتئاب _x000D_
 _x000D_
واله ان الي بقى حزنين ل عمريّ_x000D_
حزن متعبني وحزن خلاني مصاب",1,0,0,صدري تحطم حيل وحطام صدري لباقي اجزاء جسمي اكتئاب واله الي بقي حزنين عمري حزن متعبني وحزن خلاني مصاب,صدري تحطم حيل وحطام صدري _x<NUM>D_سب لباقي اجزاء جسمي اكتئاب _x<NUM>D_ _x<NUM>D_واله ان الي بقي حزنين ل عمري_x<NUM>D_حزن متعبني وحزن خلاني مصاب
ياربِّ يا حبيبي إنّ قلبي غارقٌ بين هلعٍ وقلقٍ يا وهَاب هّب لقلبي طمأنينة لا يرجوا بعدها شيء فأنت تعلم مدى قساوة,1,1,0,يارب حبيبي قلبي غارق هلع وقلق وهاب لقلبي طمانينه يرجوا بعدها شيء فانت تعلم مدي قساوه,يارب يا حبيبي ان قلبي غارق بين هلع وقلق يا وهاب هب لقلبي طمانينه لا يرجوا بعدها شيء فانت تعلم مدي قساوه
بكون مكتئب 😂,1,0,0,بكون مكتئب,بكون مكتئب 😂
"وليّس الهجَر يؤلمني ولكّن_x000D_
جمًال الذُكرياتِ يهُز قلّبي_x000D_
أخادَع حُزن روّحي بالتمْني_x000D_
فأين حنًانِ ذاك القلّب عّني",1,0,0,وليس الهجر يؤلمني ولكن جمال الذكريات يهز قلبي اخادع حزن روحي بالتمني فاين حنان ذاك القلب عني,وليس الهجر يؤلمني ولكن_x<NUM>D_جمال الذكريات يهز قلبي_x<NUM>D_اخادع حزن روحي بالتمني_x<NUM>D_فاين حنان ذاك القلب عني
نفسى هفانى ع فتره اكتئاب كده اختفى فيها بتاع ٣ شهور و مشوفش فيها اى حد كده يا سلام ⁦,1,0,0,نفسي هفاني فتره اكتئاب كده اختفي فيها بتاع شهور مشوفش فيها كده سلام,نفسي هفاني ع فتره اكتئاب كده اختفي فيها بتاع <NUM> شهور و مشوفش فيها اي حد كده يا سلام
ايش هذه الحياة البائسة اللي قاعدة اعيشها,1,0,0,ايش الحياه البائسه اللي قاعده اعيشها,ايش هذه الحياه البائسه اللي قاعده اعيشها
انا عايز اروح لدكتور نفسي,1,0,0,انا عايز اروح لدكتور نفسي,انا عايز اروح لدكتور نفسي
لا مش وقته اكتئاب,1,1,0,وقته اكتئاب,لا مش وقته اكتئاب
لما وصلت مرحلة الاكتئاب الحاد وفكرة الانتحار كانت مسيطره جدا مشيت حلقت شعري ,1,0,0,لما وصلت مرحله الاكتئاب الحاد وفكره الانتحار مسيطره جدا مشيت حلقت شعري,لما وصلت مرحله الاكتئاب الحاد وفكره الانتحار كانت مسيطره جدا مشيت حلقت شعري
قلق خوف الله وكيلك 💔,1,0,0,قلق خوف الله وكيلك,قلق خوف الله وكيلك 💔
بقالي خمس سنين بمتحن ولسه برده بيجيلي حالة اكتئاب وفقدان شغف في النص كدا ولسه ملقتش لحوار د حل ه,1,0,0,بقالي خمس سنين بمتحن ولسه برده بيجيلي حاله اكتئاب وفقدان شغف النص كدا ولسه ملقتش لحوار,بقالي خمس سنين بمتحن ولسه برده بيجيلي حاله اكتئاب وفقدان شغف في النص كدا ولسه ملقتش لحوار د حل ه
حزني لم ينتهي أنما اشتدّ عليّ الحزن أكثر,1,1,0,حزني ينتهي انما اشتد علي الحزن اكثر,حزني لم ينتهي انما اشتد علي الحزن اكثر
"دايم لما اصحى متأخر عالمغرب كذا يجيني اكتئاب ومزاج سيئ بزياده_x000D_
السؤال ليه يصير كذا وهل فيه احد مثلي_x000D_
_x000D_
صراحه مزاج زب",1,0,0,دايم لما اصحي متاخر عالمغرب كذا يجيني اكتئاب ومزاج سيئ بزياده السؤال ليه يصير كذا وهل فيه احد مثلي صراحه مزاج,دايم لما اصحي متاخر عالمغرب كذا يجيني اكتئاب ومزاج سيئ بزياده_x<NUM>D_السؤال ليه يصير كذا وهل فيه احد مثلي_x<NUM>D__x<NUM>D_صراحه مزاج زب
الخوف من كُل ماهو جديد يجعل الكثير من الآباء يعتقدون أن ألعاب الكمبيوتر مضرة لأبنائهم على الرغم من أنها أفضل وسيلة لعلاج إكتئاب المراهقين,1,0,0,الخوف ماهو جديد يجعل الكثير الاباء يعتقدون العاب الكمبيوتر مضره لابنائهم علي الرغم انها افضل وسيله لعلاج اكتئاب المراهقين,الخوف من كل ماهو جديد يجعل الكثير من الاباء يعتقدون ان العاب الكمبيوتر مضره لابنائهم علي الرغم من انها افضل وسيله لعلاج اكتئاب المراهقين
ابغى ابكي,1,0,0,ابغي ابكي,ابغي ابكي
فيه ناس يمرون بمشكله نفسيه وتصاحبهم كل هالسنوات وظروف سواءً اكتئاب او غيره,1,0,0,فيه ناس يمرون بمشكله نفسيه وتصاحبهم هالسنوات وظروف سواء اكتئاب غيره,فيه ناس يمرون بمشكله نفسيه وتصاحبهم كل هالسنوات وظروف سواء اكتئاب او غيره
لا أعلم ماذا حدث لي ولكنى لم أشعر بهذا الثُقل ف قلبى من قبل حزين مُكتئب و مُنطفئ وكأنى أحمل على كتفى هَم العالم,1,1,0,اعلم ماذا حدث ولكني اشعر بهذا الثقل قلبي حزين مكتئب منطفئ وكاني احمل علي كتفي العالم,لا اعلم ماذا حدث لي ولكني لم اشعر بهذا الثقل ف قلبي من قبل حزين مكتئب و منطفئ وكاني احمل علي كتفي هم العالم
هذا الرهاب انصبت فيه الله يعين,1,0,0,الرهاب انصبت فيه الله يعين,هذا الرهاب انصبت فيه الله يعين
حياتي اكتئاب كلها ماتفهم انت,1,0,0,حياتي اكتئاب كلها ماتفهم انت,حياتي اكتئاب كلها ماتفهم انت
قاعده اتابع مسلسل وجابوا فيه تمثال علي ونينو الي بجورجيا والحين حاجني اكتئاب,1,0,0,قاعده اتابع مسلسل وجابوا فيه تمثال علي ونينو الي بجورجيا والحين حاجني اكتئاب,قاعده اتابع مسلسل وجابوا فيه تمثال علي ونينو الي بجورجيا والحين حاجني اكتئاب
التحطيم وعدم الفهم من الاطراف الآخرين مثل الأهل الزوج الحبيب عندنا يصل الشخص إلى بداية حزن أو الاكتئاب,1,0,0,التحطيم وعدم الفهم الاطراف الاخرين مثل الاهل الزوج الحبيب عندنا يصل الشخص الي بدايه حزن الاكتئاب,التحطيم وعدم الفهم من الاطراف الاخرين مثل الاهل الزوج الحبيب عندنا يصل الشخص الي بدايه حزن او الاكتئاب
داخل علي منحدر اكتئاب و وهتبقا علي اله حكايتنا خالص,1,0,0,داخل علي منحدر اكتئاب وهتبقا علي اله حكايتنا خالص,داخل علي منحدر اكتئاب و وهتبقا علي اله حكايتنا خالص
واله ما أنا عارف هو اكتئاب ولا انطفاء ولا نضج ولا وحدة ولا,1,1,0,واله انا عارف اكتئاب ولا انطفاء ولا نضج ولا وحده ولا,واله ما انا عارف هو اكتئاب ولا انطفاء ولا نضج ولا وحده ولا
ولا الي ينامون بدون حبوب الاكتئاب هم أكبر ناس محظوظين😢,1,1,0,ولا الي ينامون بدون حبوب الاكتئاب اكبر ناس محظوظين😢,ولا الي ينامون بدون حبوب الاكتئاب هم اكبر ناس محظوظين😢
الجدول عملي إكتئاب 💔,1,0,0,الجدول عملي اكتئاب,الجدول عملي اكتئاب 💔
حتى انا بعض الأحيان يجينا قلق ونفسي تنسد من الاكل مع الصوم 👇😂👌,1,0,0,حتي انا بعض الاحيان يجينا قلق ونفسي تنسد الاكل الصوم 👇😂👌,حتي انا بعض الاحيان يجينا قلق ونفسي تنسد من الاكل مع الصوم 👇😂👌
احتاج عُزله الكترونية من جديد 🤝🧡,1,0,0,احتاج عزله الكترونيه جديد,احتاج عزله الكترونيه من جديد 🤝🧡
يارب نومه بدون قلق😩,1,1,0,يارب نومه بدون قلق😩,يارب نومه بدون قلق😩
احاول قد ماقدر اني ماوصل لمرحلة الاكتئاب احاول اني انتشل نفسي من هالظلمه بس يرجعوني لها غصب,1,0,0,احاول ماقدر اني ماوصل لمرحله الاكتئاب احاول اني انتشل نفسي هالظلمه يرجعوني لها غصب,احاول قد ماقدر اني ماوصل لمرحله الاكتئاب احاول اني انتشل نفسي من هالظلمه بس يرجعوني لها غصب
مش قادر اقوم من السرير,1,0,0,قادر اقوم السرير,مش قادر اقوم من السرير
مُش ناقصه كآبه,1,0,0,ناقصه كابه,مش ناقصه كابه
الواحد مرة خد جاله رغبة في الإنتحار مش تحاليل رفعت شوية لا كنت عايز أموت هل معناه إن أدوية الإكتئاب تساعد علي الانتحار,1,1,0,الواحد مره جاله رغبه الانتحار تحاليل رفعت شويه كنت عايز اموت معناه ادويه الاكتئاب تساعد علي الانتحار,الواحد مره خد جاله رغبه في الانتحار مش تحاليل رفعت شويه لا كنت عايز اموت هل معناه ان ادويه الاكتئاب تساعد علي الانتحار
أعاني من اكتئاب حاد الأصدقاء يعاتبوني على ابتعادي والكثير يغضب لأن حالتي يتدهور أما أنا فأفكر في الانتحار,1,0,0,اعاني اكتئاب حاد الاصدقاء يعاتبوني علي ابتعادي والكثير يغضب لان حالتي يتدهور اما انا فافكر الانتحار,اعاني من اكتئاب حاد الاصدقاء يعاتبوني علي ابتعادي والكثير يغضب لان حالتي يتدهور اما انا فافكر في الانتحار
لقيت لي فيدو اقعد ابكي عليه,1,0,0,لقيت فيدو اقعد ابكي عليه,لقيت لي فيدو اقعد ابكي عليه
هف جتني نوبة هلع من كثر العصبيه مدري وش الرابط بينهم بس متأكده هذا السبب,1,0,0,جتني نوبه هلع كثر العصبيه مدري الرابط بينهم متاكده السبب,هف جتني نوبه هلع من كثر العصبيه مدري وش الرابط بينهم بس متاكده هذا السبب
حزن والم,1,0,0,حزن والم,حزن والم
احا نيك 😂 يا اسطى انا جالي اكتئاب ساعتها و قعدت اتعالج و خسيت فشخ و حياتي اتناكت بس بعد كده خلاص بقى بقيت جبلة,1,0,0,احا نيك اسطي انا جالي اكتئاب ساعتها قعدت اتعالج خسيت فشخ حياتي اتناكت كده خلاص بقي بقيت جبله,احا نيك 😂 يا اسطي انا جالي اكتئاب ساعتها و قعدت اتعالج و خسيت فشخ و حياتي اتناكت بس بعد كده خلاص بقي بقيت جبله
أحتاج عزلة,1,0,0,احتاج عزله,احتاج عزله
مكتئب 🙃😂,1,0,0,مكتئب,مكتئب 🙃😂
هل تعرف ماذا يعني أن يكون الأنسان من الداخل مُكتئبًا ومن الخارج بشوش جدًا،تعلم مدى الأذيه هنا؟,1,0,0,تعرف ماذا يعني الانسان الداخل مكتئبا ومن الخارج بشوش جدا،تعلم مدي الاذيه هنا؟,هل تعرف ماذا يعني ان يكون الانسان من الداخل مكتئبا ومن الخارج بشوش جدا،تعلم مدي الاذيه هنا؟
كنت حزينه فاتفرجت علي فيلم جابلي اكتئاب,1,0,0,كنت حزينه فاتفرجت علي فيلم جابلي اكتئاب,كنت حزينه فاتفرجت علي فيلم جابلي اكتئاب
اعاني كآبة مخاوف من الحياة أفكار انتحار,1,0,0,اعاني كابه مخاوف الحياه افكار انتحار,اعاني كابه مخاوف من الحياه افكار انتحار
مش عارفه هقابل ناس تطمنى ومخافش من فراقهم ولا اصلا احساس الخوف دا طبيعى اصلا وهو ف ناس متطمنه فعلا ولا دا كلام وخلاص,1,0,0,عارفه هقابل ناس تطمني ومخافش فراقهم ولا اصلا احساس الخوف طبيعي اصلا وهو ناس متطمنه فعلا ولا كلام وخلاص,مش عارفه هقابل ناس تطمني ومخافش من فراقهم ولا اصلا احساس الخوف دا طبيعي اصلا وهو ف ناس متطمنه فعلا ولا دا كلام وخلاص
كثير من الاكتئاب 💔,1,0,0,كثير الاكتئاب,كثير من الاكتئاب 💔
هالفتره فيني كآبه مو طبيعيه💔,1,0,0,هالفتره فيني كابه طبيعيه💔,هالفتره فيني كابه مو طبيعيه💔
اكتئاب مابعد الناس الجديدة الي بتايم لاين,1,0,0,اكتئاب مابعد الناس الجديده الي بتايم لاين,اكتئاب مابعد الناس الجديده الي بتايم لاين
يا رب استر داخله علينا ويف كآبه مالهوش اي تلاتين لازمه,1,0,0,استر داخله علينا ويف كابه مالهوش تلاتين لازمه,يا رب استر داخله علينا ويف كابه مالهوش اي تلاتين لازمه
جاها أكتئاب الولادة بنتك محتاجة تخص نفسي علاجها وحلها مب هنا اله يشفيها يرفع عنها يارب,1,0,0,جاها اكتئاب الولاده بنتك محتاجه تخص نفسي علاجها وحلها اله يشفيها يرفع عنها يارب,جاها اكتئاب الولاده بنتك محتاجه تخص نفسي علاجها وحلها مب هنا اله يشفيها يرفع عنها يارب
هو ازاي بتعرفوا تخطي الحزن الي جواكم وحالة الاكتئاب ممكن حد يقولي عن تجربه تخطي ازاي فترة اكتئابه,1,0,0,ازاي بتعرفوا تخطي الحزن الي جواكم وحاله الاكتئاب ممكن يقولي تجربه تخطي ازاي فتره اكتئابه,هو ازاي بتعرفوا تخطي الحزن الي جواكم وحاله الاكتئاب ممكن حد يقولي عن تجربه تخطي ازاي فتره اكتئابه
واله الوحده ماسارت تدري هوا اكتئاب ولا انطفاء ولا نضج ولا انعدام الشغف ولا حالة نفسيه الي فيها,1,0,0,واله الوحده ماسارت تدري هوا اكتئاب ولا انطفاء ولا نضج ولا انعدام الشغف ولا حاله نفسيه الي فيها,واله الوحده ماسارت تدري هوا اكتئاب ولا انطفاء ولا نضج ولا انعدام الشغف ولا حاله نفسيه الي فيها
ظاربتني كآبه مب طبيعيه حتى البيت ماطلع منه واذا طلعت اكون استنفذت طاقتي القصوى 😞,1,0,0,ظاربتني كابه طبيعيه حتي البيت ماطلع منه واذا طلعت اكون استنفذت طاقتي القصوي,ظاربتني كابه مب طبيعيه حتي البيت ماطلع منه واذا طلعت اكون استنفذت طاقتي القصوي 😞
انا صار عندي رهاب اجتماعي ماصرت اعرف اسولف,1,0,0,انا صار عندي رهاب اجتماعي ماصرت اعرف اسولف,انا صار عندي رهاب اجتماعي ماصرت اعرف اسولف
اعاني من حزن والحزن انواع العلاج ليس سهلا ربما يكون الحزن ناتجا عن مرض نفسي ف احتاج لمراجعة طبيب او معالج نفساني,1,1,0,اعاني حزن والحزن انواع العلاج ليس سهلا ربما الحزن ناتجا مرض نفسي احتاج لمراجعه طبيب معالج نفساني,اعاني من حزن والحزن انواع العلاج ليس سهلا ربما يكون الحزن ناتجا عن مرض نفسي ف احتاج لمراجعه طبيب او معالج نفساني
باقيلي اختبار واحد واحس ماودي اعطل بلش بروحي يجيني اكتئاب اذا قعدت فاضي,1,0,0,باقيلي اختبار واحد واحس ماودي اعطل بلش بروحي يجيني اكتئاب اذا قعدت فاضي,باقيلي اختبار واحد واحس ماودي اعطل بلش بروحي يجيني اكتئاب اذا قعدت فاضي
هذا الحساب مدونة اكتئاب ولا أطمح فيه لشيء,1,0,0,الحساب مدونه اكتئاب ولا اطمح فيه لشيء,هذا الحساب مدونه اكتئاب ولا اطمح فيه لشيء
ابي ابكي واصارخ 😭,1,0,0,ابي ابكي واصارخ,ابي ابكي واصارخ 😭
يختي اكتئاب واله,1,0,0,يختي اكتئاب واله,يختي اكتئاب واله
ببكي جاتني فترة لما تجيني نوبات قلق اقعد اقطع شفايفي ويبقى اثار لها يقهرر,1,0,0,ببكي جاتني فتره لما تجيني نوبات قلق اقعد اقطع شفايفي ويبقي اثار لها يقهرر,ببكي جاتني فتره لما تجيني نوبات قلق اقعد اقطع شفايفي ويبقي اثار لها يقهرر
لو كان الانتحار حلالاً ما بقيت💔😕,1,1,0,الانتحار حلالا بقيت💔😕,لو كان الانتحار حلالا ما بقيت💔😕
بعدين احلسي ابكي يالله قلبي خفقان,1,0,0,بعدين احلسي ابكي يالله قلبي خفقان,بعدين احلسي ابكي يالله قلبي خفقان
قمت من السرير لقيتني فسياره وقاعده ابكي,1,0,0,قمت السرير لقيتني فسياره وقاعده ابكي,قمت من السرير لقيتني فسياره وقاعده ابكي
الحياة نوبة هلع مستمرة,1,0,0,الحياه نوبه هلع مستمره,الحياه نوبه هلع مستمره
اكتئاب المشكلة 😂,1,0,0,اكتئاب المشكله,اكتئاب المشكله 😂
لا بأس ب نوبه إكتئاب صغيرة ☺️,1,1,0,باس نوبه اكتئاب صغيره,لا باس ب نوبه اكتئاب صغيره ☺️
عندك فوبيا التجمعات علاجه طبيب نفسي وترا بسيطه بس لا تهملينها وتصيرين بعدين تبكين ويمكن يغمى عليك اذا انتي في عزيمه او زواج,1,1,0,عندك فوبيا التجمعات علاجه طبيب نفسي وترا بسيطه تهملينها وتصيرين بعدين تبكين ويمكن يغمي عليك اذا انتي عزيمه زواج,عندك فوبيا التجمعات علاجه طبيب نفسي وترا بسيطه بس لا تهملينها وتصيرين بعدين تبكين ويمكن يغمي عليك اذا انتي في عزيمه او زواج
احتاج طبيب نفسي اروح افضفض له وامشي,1,0,0,احتاج طبيب نفسي اروح افضفض وامشي,احتاج طبيب نفسي اروح افضفض له وامشي
ده الاكتئاب لو شافنا حيجيلوا اكتئاب هو ذات نفسه 😂,1,0,0,الاكتئاب شافنا حيجيلوا اكتئاب ذات نفسه,ده الاكتئاب لو شافنا حيجيلوا اكتئاب هو ذات نفسه 😂
عطيته حب شريان و عطاني حِزن سلمان 💔,1,0,0,عطيته شريان عطاني حزن سلمان,عطيته حب شريان و عطاني حزن سلمان 💔
"اقول تمر الايام وانسى الحزن _x000D_
اثاري حياتي كلها من حزن بحزن",1,0,0,اقول تمر الايام وانسي الحزن اثاري حياتي كلها حزن بحزن,اقول تمر الايام وانسي الحزن _x<NUM>D_اثاري حياتي كلها من حزن بحزن
من السهل أن تبكي ولكن من الصعب تبرر سبب بكائك.,1,0,0,السهل تبكي ولكن الصعب تبرر سبب بكائك,من السهل ان تبكي ولكن من الصعب تبرر سبب بكائك.
وبعدين مع الرهاب الاجتماعي,1,0,0,وبعدين الرهاب الاجتماعي,وبعدين مع الرهاب الاجتماعي
أستطيعُ ملء فراغي وملء وقتي لكن لا شيء يستطيع ملء هذا الخواء في قلبي,1,1,0,استطيع ملء فراغي وملء وقتي شيء يستطيع ملء الخواء قلبي,استطيع ملء فراغي وملء وقتي لكن لا شيء يستطيع ملء هذا الخواء في قلبي
معرف ليش يوم خلصت المسلسل جاني اكتئاب أبغاها تكون معه لوهله حسيت أنهم لمسوا مشاعري حقيقي 😓💔,1,0,0,معرف ليش يوم خلصت المسلسل جاني اكتئاب ابغاها تكون معه لوهله حسيت انهم لمسوا مشاعري حقيقي,معرف ليش يوم خلصت المسلسل جاني اكتئاب ابغاها تكون معه لوهله حسيت انهم لمسوا مشاعري حقيقي 😓💔
اكتئاب 😔💔🤲🏻,1,0,0,اكتئاب 😔💔🤲🏻,اكتئاب 😔💔🤲🏻
يمكن عندك اكتئاب,1,0,0,يمكن عندك اكتئاب,يمكن عندك اكتئاب
انك تقعد مع نفسك وتفضل تفكر ف ذكريات حلوة من تلت اربع سنين فاتو طلع حوار جامد فشخ بس بينتهي ب كآبة باين,1,0,0,انك تقعد نفسك وتفضل تفكر ذكريات حلوه تلت اربع سنين فاتو طلع حوار جامد فشخ بينتهي كابه باين,انك تقعد مع نفسك وتفضل تفكر ف ذكريات حلوه من تلت اربع سنين فاتو طلع حوار جامد فشخ بس بينتهي ب كابه باين
واله ما أنا عارفه هو اكتئاب ولا انطفاء ولا نضج ولا وحدة ولا,1,1,0,واله انا عارفه اكتئاب ولا انطفاء ولا نضج ولا وحده ولا,واله ما انا عارفه هو اكتئاب ولا انطفاء ولا نضج ولا وحده ولا
اخر ماده مسبه لي قلق متى تنزل بس☹️💔,1,0,0,اخر ماده مسبه قلق متي تنزل بس☹️💔,اخر ماده مسبه لي قلق متي تنزل بس☹️💔
يزداد يقيني يوماً بعد يوم أن العطاء الذي يبذله صاحبه من دون مُقابل هو من يستلذّ بحلاوته قبل المُعطَى والعطاء ليس,1,1,0,يزداد يقيني يوما يوم العطاء الذي يبذله صاحبه دون مقابل يستلذ بحلاوته المعطي والعطاء ليس,يزداد يقيني يوما بعد يوم ان العطاء الذي يبذله صاحبه من دون مقابل هو من يستلذ بحلاوته قبل المعطي والعطاء ليس
لو الانتحار كان حلال كان زماني خلصت ع نفسي حالا,1,0,0,الانتحار حلال زماني خلصت نفسي حالا,لو الانتحار كان حلال كان زماني خلصت ع نفسي حالا
من يوم الجمعه وانا فكره الانتحار ببالي,1,0,0,يوم الجمعه وانا فكره الانتحار ببالي,من يوم الجمعه وانا فكره الانتحار ببالي
يخي حد بخ اكتئاب في الجو,1,0,0,يخي اكتئاب الجو,يخي حد بخ اكتئاب في الجو
افكار الانتحار من الطفوله تجيني لكن فيه فتره طويله قدرت اتحكم بهذه الافكار بس ماتوقعت انها كانت بس فتره,1,0,0,افكار الانتحار الطفوله تجيني فيه فتره طويله قدرت اتحكم بهذه الافكار ماتوقعت انها فتره,افكار الانتحار من الطفوله تجيني لكن فيه فتره طويله قدرت اتحكم بهذه الافكار بس ماتوقعت انها كانت بس فتره
عندي نوبات قلق بتيجي ف نص اليوم عادي اتطورت ما شاء الله بقت بتيجي ف اي وقت ,1,1,0,عندي نوبات قلق بتيجي اليوم عادي اتطورت شاء الله بقت بتيجي وقت,عندي نوبات قلق بتيجي ف نص اليوم عادي اتطورت ما شاء الله بقت بتيجي ف اي وقت
انا ماعصب بس ادخل بحاله اكتئاب ويصير مالي خلق لشيء,1,0,0,انا ماعصب ادخل بحاله اكتئاب ويصير مالي خلق لشيء,انا ماعصب بس ادخل بحاله اكتئاب ويصير مالي خلق لشيء
بديت أدخل أكتئاب والسبب رمضان,1,0,0,بديت ادخل اكتئاب والسبب رمضان,بديت ادخل اكتئاب والسبب رمضان
هذا فقط اذا اخذت بروزاك 😌 كيف بسامح من ظلمني كيف بسامح الي دمر نفسيتي بظلمه لي,1,0,0,فقط اذا اخذت بروزاك بسامح ظلمني بسامح الي دمر نفسيتي بظلمه,هذا فقط اذا اخذت بروزاك 😌 كيف بسامح من ظلمني كيف بسامح الي دمر نفسيتي بظلمه لي
احتاج طبيب نفسي,1,0,0,احتاج طبيب نفسي,احتاج طبيب نفسي
اكتئاب اكتئاب حاد,1,0,0,اكتئاب اكتئاب حاد,اكتئاب اكتئاب حاد
ما اكذب ابغى اروح ل طبيب نفسي صرت ابكي بدون سبب كذا فجأه تجمع الدموع الاكل يجيب لي الغثيان عاطفيه بزياده صرت مو طبيعي,1,1,0,اكذب ابغي اروح طبيب نفسي صرت ابكي بدون سبب كذا فجاه تجمع الدموع الاكل يجيب الغثيان عاطفيه بزياده صرت طبيعي,ما اكذب ابغي اروح ل طبيب نفسي صرت ابكي بدون سبب كذا فجاه تجمع الدموع الاكل يجيب لي الغثيان عاطفيه بزياده صرت مو طبيعي
لكل شخص يقرا كلامي انا بحاجة دعواتكم انا حزينة ويائسة وبائسة,1,0,0,لكل شخص يقرا كلامي انا بحاجه دعواتكم انا حزينه ويائسه وبائسه,لكل شخص يقرا كلامي انا بحاجه دعواتكم انا حزينه ويائسه وبائسه
أتظاهر بالقوة لكن قلبي يبكي كل يَوم.,1,0,0,اتظاهر بالقوه قلبي يبكي يوم,اتظاهر بالقوه لكن قلبي يبكي كل يوم.
مين قالك محد راح ينتحر لذا الاسباب الا فيه اشخاص كثير ينتحرون لان شخص مات او تعبو من الدراسه او حتى بسب,1,0,0,مين قالك محد راح ينتحر لذا الاسباب الا فيه اشخاص كثير ينتحرون لان شخص مات تعبو الدراسه حتي بسب,مين قالك محد راح ينتحر لذا الاسباب الا فيه اشخاص كثير ينتحرون لان شخص مات او تعبو من الدراسه او حتي بسب
احتاج طبيب نفسي ما يقلي حلك في الصلاة ويبغاني اقول لنفسي انت رائع في المرايا,1,1,0,احتاج طبيب نفسي يقلي حلك الصلاه ويبغاني اقول لنفسي انت رائع المرايا,احتاج طبيب نفسي ما يقلي حلك في الصلاه ويبغاني اقول لنفسي انت رائع في المرايا
الواحد محتاج يشتغل على رسالة الوداع عشان تكون جاهزة.  اكتئاب,1,0,0,الواحد محتاج يشتغل علي رساله الوداع عشان تكون جاهزه اكتئاب,الواحد محتاج يشتغل علي رساله الوداع عشان تكون جاهزه. اكتئاب
اشوي اكتئاب على بوادر إنتحار او يارب القيامة تقوم او شي من هذا القبيل,1,0,0,اشوي اكتئاب علي بوادر انتحار يارب القيامه تقوم القبيل,اشوي اكتئاب علي بوادر انتحار او يارب القيامه تقوم او شي من هذا القبيل
"السلام عليكم انا انحذفت من شخص ماتوقعتا منه _x000D_
المهم حالتي صعبه لي شهر لا اكل زي الناس وقاعد لحالي ولا احس فيه شيء",1,1,0,السلام عليكم انا انحذفت شخص ماتوقعتا منه المهم حالتي صعبه شهر اكل الناس وقاعد لحالي ولا احس فيه شيء,السلام عليكم انا انحذفت من شخص ماتوقعتا منه _x<NUM>D_المهم حالتي صعبه لي شهر لا اكل زي الناس وقاعد لحالي ولا احس فيه شيء
على حافة الانتحار,1,0,0,علي حافه الانتحار,علي حافه الانتحار
سلام عليكم انا استخدم دواء مضاد لاكتئاب اسم المادة العلمية سيرترالين الدواء اسمه لوسترال جرعة 150 ملغم,1,0,0,سلام عليكم انا استخدم دواء مضاد لاكتئاب اسم الماده العلميه سيرترالين الدواء اسمه لوسترال جرعه ملغم,سلام عليكم انا استخدم دواء مضاد لاكتئاب اسم الماده العلميه سيرترالين الدواء اسمه لوسترال جرعه <NUM> ملغم
قسم بالله لو الانتحار مو حرام ما اجلس ولا دقيقه بحياتي الزق ذي,1,1,0,قسم بالله الانتحار حرام اجلس ولا دقيقه بحياتي الزق,قسم بالله لو الانتحار مو حرام ما اجلس ولا دقيقه بحياتي الزق ذي
اجتني كآبة فضيعة والله💔,1,0,0,اجتني كابه فضيعه والله💔,اجتني كابه فضيعه والله💔
أكثر كلمة سمعتها من بدينا إمتحانات لسّه هي ضعفانة أوكي هي بالعادة الكلمة تفرّحني بس هالمرّة هذا الضعف من ورا الكآبه,1,0,0,اكثر كلمه سمعتها بدينا امتحانات لسه ضعفانه اوكي بالعاده الكلمه تفرحني هالمره الضعف ورا الكابه,اكثر كلمه سمعتها من بدينا امتحانات لسه هي ضعفانه اوكي هي بالعاده الكلمه تفرحني بس هالمره هذا الضعف من ورا الكابه
"حرفيا اي حاجه لها علاقه بالكليه بقيت بتجيبلي اكتئاب وضيق تنفس_x000D_
يارب اخلص واسافر بقي _x000D_
ولما حاجه تفكرني بيها اقول ال",1,0,0,حرفيا حاجه لها علاقه بالكليه بقيت بتجيبلي اكتئاب وضيق تنفس يارب اخلص واسافر بقي ولما حاجه تفكرني بيها اقول,حرفيا اي حاجه لها علاقه بالكليه بقيت بتجيبلي اكتئاب وضيق تنفس_x<NUM>D_يارب اخلص واسافر بقي _x<NUM>D_ولما حاجه تفكرني بيها اقول ال
مود الاكتئاب دا مش هيروح غير بعد الامتحانات كدا وعلينا خير ان شاء اله,1,1,0,مود الاكتئاب هيروح غير الامتحانات كدا وعلينا خير شاء اله,مود الاكتئاب دا مش هيروح غير بعد الامتحانات كدا وعلينا خير ان شاء اله
هو انا مش في علوم بس كل محاضراتي فيها واحب اقول ان المظاهر خداعه والكليه دي بتجيب اكتئاب وشكرا🙂,1,0,0,انا علوم محاضراتي فيها واحب اقول المظاهر خداعه والكليه بتجيب اكتئاب وشكرا🙂,هو انا مش في علوم بس كل محاضراتي فيها واحب اقول ان المظاهر خداعه والكليه دي بتجيب اكتئاب وشكرا🙂
من الصباح امي تقول ابكي ولا تحبسين دموعك واحس بينزل شلالات مو دموع,1,0,0,الصباح امي تقول ابكي ولا تحبسين دموعك واحس بينزل شلالات دموع,من الصباح امي تقول ابكي ولا تحبسين دموعك واحس بينزل شلالات مو دموع
يوم يحتاج طبيب نفسي ولا 🦦,1,0,0,يوم يحتاج طبيب نفسي ولا,يوم يحتاج طبيب نفسي ولا 🦦
إكتئاب حاد,1,0,0,اكتئاب حاد,اكتئاب حاد
يقال لي اربي قطو عشان يخف الاكتئاب جابت لي اكتئاب اكثر توبة اربي لا الحين ولا بعدين,1,1,0,يقال اربي قطو عشان يخف الاكتئاب جابت اكتئاب اكثر توبه اربي الحين ولا بعدين,يقال لي اربي قطو عشان يخف الاكتئاب جابت لي اكتئاب اكثر توبه اربي لا الحين ولا بعدين
مكتئبة اوي الفترة دي,1,0,0,مكتئبه اوي الفتره,مكتئبه اوي الفتره دي
بروح ابكي وانام احسن ,1,0,0,بروح ابكي وانام احسن,بروح ابكي وانام احسن
عايزة خلطة الخروج من الاكتئاب في يوم واحد ضروري,1,0,0,عايزه خلطه الخروج الاكتئاب يوم واحد ضروري,عايزه خلطه الخروج من الاكتئاب في يوم واحد ضروري
ويُرهقني أنني مليء بِما لا أستطيع وصفُه.,1,1,0,ويرهقني انني مليء بما استطيع وصفه,ويرهقني انني مليء بما لا استطيع وصفه.
"معدش حد يقولى انتى خسيتى كدا ليه _x000D_
مش ناقصة اكتئاب واله",1,0,0,معدش يقولي انتي خسيتي كدا ليه ناقصه اكتئاب واله,معدش حد يقولي انتي خسيتي كدا ليه _x<NUM>D_مش ناقصه اكتئاب واله
أنا مُتعب ولا أستطيع احتمِال أعباء هذا الشعور ، أشعر بثقِل كبير جداً ، يجّثم فوق صدري ، يجّثم فوق ظهري و يصقلني ، أشعر بثقل كبير جداً ، ثقل كئيب و سَاحق و مدمر ، لقد تعِدى مُفهوم الثقل,1,0,1,انا متعب ولا استطيع احتمال اعباء الشعور اشعر بثقل كبير جدا يجثم فوق صدري يجثم فوق ظهري يصقلني اشعر بثقل كبير جدا ثقل كئيب ساحق مدمر لقد تعدي مفهوم الثقل,انا متعب ولا استطيع احتمال اعباء هذا الشعور ، اشعر بثقل كبير جدا ، يجثم فوق صدري ، يجثم فوق ظهري و يصقلني ، اشعر بثقل كبير جدا ، ثقل كئيب و ساحق و مدمر ، لقد تعدي مفهوم الثقل
انا ضد الانتحار بس انا كل شوية بفكر فيه,1,0,0,انا الانتحار انا شويه بفكر فيه,انا ضد الانتحار بس انا كل شويه بفكر فيه
سامحني يا الله حين ابكي على قضائك رغم ايماني به,1,0,0,سامحني الله حين ابكي علي قضائك رغم ايماني,سامحني يا الله حين ابكي علي قضائك رغم ايماني به
اكتئاب حاد و كسل بالتزامن مع الميد,1,0,0,اكتئاب حاد كسل بالتزامن الميد,اكتئاب حاد و كسل بالتزامن مع الميد
اقسم باله قلق,1,0,0,اقسم باله قلق,اقسم باله قلق
جداً بس دخلت ف حالة اكتئاب,1,0,1,جدا دخلت حاله اكتئاب,جدا بس دخلت ف حاله اكتئاب
كآبه وضيقة صدر,1,0,0,كابه وضيقه صدر,كابه وضيقه صدر
 احتاج طبيب نفسي هو علاجي,1,0,0,احتاج طبيب نفسي علاجي,احتاج طبيب نفسي هو علاجي
هو شكل ف حد بيرش اكتئاب ف الجو 😭,1,0,0,شكل بيرش اكتئاب الجو,هو شكل ف حد بيرش اكتئاب ف الجو 😭
احس جاني اكتئاب وماقدرت اكملة 😥,1,0,0,احس جاني اكتئاب وماقدرت اكمله,احس جاني اكتئاب وماقدرت اكمله 😥
حان وقت الاكتئاب,1,0,0,حان وقت الاكتئاب,حان وقت الاكتئاب
متضايق حزين مهموم جايك اكتئاب بعد الفطور تفضل فيديو ينتشلك من جديد ويعيد لك الحياة,1,0,0,متضايق حزين مهموم جايك اكتئاب الفطور تفضل فيديو ينتشلك جديد ويعيد الحياه,متضايق حزين مهموم جايك اكتئاب بعد الفطور تفضل فيديو ينتشلك من جديد ويعيد لك الحياه
ماعاد افرق هي نوبات قلق او هلع,1,0,0,ماعاد افرق نوبات قلق هلع,ماعاد افرق هي نوبات قلق او هلع
بوادر اكتئاب,1,0,0,بوادر اكتئاب,بوادر اكتئاب
الموت اهون من العيشة مع اهلي,1,0,0,الموت اهون العيشه اهلي,الموت اهون من العيشه مع اهلي
قعدة البيت اكتئاب,1,0,0,قعده البيت اكتئاب,قعده البيت اكتئاب
اليوم بدون هدف أو إنجاز بيصدر اكتئاب حاد,1,1,0,اليوم بدون هدف انجاز بيصدر اكتئاب حاد,اليوم بدون هدف او انجاز بيصدر اكتئاب حاد
"أنا بطبيعتي قلِق وأنت بطريقة ما تعرف كيف تَغمُر أيامي بالطمأنينة_x000D_
مساحه",1,1,0,انا بطبيعتي قلق وانت بطريقه تعرف تغمر ايامي بالطمانينه مساحه,انا بطبيعتي قلق وانت بطريقه ما تعرف كيف تغمر ايامي بالطمانينه_x<NUM>D_مساحه
مع اني عارفه ان قدري وبيد رب العالمين بس برضو الخوف الي داخلي مو مقصر اتمنى اعدي فترة شتات ,1,0,0,اني عارفه قدري وبيد العالمين برضو الخوف الي داخلي مقصر اتمني اعدي فتره شتات,مع اني عارفه ان قدري وبيد رب العالمين بس برضو الخوف الي داخلي مو مقصر اتمني اعدي فتره شتات
الدم الي ف عيني مسبلي إكتئاب نفسي,1,0,0,الدم الي عيني مسبلي اكتئاب نفسي,الدم الي ف عيني مسبلي اكتئاب نفسي
كيف كسرتي الرهاب الاجتماعي بليز احس حياتي متوقفه وانا انسانه طموحه ابغى اكمل دراستي بعد الجامعه ,1,0,0,كسرتي الرهاب الاجتماعي بليز احس حياتي متوقفه وانا انسانه طموحه ابغي اكمل دراستي الجامعه,كيف كسرتي الرهاب الاجتماعي بليز احس حياتي متوقفه وانا انسانه طموحه ابغي اكمل دراستي بعد الجامعه
احس ان صدق فيني رهاب اشبي ارجف ترا سوق مو بيت قحاطين عشان تخافي,1,0,0,احس صدق فيني رهاب اشبي ارجف ترا سوق بيت قحاطين عشان تخافي,احس ان صدق فيني رهاب اشبي ارجف ترا سوق مو بيت قحاطين عشان تخافي
جالس ابكي,1,0,0,جالس ابكي,جالس ابكي
صباح الخير اما بعد احتاج طبيب نفسي 🥲,1,0,0,صباح الخير اما احتاج طبيب نفسي,صباح الخير اما بعد احتاج طبيب نفسي 🥲
وانا جوايا زلزال اكتئاب وملل,1,0,0,وانا جوايا زلزال اكتئاب وملل,وانا جوايا زلزال اكتئاب وملل
انا فيني رهاب اجتماعي من سنة 2019 بالبدايه كنت احسب عادي هالشي لقيتني حتى ماجلس مع اهلي واذا احد جا بيتنا اتوتر,1,0,0,انا فيني رهاب اجتماعي سنه بالبدايه كنت احسب عادي هالشي لقيتني حتي ماجلس اهلي واذا احد بيتنا اتوتر,انا فيني رهاب اجتماعي من سنه <NUM> بالبدايه كنت احسب عادي هالشي لقيتني حتي ماجلس مع اهلي واذا احد جا بيتنا اتوتر
انا حصلي اكتئاب بعد الولادة اسبابه كثير اهمها نمط الحياة تغير النوم شبه قل بشكل كب,1,0,0,انا حصلي اكتئاب الولاده اسبابه كثير اهمها نمط الحياه تغير النوم شبه بشكل,انا حصلي اكتئاب بعد الولاده اسبابه كثير اهمها نمط الحياه تغير النوم شبه قل بشكل كب
يأس يضيء ولا يحترق,1,0,0,ياس يضيء ولا يحترق,ياس يضيء ولا يحترق
وجهي من الحزن أصبح لا يُرى,1,1,0,وجهي الحزن اصبح يري,وجهي من الحزن اصبح لا يري
طبعاً أكيد مراح أنتحر هي مجرد أفكار اساساً صعب جداً الواحد ينتحر مجرد فكره لا اكثر ولا اقل ولا حتى حاولت مجرد افكار,1,1,1,طبعا اكيد مراح انتحر مجرد افكار اساسا صعب جدا الواحد ينتحر مجرد فكره اكثر ولا اقل ولا حتي حاولت مجرد افكار,طبعا اكيد مراح انتحر هي مجرد افكار اساسا صعب جدا الواحد ينتحر مجرد فكره لا اكثر ولا اقل ولا حتي حاولت مجرد افكار
أنا وحيده، هذه الحقيقه لن تُغادرني,1,1,0,انا وحيده، الحقيقه تغادرني,انا وحيده، هذه الحقيقه لن تغادرني
انا قدا قدا مكتئب,1,0,0,انا قدا قدا مكتئب,انا قدا قدا مكتئب
فجلست أبكى لأنى لمرة المليون خابت توقعاتي,1,0,0,فجلست ابكي لاني لمره المليون خابت توقعاتي,فجلست ابكي لاني لمره المليون خابت توقعاتي
ضغط نفسي و اكتئاب طبيعي يصير الي صار,1,0,0,ضغط نفسي اكتئاب طبيعي يصير الي صار,ضغط نفسي و اكتئاب طبيعي يصير الي صار
لوسمحتي فيه نظام غذائي معين تمشي عليه انا عندي نفس المشكلة ومسبه لي حالة اكتئاب بسب الارتجاع,1,0,0,لوسمحتي فيه نظام غذائي معين تمشي عليه انا عندي نفس المشكله ومسبه حاله اكتئاب بسب الارتجاع,لوسمحتي فيه نظام غذائي معين تمشي عليه انا عندي نفس المشكله ومسبه لي حاله اكتئاب بسب الارتجاع
مازلت أعاني من نوبات الحزن التي تأتيني بلا سبب وبلا موعد، مازلت اعاني من تفكيري الزائد الذي يُرهقني، مازلت اعاني من قلبي الذي يؤلمُني دائمًا، مازلت أعاني من الوحده المُفرطه بالرغم من أن حولي الكثير، ومازلت أتقن الصمت والكتمان، علي رغم الحرائق التي أشعُر بها .!,1,0,0,مازلت اعاني نوبات الحزن التي تاتيني بلا سبب وبلا موعد، مازلت اعاني تفكيري الزائد الذي يرهقني، مازلت اعاني قلبي الذي يؤلمني دائما، مازلت اعاني الوحده المفرطه بالرغم حولي الكثير، ومازلت اتقن الصمت والكتمان، علي رغم الحرائق التي اشعر بها,مازلت اعاني من نوبات الحزن التي تاتيني بلا سبب وبلا موعد، مازلت اعاني من تفكيري الزائد الذي يرهقني، مازلت اعاني من قلبي الذي يؤلمني دائما، مازلت اعاني من الوحده المفرطه بالرغم من ان حولي الكثير، ومازلت اتقن الصمت والكتمان، علي رغم الحرائق التي اشعر بها .!
 الي يعرف طبيب نفسي شاطر في أي محافظة يكتب اسمه ورقم العيادة أو أي طريقة تواصل وأسعار السيشن,1,0,0,الي يعرف طبيب نفسي شاطر محافظه يكتب اسمه ورقم العياده طريقه تواصل واسعار السيشن,الي يعرف طبيب نفسي شاطر في اي محافظه يكتب اسمه ورقم العياده او اي طريقه تواصل واسعار السيشن
ايه واله وش ذا حزن بس ماعليه من التطبيق انت افضل حساب عندي وعنهم كلهم,1,0,0,ايه واله حزن ماعليه التطبيق انت افضل حساب عندي وعنهم كلهم,ايه واله وش ذا حزن بس ماعليه من التطبيق انت افضل حساب عندي وعنهم كلهم
الحمدلله الذي نجاني من الدخول في هذا الادمان كنت قد وصلت إلى مرحلة يأس شديدة ,1,0,0,الحمدلله الذي نجاني الدخول الادمان كنت وصلت الي مرحله ياس شديده,الحمدلله الذي نجاني من الدخول في هذا الادمان كنت قد وصلت الي مرحله ياس شديده
رابط كبير بين الرهاب والقلق والاكتئاب والعيد,1,0,0,رابط كبير الرهاب والقلق والاكتئاب والعيد,رابط كبير بين الرهاب والقلق والاكتئاب والعيد
أكتئاب العام قاع يرجع بحذافيره,1,0,0,اكتئاب العام قاع يرجع بحذافيره,اكتئاب العام قاع يرجع بحذافيره
نفسي الدنيا تسبني ف حالي بق وتخليني انام ٨ ساعات بعمق كدا من غير قلق,1,1,0,نفسي الدنيا تسبني حالي وتخليني انام ساعات بعمق كدا غير قلق,نفسي الدنيا تسبني ف حالي بق وتخليني انام <NUM> ساعات بعمق كدا من غير قلق
ال ٥ ايام إجازة دول مش مطلع منهم غير ب اكتئاب,1,1,0,ايام اجازه دول مطلع منهم غير اكتئاب,ال <NUM> ايام اجازه دول مش مطلع منهم غير ب اكتئاب
لم أفكر أبدًا في الانتحار باعتباره حلا لأني أبغض الحياة بعد موت ابي,1,1,0,افكر ابدا الانتحار باعتباره حلا لاني ابغض الحياه موت ابي,لم افكر ابدا في الانتحار باعتباره حلا لاني ابغض الحياه بعد موت ابي
أشعر بأني منفصل عن العالم هل اني اعيش عزلة اختيارية,1,0,0,اشعر باني منفصل العالم اني اعيش عزله اختياريه,اشعر باني منفصل عن العالم هل اني اعيش عزله اختياريه
عايز انام ما اقومش,1,1,0,عايز انام اقومش,عايز انام ما اقومش
اجازه دى ولا اكتئاب ياربى 🥺,1,0,0,اجازه ولا اكتئاب ياربي,اجازه دي ولا اكتئاب ياربي 🥺
بس انا مريت بهذي الحاله بمجرد انه افكر في الانتحار يجيني شعور داخلي نوعا ما مريح وهو فقط عشان اخف الم الانتكاسه,1,1,0,انا مريت بهذي الحاله بمجرد انه افكر الانتحار يجيني شعور داخلي نوعا مريح وهو فقط عشان اخف الم الانتكاسه,بس انا مريت بهذي الحاله بمجرد انه افكر في الانتحار يجيني شعور داخلي نوعا ما مريح وهو فقط عشان اخف الم الانتكاسه
العزله علاج مش اكتئاب يابهايم,1,0,0,العزله علاج اكتئاب يابهايم,العزله علاج مش اكتئاب يابهايم
لست مكتئب لقد غادرت الاكتئاب منذ زمن الان انا ذابل منطفئ في مرحلة الاشعور لا فرح ولا حزن,1,1,0,لست مكتئب لقد غادرت الاكتئاب منذ زمن الان انا ذابل منطفئ مرحله الاشعور فرح ولا حزن,لست مكتئب لقد غادرت الاكتئاب منذ زمن الان انا ذابل منطفئ في مرحله الاشعور لا فرح ولا حزن
منجد قلق بس,1,0,0,منجد قلق,منجد قلق بس
"كلهم اسوأ من بعض _x000D_
الخساره مؤلمه والخوف من الخساره قلق _x000D_
بكلا الحالتين مافي راحه",1,0,0,كلهم اسوا بعض الخساره مؤلمه والخوف الخساره قلق بكلا الحالتين مافي راحه,كلهم اسوا من بعض _x<NUM>D_الخساره مؤلمه والخوف من الخساره قلق _x<NUM>D_بكلا الحالتين مافي راحه
2 ف حزن😔💔,1,0,0,حزن😔💔,<NUM> ف حزن😔💔
بلشت ابكي😂,1,0,0,بلشت ابكي😂,بلشت ابكي😂
الاكتئاب باين كده 🤦🏻‍♂️,1,0,0,الاكتئاب باين كده 🤦🏻‍♂️,الاكتئاب باين كده 🤦🏻♂️
مكنتش متخيلة الفترة دي بالذات من حياتي اني افكر في الانتحار بالشكل دا,1,0,0,مكنتش متخيله الفتره بالذات حياتي اني افكر الانتحار بالشكل,مكنتش متخيله الفتره دي بالذات من حياتي اني افكر في الانتحار بالشكل دا
ماقدرت اكمله دخلت اكتئاب بسبه,1,0,0,ماقدرت اكمله دخلت اكتئاب بسبه,ماقدرت اكمله دخلت اكتئاب بسبه
أتذكر بعدما ماتت أمي اله يرحمها كل الي حولي كانوا يسكتوني عندما أبكي بعدها أصبت بالاكتئاب,1,0,0,اتذكر بعدما ماتت امي اله يرحمها الي حولي كانوا يسكتوني عندما ابكي بعدها اصبت بالاكتئاب,اتذكر بعدما ماتت امي اله يرحمها كل الي حولي كانوا يسكتوني عندما ابكي بعدها اصبت بالاكتئاب
قاعده البيت اي ال تجيب اكتئاب ما انا مبخرجش من البيت واخر انبساط,1,1,0,قاعده البيت تجيب اكتئاب انا مبخرجش البيت واخر انبساط,قاعده البيت اي ال تجيب اكتئاب ما انا مبخرجش من البيت واخر انبساط
في كُلِ يومٍ أتناولُ وجبةُ مِنَ اليأسِ وأحتسي بالقُربِ مِنها شراباً مِنَ البؤس،و على يساري صحيفةُ الكاَبةِ نصُ موجودً بها يقول:عزيزي القارء، ستموت عما قريب!,1,0,0,يوم اتناول وجبه الياس واحتسي بالقرب منها شرابا البؤس،و علي يساري صحيفه الكابه موجود بها يقول عزيزي القارء، ستموت عما قريب,في كل يوم اتناول وجبه من الياس واحتسي بالقرب منها شرابا من البؤس،و علي يساري صحيفه الكابه نص موجود بها يقول:عزيزي القارء، ستموت عما قريب!
كمية سلبيه على التايم لاين تكفيك تدخلك فى اكتئاب شهرين,1,0,0,كميه سلبيه علي التايم لاين تكفيك تدخلك اكتئاب شهرين,كميه سلبيه علي التايم لاين تكفيك تدخلك في اكتئاب شهرين
أحس اني ابغى ابكي وابكي وابكي لين أموت,1,0,0,احس اني ابغي ابكي وابكي وابكي لين اموت,احس اني ابغي ابكي وابكي وابكي لين اموت
ماهي دي فاتحة دراعتها وبرضو جايبلنا إكتئاب,1,0,0,ماهي فاتحه دراعتها وبرضو جايبلنا اكتئاب,ماهي دي فاتحه دراعتها وبرضو جايبلنا اكتئاب
مو كافي اكتئاب فارق ال ٧ نقاط امس 🙈😁,1,0,0,كافي اكتئاب فارق نقاط امس,مو كافي اكتئاب فارق ال <NUM> نقاط امس 🙈😁
متى تجيك مشاكل القولون بعد زعل بعد أكل دسم بعد توتر وعصبية بعد قلق وتفكير تكتم في نفسك ولا تنفس,1,0,0,متي تجيك مشاكل القولون زعل اكل دسم توتر وعصبيه قلق وتفكير تكتم نفسك ولا تنفس,متي تجيك مشاكل القولون بعد زعل بعد اكل دسم بعد توتر وعصبيه بعد قلق وتفكير تكتم في نفسك ولا تنفس
انا داخل علي ازمه اكتئاب حاجه محترمه كده ويابخت كل واحد مش في ثانويه عامه بجد وحقيقي مش هيعرف ولا يفهم غير الي جرب,1,1,0,انا داخل علي ازمه اكتئاب حاجه محترمه كده ويابخت واحد ثانويه عامه بجد وحقيقي هيعرف ولا يفهم غير الي جرب,انا داخل علي ازمه اكتئاب حاجه محترمه كده ويابخت كل واحد مش في ثانويه عامه بجد وحقيقي مش هيعرف ولا يفهم غير الي جرب
حزن 💔 بس عادي مو اني الي خسرته هو الي خسرني🙂♥️,1,0,0,حزن عادي اني الي خسرته الي خسرني🙂♥️,حزن 💔 بس عادي مو اني الي خسرته هو الي خسرني🙂♥️
لو الانتحار مو حرام كان مت من اول ولا عشت بالدنيا,1,0,0,الانتحار حرام اول ولا عشت بالدنيا,لو الانتحار مو حرام كان مت من اول ولا عشت بالدنيا
انا اتشخصت اني عندي اكتئاب و الدكتور كاتبلي دواين امبارح اخدت اول جرعة و رايحه ارميهم دلوقتي في الزبالة,1,0,0,انا اتشخصت اني عندي اكتئاب الدكتور كاتبلي دواين امبارح اخدت اول جرعه رايحه ارميهم دلوقتي الزباله,انا اتشخصت اني عندي اكتئاب و الدكتور كاتبلي دواين امبارح اخدت اول جرعه و رايحه ارميهم دلوقتي في الزباله
أعرف أن الموضوع صعب بس حاولي تنسيه واضحكي واطلعي مع رفيقاتك صدقيني اذا انطويتي على نفسك وعشتي منعزلة عن العالم راح يجيك اكتئاب,1,0,0,اعرف الموضوع صعب حاولي تنسيه واضحكي واطلعي رفيقاتك صدقيني اذا انطويتي علي نفسك وعشتي منعزله العالم راح يجيك اكتئاب,اعرف ان الموضوع صعب بس حاولي تنسيه واضحكي واطلعي مع رفيقاتك صدقيني اذا انطويتي علي نفسك وعشتي منعزله عن العالم راح يجيك اكتئاب
يائس من الحياة,1,0,0,يائس الحياه,يائس من الحياه
خدني يا رب انا مش سعيدة ابدا,1,0,0,خدني انا سعيده ابدا,خدني يا رب انا مش سعيده ابدا
عزله بجد,1,0,0,عزله بجد,عزله بجد
صدق واله انا فيني اكتئاب,1,0,0,صدق واله انا فيني اكتئاب,صدق واله انا فيني اكتئاب
وشي من كتر الاكتئاب اتملي علامات وحبوب والله 💔😞,1,0,0,وشي كتر الاكتئاب اتملي علامات وحبوب والله,وشي من كتر الاكتئاب اتملي علامات وحبوب والله 💔😞
"يا ويل قلبي يموت لا ابتدى يواسيك_x000D_
ميت حزن مع كذا بالحيل يوفيلك",1,1,0,ويل قلبي يموت ابتدي يواسيك ميت حزن كذا بالحيل يوفيلك,يا ويل قلبي يموت لا ابتدي يواسيك_x<NUM>D_ميت حزن مع كذا بالحيل يوفيلك
تافه نهاراً بائس مكتئب ليلاً,1,0,0,تافه نهارا بائس مكتئب ليلا,تافه نهارا بائس مكتئب ليلا
لأسف فقدت خبرتي بالتشبيك صرت اتأمل الحلوين وادخل بحالة اكتئاب ☹,1,0,0,لاسف فقدت خبرتي بالتشبيك صرت اتامل الحلوين وادخل بحاله اكتئاب,لاسف فقدت خبرتي بالتشبيك صرت اتامل الحلوين وادخل بحاله اكتئاب ☹
من فترة طويله جدًا جدًا قلت لصحبتي إني عندي ميول أنتحارية فقالتلي علي فكرة الإنتحار مش حرام ,1,0,0,فتره طويله جدا جدا قلت لصحبتي اني عندي ميول انتحاريه فقالتلي علي فكره الانتحار حرام,من فتره طويله جدا جدا قلت لصحبتي اني عندي ميول انتحاريه فقالتلي علي فكره الانتحار مش حرام
ولك اخذت حجيك وصابني اكتئاب وخمول وتعب من وره النوم 🥲,1,0,0,ولك اخذت حجيك وصابني اكتئاب وخمول وتعب وره النوم,ولك اخذت حجيك وصابني اكتئاب وخمول وتعب من وره النوم 🥲
دا اكتئاب زياده عن الازم🙂,1,0,0,اكتئاب زياده الازم🙂,دا اكتئاب زياده عن الازم🙂
ياه يا كآبة المنظر سبحانه مغير الاحوال,1,0,0,ياه كابه المنظر سبحانه مغير الاحوال,ياه يا كابه المنظر سبحانه مغير الاحوال
قلت لدكتورة فيني رُهاب اجتماعي قالت لي حافظي على صلاتك,1,0,0,قلت لدكتوره فيني رهاب اجتماعي قالت حافظي علي صلاتك,قلت لدكتوره فيني رهاب اجتماعي قالت لي حافظي علي صلاتك
وانت تشرح لاصدقائك ليش لازم تختفي بين فتره وفتره عشانك مكتئب ونفسيتك تأثر على اسلوبك وماتبي تكلمهم بأسلوب مو متعودين عليه,1,0,0,وانت تشرح لاصدقائك ليش لازم تختفي فتره وفتره عشانك مكتئب ونفسيتك تاثر علي اسلوبك وماتبي تكلمهم باسلوب متعودين عليه,وانت تشرح لاصدقائك ليش لازم تختفي بين فتره وفتره عشانك مكتئب ونفسيتك تاثر علي اسلوبك وماتبي تكلمهم باسلوب مو متعودين عليه
او حزن ايهما اقرب,1,0,0,حزن ايهما اقرب,او حزن ايهما اقرب
إحساس اني عايزة انعزل عن العالم ملازمني بقاله كام يوم ، وربنا يستر بجد انا مش حمل نوبات اكتئاب تاني,1,0,0,احساس اني عايزه انعزل العالم ملازمني بقاله كام يوم وربنا يستر بجد انا حمل نوبات اكتئاب تاني,احساس اني عايزه انعزل عن العالم ملازمني بقاله كام يوم ، وربنا يستر بجد انا مش حمل نوبات اكتئاب تاني
تبقي قاعد مكتئب وساكت ومضايق وفي حالك ومفتحتش بوقك بكلمة وفاضلك تكة وتولع في نفسك ودول يجوا يتخانقوا معاك,1,0,0,تبقي قاعد مكتئب وساكت ومضايق وفي حالك ومفتحتش بوقك بكلمه وفاضلك تكه وتولع نفسك ودول يجوا يتخانقوا معاك,تبقي قاعد مكتئب وساكت ومضايق وفي حالك ومفتحتش بوقك بكلمه وفاضلك تكه وتولع في نفسك ودول يجوا يتخانقوا معاك
اكتئاب ده صح,1,0,0,اكتئاب,اكتئاب ده صح
كان ما صار عندك شغف ولا حياه بختصار كانك تشاهدين فلم عارفه نهايته مافيه حماس ولا حزن ولا فرح لانك اوردي عارفه النهايه,1,1,0,صار عندك شغف ولا حياه بختصار كانك تشاهدين فلم عارفه نهايته مافيه حماس ولا حزن ولا فرح لانك اوردي عارفه النهايه,كان ما صار عندك شغف ولا حياه بختصار كانك تشاهدين فلم عارفه نهايته مافيه حماس ولا حزن ولا فرح لانك اوردي عارفه النهايه
لا حزن,1,1,0,حزن,لا حزن
حتى الآن لم يفهمني أحد لا أحد يعرفني على حقيقتي لطالما اعتقدت أني وجدت ذلك الشخص الذي يفهم الإنكسار خلف قوتي,1,1,0,حتي الان يفهمني احد احد يعرفني علي حقيقتي لطالما اعتقدت اني وجدت الشخص الذي يفهم الانكسار خلف قوتي,حتي الان لم يفهمني احد لا احد يعرفني علي حقيقتي لطالما اعتقدت اني وجدت ذلك الشخص الذي يفهم الانكسار خلف قوتي
نفسي انتحر واشوف طعم انتحار ازاي اول ما اخش نار,1,1,0,نفسي انتحر واشوف طعم انتحار ازاي اول اخش نار,نفسي انتحر واشوف طعم انتحار ازاي اول ما اخش نار
نو ابكي ابكي وربي,1,0,0,ابكي ابكي وربي,نو ابكي ابكي وربي
في دور اكتئاب داخل عليا وانا لسه مخلصتش الي معايا,1,0,0,دور اكتئاب داخل عليا وانا لسه مخلصتش الي معايا,في دور اكتئاب داخل عليا وانا لسه مخلصتش الي معايا
 والله اكتشفت ٢ من صديقاتي يعانين من الاكتئاب من خلال ملامحهم شئ مرعب وجه مطفي حتى في عز الضحك لازلت ارى ملامح باكيه خلف الاقنعه,1,0,0,والله اكتشفت صديقاتي يعانين الاكتئاب خلال ملامحهم مرعب وجه مطفي حتي الضحك لازلت اري ملامح باكيه خلف الاقنعه,والله اكتشفت <NUM> من صديقاتي يعانين من الاكتئاب من خلال ملامحهم شئ مرعب وجه مطفي حتي في عز الضحك لازلت اري ملامح باكيه خلف الاقنعه
مو مصدقه اني كل مره افتكر ابكي,1,0,0,مصدقه اني مره افتكر ابكي,مو مصدقه اني كل مره افتكر ابكي
كلنا نحتاج هاليله الي تكون بدون قلق,1,1,0,كلنا نحتاج هاليله الي تكون بدون قلق,كلنا نحتاج هاليله الي تكون بدون قلق
ياهكر ياعيني ليش تسبين لي اكتئاب بفديو المختله هذي 💔,1,0,0,ياهكر ياعيني ليش تسبين اكتئاب بفديو المختله هذي,ياهكر ياعيني ليش تسبين لي اكتئاب بفديو المختله هذي 💔
أنا مكتئب بس مش كئيب,1,0,0,انا مكتئب كئيب,انا مكتئب بس مش كئيب
انا عندي اكتئاب نوعين واحد يسد نفسي عن الاكل و غالبًا هذا يكون مصحوب بقلق الثاني يفتح شهتي على الاكل,1,0,0,انا عندي اكتئاب نوعين واحد يسد نفسي الاكل غالبا مصحوب بقلق الثاني يفتح شهتي علي الاكل,انا عندي اكتئاب نوعين واحد يسد نفسي عن الاكل و غالبا هذا يكون مصحوب بقلق الثاني يفتح شهتي علي الاكل
واله ما أنا عارفه هو إكتئاب و لا إنطفاء و لا نضج و لا وحدة و لا توحد و لا 🙄,1,1,0,واله انا عارفه اكتئاب انطفاء نضج وحده توحد,واله ما انا عارفه هو اكتئاب و لا انطفاء و لا نضج و لا وحده و لا توحد و لا 🙄
مع ان واله اني انا احط الدخان كحبوب الاكتئاب يعني هو مخرجي من الاكتئاب الي انا عايشه و لو سبته ولا اهلي اجبروني,1,0,0,واله اني انا احط الدخان كحبوب الاكتئاب يعني مخرجي الاكتئاب الي انا عايشه سبته ولا اهلي اجبروني,مع ان واله اني انا احط الدخان كحبوب الاكتئاب يعني هو مخرجي من الاكتئاب الي انا عايشه و لو سبته ولا اهلي اجبروني
"19_x000D_
دخلت بروفايلك جالي اكتئاب انت بتعمل ف نفسك كده ليه ي بني 😂💃🏻",1,0,0,دخلت بروفايلك جالي اكتئاب انت بتعمل نفسك كده ليه بني 😂💃🏻,<NUM>_x<NUM>D_دخلت بروفايلك جالي اكتئاب انت بتعمل ف نفسك كده ليه ي بني 😂💃🏻
اكتئاب بعد التخرج بدأ من اول يوم ماشاء اله 🙃,1,0,0,اكتئاب التخرج بدا اول يوم ماشاء اله,اكتئاب بعد التخرج بدا من اول يوم ماشاء اله 🙃
اقسم بالله راسي صدع من الهم والحزن هذا يعور يعور ابكي ما استحمل😭💔😭💔😭💔😭💔😭,1,1,0,اقسم بالله راسي صدع الهم والحزن يعور يعور ابكي استحمل😭💔😭💔😭💔😭💔😭,اقسم بالله راسي صدع من الهم والحزن هذا يعور يعور ابكي ما استحمل😭💔😭💔😭💔😭💔😭
"صارت الجنة العليا اكتئاب علينا_x000D_
ومرض وهم وقم _x000D_
_x000D_
الجنهالعليا",1,0,0,صارت الجنه العليا اكتئاب علينا ومرض وهم وقم الجنهالعليا,صارت الجنه العليا اكتئاب علينا_x<NUM>D_ومرض وهم وقم _x<NUM>D__x<NUM>D_الجنهالعليا
و لماذا الإنتحار يا الله محرمٌ على من لا يريد الحياة,1,1,0,لماذا الانتحار الله محرم علي يريد الحياه,و لماذا الانتحار يا الله محرم علي من لا يريد الحياه
لا انا لساتني مبتدئه وضياع الشاحن حالة اكتئاب حاده جدا جدا جدا,1,1,0,انا لساتني مبتدئه وضياع الشاحن حاله اكتئاب حاده جدا جدا جدا,لا انا لساتني مبتدئه وضياع الشاحن حاله اكتئاب حاده جدا جدا جدا
من المتوسط ودائما أحس فيه مشكلة دائما الي حولي لما أنفتح زي زهره يدعسوا علي يحسوني أني أكون أنا شيء غلط,1,0,0,المتوسط ودائما احس فيه مشكله دائما الي حولي لما انفتح زهره يدعسوا علي يحسوني اني اكون انا شيء غلط,من المتوسط ودائما احس فيه مشكله دائما الي حولي لما انفتح زي زهره يدعسوا علي يحسوني اني اكون انا شيء غلط
بقالي كتير فشخ ف دور اكتئاب ابن حرام واليومين دول بحاول اموڤ اون وارجع ل حياتي تاني ف اتمنى مرجعش تاني علشان انا حر,1,0,0,بقالي كتير فشخ دور اكتئاب ابن حرام واليومين دول بحاول اموڤ اون وارجع حياتي تاني اتمني مرجعش تاني علشان انا,بقالي كتير فشخ ف دور اكتئاب ابن حرام واليومين دول بحاول اموڤ اون وارجع ل حياتي تاني ف اتمني مرجعش تاني علشان انا حر
اكتئاب ولا انطفاء,1,0,0,اكتئاب ولا انطفاء,اكتئاب ولا انطفاء
ابكي بصمت ليا شهور ابي اطلع💔,1,0,0,ابكي بصمت ليا شهور ابي اطلع💔,ابكي بصمت ليا شهور ابي اطلع💔
"بعض الاخوان والأخوات_x000D_
مشكلتهم مشكله_x000D_
هل تعاني من اكتئاب عليك بمتابعته هذا الحساب لا لا مو جذي قولو آد لفلان وخلاص ليش",1,1,0,بعض الاخوان والاخوات مشكلتهم مشكله تعاني اكتئاب عليك بمتابعته الحساب جذي قولو لفلان وخلاص ليش,بعض الاخوان والاخوات_x<NUM>D_مشكلتهم مشكله_x<NUM>D_هل تعاني من اكتئاب عليك بمتابعته هذا الحساب لا لا مو جذي قولو اد لفلان وخلاص ليش
من صحيت وانا حايشني اكتئاب ما اعرف مصدره,1,1,0,صحيت وانا حايشني اكتئاب اعرف مصدره,من صحيت وانا حايشني اكتئاب ما اعرف مصدره
كآبه وحزن,1,0,0,كابه وحزن,كابه وحزن
بس ابكي,1,0,0,ابكي,بس ابكي
و لا يفصل بينِي وبين الانتحَار سوْى شعرة ايمَان إنْ طارت فِي لحظة ضعف لفعلتهَا وتركتْ الدُنيا بمَا فيهَا 🖤,1,1,0,يفصل بيني وبين الانتحار سوي شعره ايمان طارت لحظه ضعف لفعلتها وتركت الدنيا بما فيها,و لا يفصل بيني وبين الانتحار سوي شعره ايمان ان طارت في لحظه ضعف لفعلتها وتركت الدنيا بما فيها 🖤
ترقب خوف قلق توتر يارب ياكريم وفق أهلينا يارب وماخاب من قال يارب 🙏💚,1,0,0,ترقب خوف قلق توتر يارب ياكريم وفق اهلينا يارب وماخاب قال يارب,ترقب خوف قلق توتر يارب ياكريم وفق اهلينا يارب وماخاب من قال يارب 🙏💚
رتويت اله يسعدك احتاج طرق لتخلص من الرهاب الاجتماعي ابي ازيد ثقتي بنفسي كيف الله يسعدكم 🤍,1,0,0,رتويت اله يسعدك احتاج طرق لتخلص الرهاب الاجتماعي ابي ازيد ثقتي بنفسي الله يسعدكم,رتويت اله يسعدك احتاج طرق لتخلص من الرهاب الاجتماعي ابي ازيد ثقتي بنفسي كيف الله يسعدكم 🤍
فيني من المشاعر مايكفي ديره كأبه وضيقه وملل شديد,1,0,0,فيني المشاعر مايكفي ديره كابه وضيقه وملل شديد,فيني من المشاعر مايكفي ديره كابه وضيقه وملل شديد
صارلي كم يوم عم ابكي ,1,0,0,صارلي يوم ابكي,صارلي كم يوم عم ابكي
لفاقد الأمان قلق ميز وهالة منكمشة ونظرات غائمة تعرفه من محاولته لاجتذاب اي شيء بالقرب منه,1,0,0,لفاقد الامان قلق ميز وهاله منكمشه ونظرات غائمه تعرفه محاولته لاجتذاب شيء بالقرب منه,لفاقد الامان قلق ميز وهاله منكمشه ونظرات غائمه تعرفه من محاولته لاجتذاب اي شيء بالقرب منه
الحمدله حسيت اني انسانه طبيعيه يوم شفت ان الكل حايشه اكتئاب طفيف ذيك الفتره 💃🏻اله يلوم الي يلومنا صراحتاً,1,0,0,الحمدله حسيت اني انسانه طبيعيه يوم شفت الكل حايشه اكتئاب طفيف ذيك الفتره 💃🏻اله يلوم الي يلومنا صراحتا,الحمدله حسيت اني انسانه طبيعيه يوم شفت ان الكل حايشه اكتئاب طفيف ذيك الفتره 💃🏻اله يلوم الي يلومنا صراحتا
نفسي مره احس اني حره في اي حاجه في حياتي هموت مخنوقة في الآخر,1,0,0,نفسي مره احس اني حره حاجه حياتي هموت مخنوقه الاخر,نفسي مره احس اني حره في اي حاجه في حياتي هموت مخنوقه في الاخر
الحمدله الذي بنعمته تم الصالحات الانستجرام جابلي اكتئاب,1,0,0,الحمدله الذي بنعمته الصالحات الانستجرام جابلي اكتئاب,الحمدله الذي بنعمته تم الصالحات الانستجرام جابلي اكتئاب
انعدام الرغبه بالارتباط نضج ليس إكتئاب 🖤,1,1,0,انعدام الرغبه بالارتباط نضج ليس اكتئاب,انعدام الرغبه بالارتباط نضج ليس اكتئاب 🖤
وتَهوى الانعزال وتَخشى أنْ تَبقى وَحيداً,1,0,0,وتهوي الانعزال وتخشي تبقي وحيدا,وتهوي الانعزال وتخشي ان تبقي وحيدا
ابي ابكي بس شلون,1,0,0,ابي ابكي شلون,ابي ابكي بس شلون
افكار انتحار تراودني دائما,1,0,0,افكار انتحار تراودني دائما,افكار انتحار تراودني دائما
بس بقالي فتره كل ما افتح الفيس الاقي اخبار وحشه موت مرض حوادث خراب خوف و رعب من الناس لما خلاص جالي اكتئاب,1,1,0,بقالي فتره افتح الفيس الاقي اخبار وحشه موت مرض حوادث خراب خوف رعب الناس لما خلاص جالي اكتئاب,بس بقالي فتره كل ما افتح الفيس الاقي اخبار وحشه موت مرض حوادث خراب خوف و رعب من الناس لما خلاص جالي اكتئاب
السبب ده جايبلي اكتئاب وهما اهلي والحياة🖐🥲💔,1,0,0,السبب جايبلي اكتئاب وهما اهلي والحياه🖐🥲💔,السبب ده جايبلي اكتئاب وهما اهلي والحياه🖐🥲💔
اكتئاب من الان,1,0,0,اكتئاب الان,اكتئاب من الان
يجيني اكتئاب لما تكلم معاي اكرها حياه تعيسه لها,1,0,0,يجيني اكتئاب لما تكلم معاي اكرها حياه تعيسه لها,يجيني اكتئاب لما تكلم معاي اكرها حياه تعيسه لها
وانا مكتئب وحزين اول مره اكون كده الحمدلله,1,0,0,وانا مكتئب وحزين اول مره اكون كده الحمدلله,وانا مكتئب وحزين اول مره اكون كده الحمدلله
أنا لو اتعرضت علي دكتور نفسي هجبله اكتئاب بجد مش بهزر,1,0,0,انا اتعرضت علي دكتور نفسي هجبله اكتئاب بجد بهزر,انا لو اتعرضت علي دكتور نفسي هجبله اكتئاب بجد مش بهزر
اتفق اصلا اصحى الساعة 10 بسوي نفسي مبسوطة لعشر دقايق وبعدها يبدء حزن العيد,1,0,0,اتفق اصلا اصحي الساعه بسوي نفسي مبسوطه لعشر دقايق وبعدها يبدء حزن العيد,اتفق اصلا اصحي الساعه <NUM> بسوي نفسي مبسوطه لعشر دقايق وبعدها يبدء حزن العيد
خرا بشكل ابله العربي تبيني اكتب لها خطبه عن التفاؤل وانا اصلا مكتئب,1,0,0,خرا بشكل ابله العربي تبيني اكتب لها خطبه التفاؤل وانا اصلا مكتئب,خرا بشكل ابله العربي تبيني اكتب لها خطبه عن التفاؤل وانا اصلا مكتئب
لما الواحد ينام الصبح ويصحي باليل بيبقي اليوم مفهوش بركه كدا وكله اكتئاب وحاجه منتهي الوحده ,1,0,0,لما الواحد ينام الصبح ويصحي باليل بيبقي اليوم مفهوش بركه كدا وكله اكتئاب وحاجه منتهي الوحده,لما الواحد ينام الصبح ويصحي باليل بيبقي اليوم مفهوش بركه كدا وكله اكتئاب وحاجه منتهي الوحده
اخر كتاب قريته حقيقي دخلني في اكتئاب صعب الي هو فيه ايه,1,0,0,اخر كتاب قريته حقيقي دخلني اكتئاب صعب الي فيه ايه,اخر كتاب قريته حقيقي دخلني في اكتئاب صعب الي هو فيه ايه
ابغي ابكي لين تخلص الدموع الي بعيوني😭,1,0,0,ابغي ابكي لين تخلص الدموع الي بعيوني😭,ابغي ابكي لين تخلص الدموع الي بعيوني😭
حتي البكاء لن يجدي,1,1,0,حتي البكاء يجدي,حتي البكاء لن يجدي
واله الواحد معد يدري هو اكتئاب ولا انطفاء ولا نضج ولا انعدام الشغف ولا وش بالضبط,1,0,0,واله الواحد معد يدري اكتئاب ولا انطفاء ولا نضج ولا انعدام الشغف ولا بالضبط,واله الواحد معد يدري هو اكتئاب ولا انطفاء ولا نضج ولا انعدام الشغف ولا وش بالضبط
الجو بعمل اكتئاب,1,0,0,الجو بعمل اكتئاب,الجو بعمل اكتئاب
تغيرت النفسية خمس دقايق بس ورجعت مكتئب,1,0,0,تغيرت النفسيه خمس دقايق ورجعت مكتئب,تغيرت النفسيه خمس دقايق بس ورجعت مكتئب
في ريحه اكتئاب في الجو,1,0,0,ريحه اكتئاب الجو,في ريحه اكتئاب في الجو
"كان قاعد وسط شلة غربان جابوله اكتئاب 😂_x000D_
الحمد له احنا كمان خلصنا منهم 🥳",1,0,0,قاعد وسط شله غربان جابوله اكتئاب الحمد احنا كمان خلصنا منهم,كان قاعد وسط شله غربان جابوله اكتئاب 😂_x<NUM>D_الحمد له احنا كمان خلصنا منهم 🥳
حزنٍ سهَر في عيوني ماغفى طرفه,1,0,0,حزن سهر عيوني ماغفي طرفه,حزن سهر في عيوني ماغفي طرفه
مشاعر ملخبطه حزن ع اكتئاب مدري شلون,1,0,0,مشاعر ملخبطه حزن اكتئاب مدري شلون,مشاعر ملخبطه حزن ع اكتئاب مدري شلون
شكلها ليلة اكتئاب توقعت تحسن الوضع لأنها ما جتني من فترة لكن بوادر القلق والتوتر بدأت تطغى,1,1,0,شكلها ليله اكتئاب توقعت تحسن الوضع لانها جتني فتره بوادر القلق والتوتر بدات تطغي,شكلها ليله اكتئاب توقعت تحسن الوضع لانها ما جتني من فتره لكن بوادر القلق والتوتر بدات تطغي
على يداي تكدسات الارق وفي عيناي بريق من قلق,1,0,0,علي يداي تكدسات الارق وفي عيناي بريق قلق,علي يداي تكدسات الارق وفي عيناي بريق من قلق
الحمدله خلصت اخيرا ونفسيتي خلصت مع الاختبارات وجاني اكتئاب 😍,1,0,0,الحمدله خلصت اخيرا ونفسيتي خلصت الاختبارات وجاني اكتئاب,الحمدله خلصت اخيرا ونفسيتي خلصت مع الاختبارات وجاني اكتئاب 😍
لصائم دعوة لا تُرد يارب أبطّل مكتئب وعوِّضني,1,1,0,لصائم دعوه ترد يارب ابطل مكتئب وعوضني,لصائم دعوه لا ترد يارب ابطل مكتئب وعوضني
منو راح طبيب نفسي بسبة الجائحة — انا محتاج واحد هالفترة مو بسب الجائحة,1,0,0,منو راح طبيب نفسي بسبه الجائحه انا محتاج واحد هالفتره بسب الجائحه,منو راح طبيب نفسي بسبه الجائحه - انا محتاج واحد هالفتره مو بسب الجائحه
جربت اوقف على راسي بعد عده محاولات عالجدار والحين قاعده ادفع الثمن احساس غريب بجسمي كله واول مره تجيني نوبه هلع,1,0,0,جربت اوقف علي راسي عده محاولات عالجدار والحين قاعده ادفع الثمن احساس غريب بجسمي كله واول مره تجيني نوبه هلع,جربت اوقف علي راسي بعد عده محاولات عالجدار والحين قاعده ادفع الثمن احساس غريب بجسمي كله واول مره تجيني نوبه هلع
فعلا ترا عنده اكتئاب حاد والحركات الي شفتموها نتيجه لادويه الي ياخذها ,1,0,0,فعلا ترا عنده اكتئاب حاد والحركات الي شفتموها نتيجه لادويه الي ياخذها,فعلا ترا عنده اكتئاب حاد والحركات الي شفتموها نتيجه لادويه الي ياخذها
في اشي اسمه اكتئاب ما قبل المغرب لازم يعملوا ابحاث عنه,1,1,0,اشي اسمه اكتئاب المغرب لازم يعملوا ابحاث عنه,في اشي اسمه اكتئاب ما قبل المغرب لازم يعملوا ابحاث عنه
عندي اكتئاب حاد دلوقتي,1,0,0,عندي اكتئاب حاد دلوقتي,عندي اكتئاب حاد دلوقتي
ميته حزن كيف ينتظر نفسره له وجه مغسول بزق😭,1,0,0,ميته حزن ينتظر نفسره وجه مغسول بزق😭,ميته حزن كيف ينتظر نفسره له وجه مغسول بزق😭
أنا شايف إن احسن حاجة تقدمها لنفسك الفترة دي إنك تعود علي الحياة لوحدك تعيش لوحدك تخرج لوحدك تاخد قرارات ل,1,0,0,انا شايف احسن حاجه تقدمها لنفسك الفتره انك تعود علي الحياه لوحدك تعيش لوحدك تخرج لوحدك تاخد قرارات,انا شايف ان احسن حاجه تقدمها لنفسك الفتره دي انك تعود علي الحياه لوحدك تعيش لوحدك تخرج لوحدك تاخد قرارات ل
"نفسه_x000D_
وكذالك مايصير مثلي ويتخذ قرارات خاطئه بفتره يمر بيه بازمه نفسيه او حالة اكتئاب او او لان يكون معمي_x000D_
وسلامتكم",1,0,0,نفسه وكذالك مايصير مثلي ويتخذ قرارات خاطئه بفتره يمر بيه بازمه نفسيه حاله اكتئاب لان معمي وسلامتكم,نفسه_x<NUM>D_وكذالك مايصير مثلي ويتخذ قرارات خاطئه بفتره يمر بيه بازمه نفسيه او حاله اكتئاب او او لان يكون معمي_x<NUM>D_وسلامتكم
حاسة اني مش محترمة وانا بواين والله والدنيا بتولع بس انا اسفة الوحدة صعبة ومش هواين تاني وشكرا,1,0,0,حاسه اني محترمه وانا بواين والله والدنيا بتولع انا اسفه الوحده صعبه ومش هواين تاني وشكرا,حاسه اني مش محترمه وانا بواين والله والدنيا بتولع بس انا اسفه الوحده صعبه ومش هواين تاني وشكرا
"يُغلِقُ البَعضُ أَبوَابَهُم عَمدَاً بِوجهِك_x000D_
وَلكِن يَفتَحُ اله لَكَ بَعدَهُم أَلفَ بَاب_x000D_
وَقَد يُؤلِمُكَ فِعلُهُمَ",1,0,0,يغلق البعض ابوابهم عمدا بوجهك ولكن يفتح اله بعدهم الف باب وقد يؤلمك فعلهم,يغلق البعض ابوابهم عمدا بوجهك_x<NUM>D_ولكن يفتح اله لك بعدهم الف باب_x<NUM>D_وقد يؤلمك فعلهم
منتا مسالتش حتي و انت شايفني اهو مكتئب لركب,1,0,0,منتا مسالتش حتي انت شايفني اهو مكتئب لركب,منتا مسالتش حتي و انت شايفني اهو مكتئب لركب
شي يحزن مره انو هو المسلسل الوحيد الي يغير نفسيتي وهو الوحيد الي تقبلته لو خلص بدخل بحالة اكتئاب اه لايخلص تكفون💔,1,0,0,يحزن مره انو المسلسل الوحيد الي يغير نفسيتي وهو الوحيد الي تقبلته خلص بدخل بحاله اكتئاب لايخلص تكفون💔,شي يحزن مره انو هو المسلسل الوحيد الي يغير نفسيتي وهو الوحيد الي تقبلته لو خلص بدخل بحاله اكتئاب اه لايخلص تكفون💔
لا بأس إنهُ مُجرد حُزن جديد,1,1,0,باس انه مجرد حزن جديد,لا باس انه مجرد حزن جديد
الدكتور كتبلي لوسترال للاكتئاب,1,0,0,الدكتور كتبلي لوسترال للاكتئاب,الدكتور كتبلي لوسترال للاكتئاب
قلق يشيخ,1,0,0,قلق يشيخ,قلق يشيخ
والأكثر كآبة تصنّع الشغف والحماس والحياة وروح التفاؤل وأنت محطم وباهت فقط لكي لا تُعرّى روحك,1,1,0,والاكثر كابه تصنع الشغف والحماس والحياه وروح التفاؤل وانت محطم وباهت فقط لكي تعري روحك,والاكثر كابه تصنع الشغف والحماس والحياه وروح التفاؤل وانت محطم وباهت فقط لكي لا تعري روحك
و مابدنا دموع دموع شو كل سنة حزن و اكتئاب 😠,1,0,0,مابدنا دموع دموع سنه حزن اكتئاب,و مابدنا دموع دموع شو كل سنه حزن و اكتئاب 😠
كل شيء لقيو له علاج الا كآبة يوم السبت,1,0,0,شيء لقيو علاج الا كابه يوم السبت,كل شيء لقيو له علاج الا كابه يوم السبت
الحياة كل ما أكبر تزيد صعوبة لذلك رغبه أنهي حياتي فكرة لذيذة,1,1,0,الحياه اكبر تزيد صعوبه رغبه انهي حياتي فكره لذيذه,الحياه كل ما اكبر تزيد صعوبه لذلك رغبه انهي حياتي فكره لذيذه
نوبة حزن وأرق,1,0,0,نوبه حزن وارق,نوبه حزن وارق
محد قالي ان عمر العشرينات يجيك معاه جعطه اكتئاب مجاناً,1,0,0,محد قالي عمر العشرينات يجيك معاه جعطه اكتئاب مجانا,محد قالي ان عمر العشرينات يجيك معاه جعطه اكتئاب مجانا
•الّہ̣̥ يرحمك ياخوي مكانك فاضي اليله في المجلس والاصدقاء في حالة حزن على رحيلك ولم يستوعبوا ماحصل لك رحلت ونيدل,1,0,0,•الہ̣̥ يرحمك ياخوي مكانك فاضي اليله المجلس والاصدقاء حاله حزن علي رحيلك ولم يستوعبوا ماحصل رحلت ونيدل,•الہ̣̥ يرحمك ياخوي مكانك فاضي اليله في المجلس والاصدقاء في حاله حزن علي رحيلك ولم يستوعبوا ماحصل لك رحلت ونيدل
واله الواحد مايدري هو اكتئاب ولا انطفاء ولا نضج ولا انعدام الشغف ولا تخلف ولا حاله نفسيه ولا هذي شخصيته,1,0,0,واله الواحد مايدري اكتئاب ولا انطفاء ولا نضج ولا انعدام الشغف ولا تخلف ولا حاله نفسيه ولا هذي شخصيته,واله الواحد مايدري هو اكتئاب ولا انطفاء ولا نضج ولا انعدام الشغف ولا تخلف ولا حاله نفسيه ولا هذي شخصيته
واله الواحد مايدري هو اكتئاب ولا انطفاء ولا نضج ولا انعدام الشغف ولا تخلف ولا حالة نفسية,1,0,0,واله الواحد مايدري اكتئاب ولا انطفاء ولا نضج ولا انعدام الشغف ولا تخلف ولا حاله نفسيه,واله الواحد مايدري هو اكتئاب ولا انطفاء ولا نضج ولا انعدام الشغف ولا تخلف ولا حاله نفسيه
بزيد اكتئاب اليوم وبكره اخر حلقتين من فينشينزو حزن ماتنفس من يرقع ايامي المعفنه غير جونغكي😩🙄🖕🏻,1,1,0,بزيد اكتئاب اليوم وبكره اخر حلقتين فينشينزو حزن ماتنفس يرقع ايامي المعفنه غير جونغكي😩🙄🖕🏻,بزيد اكتئاب اليوم وبكره اخر حلقتين من فينشينزو حزن ماتنفس من يرقع ايامي المعفنه غير جونغكي😩🙄🖕🏻
لأني مكتئب هالفترة,1,0,0,لاني مكتئب هالفتره,لاني مكتئب هالفتره
"حر بالنهار _x000D_
 مل في نص اليوم _x000D_
 اكتئاب بليل",1,0,0,بالنهار اليوم اكتئاب بليل,حر بالنهار _x<NUM>D_ مل في نص اليوم _x<NUM>D_ اكتئاب بليل
انا في موجة إكتئاب مُفاجئه,1,0,0,انا موجه اكتئاب مفاجئه,انا في موجه اكتئاب مفاجئه
تراودني فكره الانتحار,1,0,0,تراودني فكره الانتحار,تراودني فكره الانتحار
الانتحار مضلش غير هيك 😂,1,1,0,الانتحار مضلش غير هيك,الانتحار مضلش غير هيك 😂
ابي خلطه عشان اتخلص من رهاب المكالمات,1,0,0,ابي خلطه عشان اتخلص رهاب المكالمات,ابي خلطه عشان اتخلص من رهاب المكالمات
3ث عملتلي اكتئاب حاد 🙂,1,0,0,عملتلي اكتئاب حاد,<NUM>ث عملتلي اكتئاب حاد 🙂
الواحد حاس نفسه داخل ع دور اكتئاب فاخر من الاخر 🤦‍♂️💔,1,0,0,الواحد حاس نفسه داخل دور اكتئاب فاخر الاخر 🤦‍♂️💔,الواحد حاس نفسه داخل ع دور اكتئاب فاخر من الاخر 🤦♂️💔
المشكله انك ماتبي ترجع لاساسي وانت جايك اكتئاب,1,0,0,المشكله انك ماتبي ترجع لاساسي وانت جايك اكتئاب,المشكله انك ماتبي ترجع لاساسي وانت جايك اكتئاب
مين داعي عليك جعله اكتئاب,1,0,0,مين داعي عليك جعله اكتئاب,مين داعي عليك جعله اكتئاب
مرحله اكتئاب مابعد التخرج,1,0,0,مرحله اكتئاب مابعد التخرج,مرحله اكتئاب مابعد التخرج
حرفياً مليت وبديت اكتئاب من هشي,1,0,0,حرفيا مليت وبديت اكتئاب هشي,حرفيا مليت وبديت اكتئاب من هشي
طريقة انتحار بسرعه مش قادر اتحمل الحياة,1,0,0,طريقه انتحار بسرعه قادر اتحمل الحياه,طريقه انتحار بسرعه مش قادر اتحمل الحياه
قرارات انصاص اليالي الي تجيب اكتئاب,1,0,0,قرارات انصاص اليالي الي تجيب اكتئاب,قرارات انصاص اليالي الي تجيب اكتئاب
أبدو هادئ ،ولكني لست كذلك بالحقيقة، أنا أفرط بالقلق وفي رأسي تدور ألف فكرة، ألف سؤال ,1,0,0,ابدو هادئ ،ولكني لست كذلك بالحقيقه، انا افرط بالقلق وفي راسي تدور الف فكره، الف سؤال,ابدو هادئ ،ولكني لست كذلك بالحقيقه، انا افرط بالقلق وفي راسي تدور الف فكره، الف سؤال
ياحبيبي ياحمد خذوه معاكم واله جاه اكتئاب ب البيت جالس بين اربع جدران,1,0,0,ياحبيبي ياحمد خذوه معاكم واله جاه اكتئاب البيت جالس اربع جدران,ياحبيبي ياحمد خذوه معاكم واله جاه اكتئاب ب البيت جالس بين اربع جدران
قلق وخوف غير طبيعى,1,1,0,قلق وخوف غير طبيعي,قلق وخوف غير طبيعي
حزن وربي,1,0,0,حزن وربي,حزن وربي
الفراق مؤلم ,1,0,0,الفراق مؤلم,الفراق مؤلم
ترا عندي رهاب ماعرف اقابل احد صدق بدور عذر واصرفك الا لو شخص امون عليه يمكن ارتاح شوي ,1,0,0,ترا عندي رهاب ماعرف اقابل احد صدق بدور عذر واصرفك الا شخص امون عليه يمكن ارتاح شوي,ترا عندي رهاب ماعرف اقابل احد صدق بدور عذر واصرفك الا لو شخص امون عليه يمكن ارتاح شوي
كأبة فول🚀,1,0,0,كابه فول🚀,كابه فول🚀
"ذكريات بشعة_x000D_
اعفن شي مكن يحدث_x000D_
اكتئاب",1,0,0,ذكريات بشعه اعفن مكن يحدث اكتئاب,ذكريات بشعه_x<NUM>D_اعفن شي مكن يحدث_x<NUM>D_اكتئاب
مش انتي لوحدك بس الفرق بيني وبينك ان انا ممكن اضحك عادي في وسط الاكتئاب😂🤦💔,1,0,0,انتي لوحدك الفرق بيني وبينك انا ممكن اضحك عادي وسط الاكتئاب😂🤦💔,مش انتي لوحدك بس الفرق بيني وبينك ان انا ممكن اضحك عادي في وسط الاكتئاب😂🤦💔
حوار انك تايه في كل حاجه ده ف حد ذاته يجيب اكتئاب,1,0,0,حوار انك تايه حاجه ذاته يجيب اكتئاب,حوار انك تايه في كل حاجه ده ف حد ذاته يجيب اكتئاب
الدكتور قاللي ان عندي اضطراب نفسي,1,0,0,الدكتور قاللي عندي اضطراب نفسي,الدكتور قاللي ان عندي اضطراب نفسي
من الساعة 5 العصر وانا لحالي اشي اكتئاب اشي توحد اشي نفسية,1,0,0,الساعه العصر وانا لحالي اشي اكتئاب اشي توحد اشي نفسيه,من الساعه <NUM> العصر وانا لحالي اشي اكتئاب اشي توحد اشي نفسيه
لو لم يكن الإنتحار طريقاً لنار لودعتكم منذ زمن طويل💔,1,1,0,يكن الانتحار طريقا لنار لودعتكم منذ زمن طويل💔,لو لم يكن الانتحار طريقا لنار لودعتكم منذ زمن طويل💔
حزينه اني احس ان محد مبسوط لتخرجي💔,1,0,0,حزينه اني احس محد مبسوط لتخرجي💔,حزينه اني احس ان محد مبسوط لتخرجي💔
صدق صدق صدق وربي شيء غريب وزيدي فوقها كآبة نفاس 😘,1,0,0,صدق صدق صدق وربي شيء غريب وزيدي فوقها كابه نفاس,صدق صدق صدق وربي شيء غريب وزيدي فوقها كابه نفاس 😘
انتو ملاحظين الفرق كيف كنا وكيف صرنا🥲صدق حزن,1,0,0,انتو ملاحظين الفرق كنا وكيف صرنا🥲صدق حزن,انتو ملاحظين الفرق كيف كنا وكيف صرنا🥲صدق حزن
موجه اكتئاب تلوح في الأفق,1,0,0,موجه اكتئاب تلوح الافق,موجه اكتئاب تلوح في الافق
بكمل سنه كامله ما طلعت من البيت وزعلانه ليش فقدت روح المهرجه وصرت جديه هو زين مني ما دخلت حالة اكتئاب حاد,1,1,0,بكمل سنه كامله طلعت البيت وزعلانه ليش فقدت روح المهرجه وصرت جديه زين مني دخلت حاله اكتئاب حاد,بكمل سنه كامله ما طلعت من البيت وزعلانه ليش فقدت روح المهرجه وصرت جديه هو زين مني ما دخلت حاله اكتئاب حاد
بكيت بالأمس كما لم أبكي من قبل، استبدلت صمتي بالدموع،,1,1,0,بكيت بالامس ابكي قبل، استبدلت صمتي بالدموع،,بكيت بالامس كما لم ابكي من قبل، استبدلت صمتي بالدموع،
كنت فاقد الشغف ماعنديش دافع مع ان عندى دوافع دماغى كانت رافضة اى فكرة تغير مع انها سحلانى فى فكرة التغير الاكتئاب,1,0,0,كنت فاقد الشغف ماعنديش دافع عندي دوافع دماغي رافضه فكره تغير انها سحلاني فكره التغير الاكتئاب,كنت فاقد الشغف ماعنديش دافع مع ان عندي دوافع دماغي كانت رافضه اي فكره تغير مع انها سحلاني في فكره التغير الاكتئاب
الواحد بيحاول يخرج نفسه من آي مود كآبه بس لأسف كل الي حواليا بيحاول يدخلني ف دا مود بيكرهني ف نفسي وف عيشتي,1,0,0,الواحد بيحاول يخرج نفسه مود كابه لاسف الي حواليا بيحاول يدخلني مود بيكرهني نفسي عيشتي,الواحد بيحاول يخرج نفسه من اي مود كابه بس لاسف كل الي حواليا بيحاول يدخلني ف دا مود بيكرهني ف نفسي وف عيشتي
طاقتي قليلة اوي ,1,0,0,طاقتي قليله اوي,طاقتي قليله اوي
عايز أبكي على كل يوم ضيعته مع الناس الغلط,1,0,0,عايز ابكي علي يوم ضيعته الناس الغلط,عايز ابكي علي كل يوم ضيعته مع الناس الغلط
اهُلكت نفسيا بكُل ما تعنيه الكلمه ,1,1,0,اهلكت نفسيا بكل تعنيه الكلمه,اهلكت نفسيا بكل ما تعنيه الكلمه
ابحث عن خيمة عزاء ابكي فيها,1,0,0,ابحث خيمه عزاء ابكي فيها,ابحث عن خيمه عزاء ابكي فيها
إني أتألم بكل حزن أنّ كثيراً من الناس من المشايخ وغير المشايخ ينسبون إليّ بكل حقدهم أني أقول إن عليّاً علي,1,0,0,اني اتالم بكل حزن كثيرا الناس المشايخ وغير المشايخ ينسبون الي بكل حقدهم اني اقول عليا علي,اني اتالم بكل حزن ان كثيرا من الناس من المشايخ وغير المشايخ ينسبون الي بكل حقدهم اني اقول ان عليا علي
حاسه ب يأس,1,0,0,حاسه ياس,حاسه ب ياس
هذا يوزري احفظه عندك انا امر بحالة اكتئاب ه وبتلاقاني كل يوم بصوره,1,0,0,يوزري احفظه عندك انا امر بحاله اكتئاب وبتلاقاني يوم بصوره,هذا يوزري احفظه عندك انا امر بحاله اكتئاب ه وبتلاقاني كل يوم بصوره
لقد حاولت الانتحار مرتين ارجوكم انقذوني لا اريد ان اموت,1,1,0,لقد حاولت الانتحار مرتين ارجوكم انقذوني اريد اموت,لقد حاولت الانتحار مرتين ارجوكم انقذوني لا اريد ان اموت
"مالقيت من اليالي عقب فرقاك أمان_x000D_
كوّن حزن ما يهدي و دمعٍ مستمر_x000D_
_x000D_
ماقدر ينساك قلبي ولو آن الاوان_x000D_
جعل عذال الموده على",1,1,0,مالقيت اليالي عقب فرقاك امان كون حزن يهدي دمع مستمر ماقدر ينساك قلبي ولو الاوان جعل عذال الموده علي,مالقيت من اليالي عقب فرقاك امان_x<NUM>D_كون حزن ما يهدي و دمع مستمر_x<NUM>D__x<NUM>D_ماقدر ينساك قلبي ولو ان الاوان_x<NUM>D_جعل عذال الموده علي
جاني اكتئاب,1,0,0,جاني اكتئاب,جاني اكتئاب
انا بقول لحد كدا وستوب ونكمل بكرا اكتئاب,1,0,0,انا بقول لحد كدا وستوب ونكمل بكرا اكتئاب,انا بقول لحد كدا وستوب ونكمل بكرا اكتئاب
الانتحار خير وسيلة😳,1,0,0,الانتحار خير وسيله😳,الانتحار خير وسيله😳
أني أخترت الطريق الخطأ أرهقتني الوحدة يا اله لا أقصد أني بلا أصدقاء لكني لا أجيد التعبير عما يحدث بداخلي,1,1,0,اني اخترت الطريق الخطا ارهقتني الوحده اله اقصد اني بلا اصدقاء لكني اجيد التعبير عما يحدث بداخلي,اني اخترت الطريق الخطا ارهقتني الوحده يا اله لا اقصد اني بلا اصدقاء لكني لا اجيد التعبير عما يحدث بداخلي
افكر انتحر شجعيني ,1,0,0,افكر انتحر شجعيني,افكر انتحر شجعيني
اغنيه مبحنلهاش دي كفيله تجبلك اكتئاب,1,0,0,اغنيه مبحنلهاش كفيله تجبلك اكتئاب,اغنيه مبحنلهاش دي كفيله تجبلك اكتئاب
عزيزتي ابنتك عدها اكتئاب ما بعد الولادة وهذا طبيعي جدا فترة ويعدي,1,1,0,عزيزتي ابنتك عدها اكتئاب الولاده وهذا طبيعي جدا فتره ويعدي,عزيزتي ابنتك عدها اكتئاب ما بعد الولاده وهذا طبيعي جدا فتره ويعدي
اله يعينك ارتبط اكتئاب الجميل بالانتحار,1,0,0,اله يعينك ارتبط اكتئاب الجميل بالانتحار,اله يعينك ارتبط اكتئاب الجميل بالانتحار
الانتحار وارد,1,0,0,الانتحار وارد,الانتحار وارد
"اول شي صفنت وطگني اكتئاب لمدة 5 دقايق ع بالي طلعلنا تاج راس جديد بس الحمد له طلعوا نفس الخر١_x000D_
ستنتصرثورةتشرين",1,0,0,اول صفنت وطگني اكتئاب لمده دقايق بالي طلعلنا تاج راس جديد الحمد طلعوا نفس الخر١ ستنتصرثورهتشرين,اول شي صفنت وطگني اكتئاب لمده <NUM> دقايق ع بالي طلعلنا تاج راس جديد بس الحمد له طلعوا نفس الخر<NUM>_x<NUM>D_ستنتصرثورهتشرين
حاس حالي مكتئب,1,0,0,حاس حالي مكتئب,حاس حالي مكتئب
صرت افكر اسحب على جونقلي عشان اضمنها مقدر بيجيني اكتئاب لو ماتجيني,1,0,0,صرت افكر اسحب علي جونقلي عشان اضمنها مقدر بيجيني اكتئاب ماتجيني,صرت افكر اسحب علي جونقلي عشان اضمنها مقدر بيجيني اكتئاب لو ماتجيني
أكتئاب هاد مش توتر,1,0,0,اكتئاب هاد توتر,اكتئاب هاد مش توتر
حزن الفراق,1,0,0,حزن الفراق,حزن الفراق
تذكرت بالمتوسط جتني نوبة هلع شديدة بالمدرسة وجوا أمي وأبوي ودوني الطوارئ عطوني أكسجين وإبرة مهدئة وقالوا ما يدرون وش السبب😭😂,1,1,0,تذكرت بالمتوسط جتني نوبه هلع شديده بالمدرسه وجوا امي وابوي ودوني الطوارئ عطوني اكسجين وابره مهدئه وقالوا يدرون السبب😭😂,تذكرت بالمتوسط جتني نوبه هلع شديده بالمدرسه وجوا امي وابوي ودوني الطوارئ عطوني اكسجين وابره مهدئه وقالوا ما يدرون وش السبب😭😂
انا اصلا فكرت في الانتحار مرتين بس كان دايما الوازع الديني هو الي بيصدني ومؤمن باختيارات ربنا واتمنى الخلاص العاجل يارب,1,0,0,انا اصلا فكرت الانتحار مرتين دايما الوازع الديني الي بيصدني ومؤمن باختيارات ربنا واتمني الخلاص العاجل يارب,انا اصلا فكرت في الانتحار مرتين بس كان دايما الوازع الديني هو الي بيصدني ومؤمن باختيارات ربنا واتمني الخلاص العاجل يارب
للاسف انا داخل ف دوامه اكتئاب,1,0,0,للاسف انا داخل دوامه اكتئاب,للاسف انا داخل ف دوامه اكتئاب
ثاني مره اصحى من النوم ابكي,1,0,0,ثاني مره اصحي النوم ابكي,ثاني مره اصحي من النوم ابكي
الانسان مكتئب,1,0,0,الانسان مكتئب,الانسان مكتئب
"وانت طيب يا اسطا 🥰😂_x000D_
_x000D_
انا مش وحيد وبائس_x000D_
_x000D_
انا مكتئب وبائس وحيد 😂",1,0,0,وانت طيب اسطا انا وحيد وبائس انا مكتئب وبائس وحيد,وانت طيب يا اسطا 🥰😂_x<NUM>D__x<NUM>D_انا مش وحيد وبائس_x<NUM>D__x<NUM>D_انا مكتئب وبائس وحيد 😂
"لم أعد أتمنى العثور على أحدهم , بل أصبحت أتمنى العثور على نفسي التي فقدتها , قلبي الذي أنطفئ , روحي التي تفتت , شغفي الذي تلاشى , احلامي التي تبعثرت , مشاعري التي جفت , أريد أن أنظر في المرآة وأجدني , أرى الذي يقف وأعرفني ",1,1,0,اعد اتمني العثور علي احدهم اصبحت اتمني العثور علي نفسي التي فقدتها قلبي الذي انطفئ روحي التي تفتت شغفي الذي تلاشي احلامي التي تبعثرت مشاعري التي جفت اريد انظر المراه واجدني اري الذي يقف واعرفني,"لم اعد اتمني العثور علي احدهم , بل اصبحت اتمني العثور علي نفسي التي فقدتها , قلبي الذي انطفئ , روحي التي تفتت , شغفي الذي تلاشي , احلامي التي تبعثرت , مشاعري التي جفت , اريد ان انظر في المراه واجدني , اري الذي يقف واعرفني"
شيلو الشغلات الإيجابية الي عم بتصير في حياتي على جنب أنا يومياً نفسيتي تعبانة ومش طايق حالي وعندي اكتئاب ,1,0,0,شيلو الشغلات الايجابيه الي بتصير حياتي علي جنب انا يوميا نفسيتي تعبانه ومش طايق حالي وعندي اكتئاب,شيلو الشغلات الايجابيه الي عم بتصير في حياتي علي جنب انا يوميا نفسيتي تعبانه ومش طايق حالي وعندي اكتئاب
المسلسل جابلى اكتئاب يعم,1,0,0,المسلسل جابلي اكتئاب يعم,المسلسل جابلي اكتئاب يعم
لست مكتئب لست كسول لا أحتاج لمن يحدثني عن الأمل والكفاح والنجاح أحفظ كل هذا وأعرف خطورة ما أنا عليه الآن أنا أعاني,1,1,0,لست مكتئب لست كسول احتاج لمن يحدثني الامل والكفاح والنجاح احفظ واعرف خطوره انا عليه الان انا اعاني,لست مكتئب لست كسول لا احتاج لمن يحدثني عن الامل والكفاح والنجاح احفظ كل هذا واعرف خطوره ما انا عليه الان انا اعاني
"حزن الأمهات مؤلم 💔_x000D_
ليتنا نقدر ناخذ كل وجعهم وحزنهم",1,0,0,حزن الامهات مؤلم ليتنا نقدر ناخذ وجعهم وحزنهم,حزن الامهات مؤلم 💔_x<NUM>D_ليتنا نقدر ناخذ كل وجعهم وحزنهم
كل ألم كل شقى كل تعب كل حزن كل هم كل اكتئاب كل صراخ هاذا تعيشه أنت,1,0,0,الم شقي تعب حزن اكتئاب صراخ هاذا تعيشه انت,كل الم كل شقي كل تعب كل حزن كل هم كل اكتئاب كل صراخ هاذا تعيشه انت
وانا كلما رسمت جاني اكتئاب عشان الرسمه تندمج مع الوقت ويروح تعبي بالتفاصيل خساره,1,0,0,وانا كلما رسمت جاني اكتئاب عشان الرسمه تندمج الوقت ويروح تعبي بالتفاصيل خساره,وانا كلما رسمت جاني اكتئاب عشان الرسمه تندمج مع الوقت ويروح تعبي بالتفاصيل خساره
محاربة ذبحات صدرية فجائية مع توالي آخبار سيئة جداً يسبب لي كآبة لا توصف ومجرد العيش في ظل هذا الوباء وفي بلدي بخصوص,1,1,1,محاربه ذبحات صدريه فجائيه توالي اخبار سيئه جدا يسبب كابه توصف ومجرد العيش الوباء وفي بلدي بخصوص,محاربه ذبحات صدريه فجائيه مع توالي اخبار سيئه جدا يسبب لي كابه لا توصف ومجرد العيش في ظل هذا الوباء وفي بلدي بخصوص
هى عزله سنه سنتين عن العالم وهكون زى الفل,1,0,0,عزله سنه سنتين العالم وهكون الفل,هي عزله سنه سنتين عن العالم وهكون زي الفل
إكتئاب قطع السكر أصعب من إكتئاب قطع علاقتك مع حدا كان غالي على قلبك,1,0,0,اكتئاب قطع السكر اصعب اكتئاب قطع علاقتك حدا غالي علي قلبك,اكتئاب قطع السكر اصعب من اكتئاب قطع علاقتك مع حدا كان غالي علي قلبك
نفسيتي قرف اكتئاب كل شوي 😔,1,0,0,نفسيتي قرف اكتئاب شوي,نفسيتي قرف اكتئاب كل شوي 😔
بعد مرور ١٩ سنه اكتشفت اني أعاني رهاب اجتماعي ومع تقدم العمر يزيد,1,0,0,مرور سنه اكتشفت اني اعاني رهاب اجتماعي ومع تقدم العمر يزيد,بعد مرور <NUM><NUM> سنه اكتشفت اني اعاني رهاب اجتماعي ومع تقدم العمر يزيد
صديقي المقرب لا يعرف أن الحزن يمزق قلبي كل ليلة، أن اليأس إمتلك روحي و لم يترك لي أي أمل للنجاة,1,1,0,صديقي المقرب يعرف الحزن يمزق قلبي ليله، الياس امتلك روحي يترك امل للنجاه,صديقي المقرب لا يعرف ان الحزن يمزق قلبي كل ليله، ان الياس امتلك روحي و لم يترك لي اي امل للنجاه
شكلي كدا والله اعلم داخله ف حاله اكتئاب,1,0,0,شكلي كدا والله اعلم داخله حاله اكتئاب,شكلي كدا والله اعلم داخله ف حاله اكتئاب
"حركةالنقلالخارجي _x000D_
_x000D_
مدري وش يضر لو تكلموا وقالوا مافيه على الأقل يرتاح الجمع الغفير الي قاعد ينتظر _x000D_
_x000D_
اذا",1,0,0,مدري يضر تكلموا وقالوا مافيه علي الاقل يرتاح الجمع الغفير الي قاعد ينتظر اذا,حركهالنقلالخارجي _x<NUM>D__x<NUM>D_مدري وش يضر لو تكلموا وقالوا مافيه علي الاقل يرتاح الجمع الغفير الي قاعد ينتظر _x<NUM>D__x<NUM>D_اذا
واله حزن💔,1,0,0,واله حزن💔,واله حزن💔
تعبت ابكي,1,0,0,تعبت ابكي,تعبت ابكي
"قبل اعلان الهانكر كنا كأنا حمّل حالياً ولدنا وصار فيه اكتئاب ما بعد الولادة _x000D_
_x000D_
التشبيه رهيب",1,1,0,اعلان الهانكر كنا كانا حمل حاليا ولدنا وصار فيه اكتئاب الولاده التشبيه رهيب,قبل اعلان الهانكر كنا كانا حمل حاليا ولدنا وصار فيه اكتئاب ما بعد الولاده _x<NUM>D__x<NUM>D_التشبيه رهيب
الواحد معد يعرف سبب الضيقة هو الحزن ولا اكتئاب والا الي عايشين معاهم يجيبوا الهم والغم وبسبهم يدمرون نفسيتك وعقليتك,1,0,0,الواحد معد يعرف سبب الضيقه الحزن ولا اكتئاب والا الي عايشين معاهم يجيبوا الهم والغم وبسبهم يدمرون نفسيتك وعقليتك,الواحد معد يعرف سبب الضيقه هو الحزن ولا اكتئاب والا الي عايشين معاهم يجيبوا الهم والغم وبسبهم يدمرون نفسيتك وعقليتك
حاسه إني داخله ع اكتئاب سيكا,1,0,0,حاسه اني داخله اكتئاب سيكا,حاسه اني داخله ع اكتئاب سيكا
الانتحار هو الحال🚶‍♂️,1,0,0,الانتحار الحال🚶‍♂️,الانتحار هو الحال🚶♂️
مو صاحيه المشكله انا احترمت وجهة نظرها وقلت اوك القرآن علاج لكن مو في كل الحالات مثلاً نفرض فيه شخص مسيحي وع,1,0,0,صاحيه المشكله انا احترمت وجهه نظرها وقلت اوك القران علاج الحالات مثلا نفرض فيه شخص مسيحي,مو صاحيه المشكله انا احترمت وجهه نظرها وقلت اوك القران علاج لكن مو في كل الحالات مثلا نفرض فيه شخص مسيحي وع
هيلب اص انا وصديقتي نعاني من اكتئاب,1,0,0,هيلب انا وصديقتي نعاني اكتئاب,هيلب اص انا وصديقتي نعاني من اكتئاب
"الواحد مايعرف هذا اكتئاب ولا انطفاء _x000D_
ولانضج ولا انعدام شغف ولاتخلف ولامل",1,0,0,الواحد مايعرف اكتئاب ولا انطفاء ولانضج ولا انعدام شغف ولاتخلف ولامل,الواحد مايعرف هذا اكتئاب ولا انطفاء _x<NUM>D_ولانضج ولا انعدام شغف ولاتخلف ولامل
هي كآبة وليست مجرّد كتابة,1,0,0,كابه وليست مجرد كتابه,هي كابه وليست مجرد كتابه
اكتشفت كل الناس عندهم مناسبات وفعاليات وحركات في رمضان الا احنا اكتئاب واكل بس,1,0,0,اكتشفت الناس عندهم مناسبات وفعاليات وحركات رمضان الا احنا اكتئاب واكل,اكتشفت كل الناس عندهم مناسبات وفعاليات وحركات في رمضان الا احنا اكتئاب واكل بس
انا حايشني اكتئاب حمل هل طبيعي بكي و قلق و تفكير بمسؤوليه طفل🥺,1,0,0,انا حايشني اكتئاب حمل طبيعي بكي قلق تفكير بمسؤوليه طفل🥺,انا حايشني اكتئاب حمل هل طبيعي بكي و قلق و تفكير بمسؤوليه طفل🥺
نعم ابكي بحرقه,1,0,0,نعم ابكي بحرقه,نعم ابكي بحرقه
من شهر ابريل وانا مكتئب,1,0,0,شهر ابريل وانا مكتئب,من شهر ابريل وانا مكتئب
الواحد حزين علشان قضي سنين كتير في العزلة و مكتئب,1,0,0,الواحد حزين علشان قضي سنين كتير العزله مكتئب,الواحد حزين علشان قضي سنين كتير في العزله و مكتئب
"أمطِر عليَّ بعَفوٍ إني مُكتئِبٌ _x000D_
فالذنبُ أرهقنِي والقَلبُ أوَّاب_x000D_
انظرْ إلي فإني جدُّ منكسرٌ_x000D_
أغدِقْ إلي بخيرٍ إني توابُ",1,0,0,امطر علي بعفو اني مكتئب فالذنب ارهقني والقلب اواب انظر الي فاني منكسر اغدق الي بخير اني تواب,امطر علي بعفو اني مكتئب _x<NUM>D_فالذنب ارهقني والقلب اواب_x<NUM>D_انظر الي فاني جد منكسر_x<NUM>D_اغدق الي بخير اني تواب
أنا قلق أكثر من أن أكون شخصًا جيدًا من أن أكون أفضل لاعب كرة قدم في العالم,1,0,0,انا قلق اكثر اكون شخصا جيدا اكون افضل لاعب كره قدم العالم,انا قلق اكثر من ان اكون شخصا جيدا من ان اكون افضل لاعب كره قدم في العالم
"انت بتكون_x000D_
 مبسوط وفرحان وبتهزر مع اهلك واصحابك_x000D_
مكتئب وزعلان لما تكون لوحدك ومحدش شايفك 🖤",1,0,0,انت بتكون مبسوط وفرحان وبتهزر اهلك واصحابك مكتئب وزعلان لما تكون لوحدك ومحدش شايفك,انت بتكون_x<NUM>D_ مبسوط وفرحان وبتهزر مع اهلك واصحابك_x<NUM>D_مكتئب وزعلان لما تكون لوحدك ومحدش شايفك 🖤
جاني اكتئاب من مسابقات اشارك ولا افوز تكفى,1,0,0,جاني اكتئاب مسابقات اشارك ولا افوز تكفي,جاني اكتئاب من مسابقات اشارك ولا افوز تكفي
بنام عد ساعات كتير بس فعليا الي بنامهم كويس ميكملوش ساعتين والباقي كله قلق وأرق وبيتحسبوا عليا ع الفاضي,1,0,0,بنام ساعات كتير فعليا الي بنامهم كويس ميكملوش ساعتين والباقي كله قلق وارق وبيتحسبوا عليا الفاضي,بنام عد ساعات كتير بس فعليا الي بنامهم كويس ميكملوش ساعتين والباقي كله قلق وارق وبيتحسبوا عليا ع الفاضي
ودي اعالج الرهاب الاجتماعي الي جاني بسب ادماني لالعاب,1,0,0,ودي اعالج الرهاب الاجتماعي الي جاني بسب ادماني لالعاب,ودي اعالج الرهاب الاجتماعي الي جاني بسب ادماني لالعاب
بسم اله ابيه ابيه احس اليومين ذي فيني اكتئاب,1,0,0,بسم اله ابيه ابيه احس اليومين فيني اكتئاب,بسم اله ابيه ابيه احس اليومين ذي فيني اكتئاب
كنت احسبه اكتئاب موسمي بس تذكرت اني مكتئب طول السنه,1,0,0,كنت احسبه اكتئاب موسمي تذكرت اني مكتئب طول السنه,كنت احسبه اكتئاب موسمي بس تذكرت اني مكتئب طول السنه
مدري ايش الفتره الي امر فيها هل هو ركود او اكتئاب ولا انطفاء ولا نضج ولا انعدام الشغف ولا تخلف ولا حاله نفسيه ولا هذي شخصيتي,1,0,0,مدري ايش الفتره الي امر فيها ركود اكتئاب ولا انطفاء ولا نضج ولا انعدام الشغف ولا تخلف ولا حاله نفسيه ولا هذي شخصيتي,مدري ايش الفتره الي امر فيها هل هو ركود او اكتئاب ولا انطفاء ولا نضج ولا انعدام الشغف ولا تخلف ولا حاله نفسيه ولا هذي شخصيتي
العشرينات المفروض تكون فترة الزهور من حياتنا بس الي اشوفه انها كابوس طويل لكل و اكتئاب و ضغوط و كبت كل جيلنا مضغوط,1,0,0,العشرينات المفروض تكون فتره الزهور حياتنا الي اشوفه انها كابوس طويل لكل اكتئاب ضغوط كبت جيلنا مضغوط,العشرينات المفروض تكون فتره الزهور من حياتنا بس الي اشوفه انها كابوس طويل لكل و اكتئاب و ضغوط و كبت كل جيلنا مضغوط
يمكن لو عندي املهم ما دخلت في اكتئاب,1,1,0,يمكن عندي املهم دخلت اكتئاب,يمكن لو عندي املهم ما دخلت في اكتئاب
طريقه انتحار حلال اخواتي ف الله,1,0,0,طريقه انتحار حلال اخواتي الله,طريقه انتحار حلال اخواتي ف الله
لا أحتاجها مع أحد أحتاج عزلة بعيدا عن كل الاشخاص,1,1,0,احتاجها احد احتاج عزله بعيدا الاشخاص,لا احتاجها مع احد احتاج عزله بعيدا عن كل الاشخاص
ابي ابكي,1,0,0,ابي ابكي,ابي ابكي
احيانا تجيك طاقة كآبه من ولا شي يا شينها,1,0,0,احيانا تجيك طاقه كابه ولا شينها,احيانا تجيك طاقه كابه من ولا شي يا شينها
ليش داخل جو اكتئاب توجيهي مطول,1,0,0,ليش داخل اكتئاب توجيهي مطول,ليش داخل جو اكتئاب توجيهي مطول
نَوبةُّ هلعَ إنهيارُ عَصبي جسدُّ يرتجف َوقلبُّ يتسارَع نبضهُ دمعُ مُتوالِي ,1,0,0,نوبه هلع انهيار عصبي جسد يرتجف وقلب يتسارع نبضه دمع متوالي,نوبه هلع انهيار عصبي جسد يرتجف وقلب يتسارع نبضه دمع متوالي
إكتئاب البيريود ده أسوأ م الإكتئاب العادى لو تعلمون,1,0,0,اكتئاب البيريود اسوا الاكتئاب العادي تعلمون,اكتئاب البيريود ده اسوا م الاكتئاب العادي لو تعلمون
ابي طبيب نفسي ابي احكي له مشاكلي الي يعتبرونها الناس تافه,1,0,0,ابي طبيب نفسي ابي احكي مشاكلي الي يعتبرونها الناس تافه,ابي طبيب نفسي ابي احكي له مشاكلي الي يعتبرونها الناس تافه
يا دكتور انا بقيت مكتئب جدا وكاره الناس وكاره الحياه ومعنديش أمل فى اى حاجة عايز اعرف انا عندى اية يادكتور,1,0,0,دكتور انا بقيت مكتئب جدا وكاره الناس وكاره الحياه ومعنديش امل حاجه عايز اعرف انا عندي ايه يادكتور,يا دكتور انا بقيت مكتئب جدا وكاره الناس وكاره الحياه ومعنديش امل في اي حاجه عايز اعرف انا عندي ايه يادكتور
الفصل الماضي جاني اكتئاب حاد في الدراسة و فقدان شغف بسب درجات الفصل الي قبله لان كنت متوقع اجيب درجات زينه لكن الص,1,0,0,الفصل الماضي جاني اكتئاب حاد الدراسه فقدان شغف بسب درجات الفصل الي قبله لان كنت متوقع اجيب درجات زينه الص,الفصل الماضي جاني اكتئاب حاد في الدراسه و فقدان شغف بسب درجات الفصل الي قبله لان كنت متوقع اجيب درجات زينه لكن الص
انا مكتئب جدا الفترة دي,1,0,0,انا مكتئب جدا الفتره,انا مكتئب جدا الفتره دي
حتى انا بعد ابي اروح بعد حق طبيب نفسي لان انا تبعيتي نفسانه 😂ابي اروح,1,0,0,حتي انا ابي اروح طبيب نفسي لان انا تبعيتي نفسانه 😂ابي اروح,حتي انا بعد ابي اروح بعد حق طبيب نفسي لان انا تبعيتي نفسانه 😂ابي اروح
"🇸🇦 مﻧ الخاص 📩_x000D_
زوجى يعاني من الرهاب الاجتماعي مكن تدلونى على دكتور نفسي كويس بالمدينه",1,0,0,الخاص زوجي يعاني الرهاب الاجتماعي مكن تدلوني علي دكتور نفسي كويس بالمدينه,🇸🇦 مﻧ الخاص 📩_x<NUM>D_زوجي يعاني من الرهاب الاجتماعي مكن تدلوني علي دكتور نفسي كويس بالمدينه
يبدو انها موجة اكتئاب جديدة اوشي,1,0,0,يبدو انها موجه اكتئاب جديده اوشي,يبدو انها موجه اكتئاب جديده اوشي
أبغا طريقة تخليني وما أبكي على اي شي تافه,1,0,0,ابغا طريقه تخليني وما ابكي علي تافه,ابغا طريقه تخليني وما ابكي علي اي شي تافه
ودي ابكي و ابكي و ابكي لين تخلص الدموع بس ما في شي بجيب فايده يارب تفرجها عليهم,1,1,0,ودي ابكي ابكي ابكي لين تخلص الدموع بجيب فايده يارب تفرجها عليهم,ودي ابكي و ابكي و ابكي لين تخلص الدموع بس ما في شي بجيب فايده يارب تفرجها عليهم
معنديش طاقة اعمل اي حاجة نهائي,1,0,0,معنديش طاقه اعمل حاجه نهائي,معنديش طاقه اعمل اي حاجه نهائي
واله الفتره دي الواحد صار مهو عارف هوا ايش فيه اكتئاب ولا ضيقه ولا يأس صرنا نحس بحاجه كابته علينا ومحنا قادرين نوصف الشعور دا,1,0,0,واله الفتره الواحد صار مهو عارف هوا ايش فيه اكتئاب ولا ضيقه ولا ياس صرنا نحس بحاجه كابته علينا ومحنا قادرين نوصف الشعور,واله الفتره دي الواحد صار مهو عارف هوا ايش فيه اكتئاب ولا ضيقه ولا ياس صرنا نحس بحاجه كابته علينا ومحنا قادرين نوصف الشعور دا
"خبر حزين_x000D_
عاملتنا الي عندنا ١٣ سنة وكأنها أختي الكبيرة قالت خلاص ابي أسافر السنة الجاية وقاعدة أحاول أكرّه نفسي فيها",1,0,0,خبر حزين عاملتنا الي عندنا سنه وكانها اختي الكبيره قالت خلاص ابي اسافر السنه الجايه وقاعده احاول اكره نفسي فيها,خبر حزين_x<NUM>D_عاملتنا الي عندنا <NUM><NUM> سنه وكانها اختي الكبيره قالت خلاص ابي اسافر السنه الجايه وقاعده احاول اكره نفسي فيها
"ماذا تشعر الأن _x000D_
 مصابٌ ب لعنة البرود وعدم الإهتمام ايضاً مصابٌ بلعنة القلق والخوف والتفكير في ادق التفاصيل",1,0,0,ماذا تشعر الان مصاب لعنه البرود وعدم الاهتمام ايضا مصاب بلعنه القلق والخوف والتفكير ادق التفاصيل,ماذا تشعر الان _x<NUM>D_ مصاب ب لعنه البرود وعدم الاهتمام ايضا مصاب بلعنه القلق والخوف والتفكير في ادق التفاصيل
هالأيام برد مرة ومطر وأجواء المطر صايرة تسبب لي كآبة مدري شفيني يمة يلعن ام الضيقة,1,0,0,هالايام برد مره ومطر واجواء المطر صايره تسبب كابه مدري شفيني يمه يلعن الضيقه,هالايام برد مره ومطر واجواء المطر صايره تسبب لي كابه مدري شفيني يمه يلعن ام الضيقه
كل شيء اصبح باهتْ,1,0,0,شيء اصبح باهت,كل شيء اصبح باهت
يا ربّ بُشرى قريبةٌ منك تمحيَّ كل قلقٌ وخوفٌ🖤,1,0,0,بشري قريبه منك تمحي قلق وخوف🖤,يا رب بشري قريبه منك تمحي كل قلق وخوف🖤
نوبه اكتئاب متضايق لابعد حد,1,0,0,نوبه اكتئاب متضايق لابعد,نوبه اكتئاب متضايق لابعد حد
وإني أعلَمُ جَيدًا أن الإكتئابَ رَفِيقِي مُنذُ زَمن,1,0,0,واني اعلم جيدا الاكتئاب رفيقي منذ زمن,واني اعلم جيدا ان الاكتئاب رفيقي منذ زمن
لأسف دكتوري النفسي رافض يعطيني رغم انه عارف ان حالتي وقاعد يزود في جرعة البروزاك الزق وزني في تزايد وش استفدت,1,0,0,لاسف دكتوري النفسي رافض يعطيني رغم انه عارف حالتي وقاعد يزود جرعه البروزاك الزق وزني تزايد استفدت,لاسف دكتوري النفسي رافض يعطيني رغم انه عارف ان حالتي وقاعد يزود في جرعه البروزاك الزق وزني في تزايد وش استفدت
أريد أن أبكي حتى أموت ثم أولدُّ مجددًا وأبكي لأموت موتةً أبدية,1,0,0,اريد ابكي حتي اموت اولد مجددا وابكي لاموت موته ابديه,اريد ان ابكي حتي اموت ثم اولد مجددا وابكي لاموت موته ابديه
ايوه انا اكثر وحده ابكي في الحياه,1,0,0,ايوه انا اكثر وحده ابكي الحياه,ايوه انا اكثر وحده ابكي في الحياه
أرهقتني الوحدة يا الله ,1,0,0,ارهقتني الوحده الله,ارهقتني الوحده يا الله
جالس ابكي و انكتمت ,1,0,0,جالس ابكي انكتمت,جالس ابكي و انكتمت
انا مُكتئب جداً😔🖤,1,0,0,انا مكتئب جدا😔🖤,انا مكتئب جدا😔🖤
ودوني طبيب نفسي 😭💔,1,0,0,ودوني طبيب نفسي,ودوني طبيب نفسي 😭💔
اوعي دا انتحار 😂,1,0,0,اوعي انتحار,اوعي دا انتحار 😂
يسطا بيمر ب فتره اكتئاب سيبو في حالو,1,0,0,يسطا بيمر فتره اكتئاب سيبو حالو,يسطا بيمر ب فتره اكتئاب سيبو في حالو
هذا انطفاء ولا اكتئاب ولا عزلة ولا ايش,1,0,0,انطفاء ولا اكتئاب ولا عزله ولا ايش,هذا انطفاء ولا اكتئاب ولا عزله ولا ايش
احسب الكئابه الي كنت فيها من الاختبارات بس خلصت ومازلت مكتئب,1,0,0,احسب الكئابه الي كنت فيها الاختبارات خلصت ومازلت مكتئب,احسب الكئابه الي كنت فيها من الاختبارات بس خلصت ومازلت مكتئب
اشوا في ناس كابة العفش اكثر مني الحين ارتحت,1,0,0,اشوا ناس كابه العفش اكثر مني الحين ارتحت,اشوا في ناس كابه العفش اكثر مني الحين ارتحت
قاعدة امر بحاله اكتئاب حاده,1,0,0,قاعده امر بحاله اكتئاب حاده,قاعده امر بحاله اكتئاب حاده
هذي الاغنيه لما اشوفها يجيني اكتئاب من الاستديو الاسود ويجيني حزن,1,0,0,هذي الاغنيه لما اشوفها يجيني اكتئاب الاستديو الاسود ويجيني حزن,هذي الاغنيه لما اشوفها يجيني اكتئاب من الاستديو الاسود ويجيني حزن
هو انا اراجع طبيب نفسي بشكل اسبوعي بس ما في فايده دام انا بنفسي ما اتعدل,1,1,0,انا اراجع طبيب نفسي بشكل اسبوعي فايده دام انا بنفسي اتعدل,هو انا اراجع طبيب نفسي بشكل اسبوعي بس ما في فايده دام انا بنفسي ما اتعدل
30 يوم من الانتظار في قلق وتوتر,1,0,0,يوم الانتظار قلق وتوتر,<NUM> يوم من الانتظار في قلق وتوتر
سلمى بكّار تمر بحالة اكتئاب بعد رفض منحها الدعم لفيلمها الجديد,1,0,0,سلمي بكار تمر بحاله اكتئاب رفض منحها الدعم لفيلمها الجديد,سلمي بكار تمر بحاله اكتئاب بعد رفض منحها الدعم لفيلمها الجديد
"بدون اي مبالغة من كثر ما اكتم _x000D_
مشاعري وعصبيتي ودموعي تعودت هالشي وماصرت اقدر ابكي ف مشاعركم ودموعكم طلعوها بوقتها قبل لا تبلد المشاعر",1,1,0,بدون مبالغه كثر اكتم مشاعري وعصبيتي ودموعي تعودت هالشي وماصرت اقدر ابكي مشاعركم ودموعكم طلعوها بوقتها تبلد المشاعر,بدون اي مبالغه من كثر ما اكتم _x<NUM>D_مشاعري وعصبيتي ودموعي تعودت هالشي وماصرت اقدر ابكي ف مشاعركم ودموعكم طلعوها بوقتها قبل لا تبلد المشاعر
الانفصام اضطراب نفسي عصابي والفصام مرض عقلي ذهاني,1,0,0,الانفصام اضطراب نفسي عصابي والفصام مرض عقلي ذهاني,الانفصام اضطراب نفسي عصابي والفصام مرض عقلي ذهاني
سأل ليش ضايجه اني شايفين الحروف الي تكون كلام وجمل وحديث طويل ومناقشه عريضه يعجز يوصف حالتي بين اكتئاب وبين ضوجه,1,0,0,سال ليش ضايجه اني شايفين الحروف الي تكون كلام وجمل وحديث طويل ومناقشه عريضه يعجز يوصف حالتي اكتئاب وبين ضوجه,سال ليش ضايجه اني شايفين الحروف الي تكون كلام وجمل وحديث طويل ومناقشه عريضه يعجز يوصف حالتي بين اكتئاب وبين ضوجه
اشتقت لنفسي قبل سنوات الحين اكرهني كلّي كآبه و سلبية واحياناً اني اكره الكل ايش الي خلاني اتغير,1,0,0,اشتقت لنفسي سنوات الحين اكرهني كلي كابه سلبيه واحيانا اني اكره الكل ايش الي خلاني اتغير,اشتقت لنفسي قبل سنوات الحين اكرهني كلي كابه و سلبيه واحيانا اني اكره الكل ايش الي خلاني اتغير
اكتئاب ما قبل الامتحان,1,1,0,اكتئاب الامتحان,اكتئاب ما قبل الامتحان
الله ياخذ دموعي ترى تعبت على الايلاينر مدري ليه ابكي على ناس ما تستاهل حلفت ما تنزل دمعتي,1,1,0,الله ياخذ دموعي تري تعبت علي الايلاينر مدري ليه ابكي علي ناس تستاهل حلفت تنزل دمعتي,الله ياخذ دموعي تري تعبت علي الايلاينر مدري ليه ابكي علي ناس ما تستاهل حلفت ما تنزل دمعتي
الَّهُم أمان لا يَعتريني بعده خوف و راحة لا يُضنيني فيها قلق,1,1,0,الهم امان يعتريني بعده خوف راحه يضنيني فيها قلق,الهم امان لا يعتريني بعده خوف و راحه لا يضنيني فيها قلق
ملل و كأبه,1,0,0,ملل كابه,ملل و كابه
التايم لاين هو احدي اسباب الي بتجيب لواحد اكتئاب,1,0,0,التايم لاين احدي اسباب الي بتجيب لواحد اكتئاب,التايم لاين هو احدي اسباب الي بتجيب لواحد اكتئاب
"الفقر ايوا الفقر_x000D_
دماغك مش هتبطل تفكير_x000D_
جسمك هيخس وشك هيكرمش_x000D_
لسانك هيسكت ومش هتستحملي حد_x000D_
عنيك حزينه م",1,0,0,الفقر ايوا الفقر دماغك هتبطل تفكير جسمك هيخس وشك هيكرمش لسانك هيسكت ومش هتستحملي عنيك حزينه,الفقر ايوا الفقر_x<NUM>D_دماغك مش هتبطل تفكير_x<NUM>D_جسمك هيخس وشك هيكرمش_x<NUM>D_لسانك هيسكت ومش هتستحملي حد_x<NUM>D_عنيك حزينه م
"انا هاليومين صاير عندي ضيق في تنفس بشكل غير طبيعي وبدأ يسب لي اكتئاب_x000D_
دعواتكم لي💗",1,1,0,انا هاليومين صاير عندي ضيق تنفس بشكل غير طبيعي وبدا يسب اكتئاب دعواتكم لي💗,انا هاليومين صاير عندي ضيق في تنفس بشكل غير طبيعي وبدا يسب لي اكتئاب_x<NUM>D_دعواتكم لي💗
يوه الحين عرفت ليه انا واختي على حافة الانتحار,1,0,0,يوه الحين عرفت ليه انا واختي علي حافه الانتحار,يوه الحين عرفت ليه انا واختي علي حافه الانتحار
اول مره احس اني محتاجه طبيب نفسي فعلا او حد يعالجني او احس اني مريضه نفسياً بالشكل ده,1,0,0,اول مره احس اني محتاجه طبيب نفسي فعلا يعالجني احس اني مريضه نفسيا بالشكل,اول مره احس اني محتاجه طبيب نفسي فعلا او حد يعالجني او احس اني مريضه نفسيا بالشكل ده
انتي لو شوفتي اوضتي هيجيلك اكتئاب بس واله انا بعافر 😂,1,0,0,انتي شوفتي اوضتي هيجيلك اكتئاب واله انا بعافر,انتي لو شوفتي اوضتي هيجيلك اكتئاب بس واله انا بعافر 😂
افكر بعمق الحالة هذي اكتئاب ولا اعتياد ما احس بأي شي,1,1,0,افكر بعمق الحاله هذي اكتئاب ولا اعتياد احس باي,افكر بعمق الحاله هذي اكتئاب ولا اعتياد ما احس باي شي
فكرة الانتحار و التخلص من نفسي ملازمتني,1,0,0,فكره الانتحار التخلص نفسي ملازمتني,فكره الانتحار و التخلص من نفسي ملازمتني
احس احتاج ابكي,1,0,0,احس احتاج ابكي,احس احتاج ابكي
رعد جابلي اكتئاب حاد🙂,1,0,0,رعد جابلي اكتئاب حاد🙂,رعد جابلي اكتئاب حاد🙂
اكتئاب ولا تحرش,1,0,0,اكتئاب ولا تحرش,اكتئاب ولا تحرش
كنت احسب الاكتئاب الي فيني من الدراسة طلع حتى وانا معطلة فيني اكتئاب,1,0,0,كنت احسب الاكتئاب الي فيني الدراسه طلع حتي وانا معطله فيني اكتئاب,كنت احسب الاكتئاب الي فيني من الدراسه طلع حتي وانا معطله فيني اكتئاب
هاتف مغلق ابتعاد عن الجميع عُزلة هدوء وذهن يخلو من أي شيء هكذا تكون أقصى الاماني أحيانًا,1,0,0,هاتف مغلق ابتعاد الجميع عزله هدوء وذهن يخلو شيء هكذا تكون اقصي الاماني احيانا,هاتف مغلق ابتعاد عن الجميع عزله هدوء وذهن يخلو من اي شيء هكذا تكون اقصي الاماني احيانا
سلام بشرى عندي اكتئاب حاد ونصحني طبيبي بالرياضة وجيت ادور بتويتر عن الرياضة ولقيتك بطريقي ♥️ ,1,0,0,سلام بشري عندي اكتئاب حاد ونصحني طبيبي بالرياضه وجيت ادور بتويتر الرياضه ولقيتك بطريقي,سلام بشري عندي اكتئاب حاد ونصحني طبيبي بالرياضه وجيت ادور بتويتر عن الرياضه ولقيتك بطريقي ♥️
حزن لا اقدر,1,1,0,حزن اقدر,حزن لا اقدر
"جايني هلع وقلق وارق من موضوع قريته عن التطعيم _x000D_
والا من متى اسهر هالسهر 🥲",1,0,0,جايني هلع وقلق وارق موضوع قريته التطعيم والا متي اسهر هالسهر,جايني هلع وقلق وارق من موضوع قريته عن التطعيم _x<NUM>D_والا من متي اسهر هالسهر 🥲
 نحب العزلة لمجرد كونها عزلة نحبها لأنها فترة إختباء من خيبات الأمل هرب من كل الإحتمالات السيئة ,1,0,0,نحب العزله لمجرد كونها عزله نحبها لانها فتره اختباء خيبات الامل هرب الاحتمالات السيئه,نحب العزله لمجرد كونها عزله نحبها لانها فتره اختباء من خيبات الامل هرب من كل الاحتمالات السيئه
"موجة اكتئاب بعد ما استوعبت انو بدا 15_x000D_
وعليا كويز ب 25_x000D_
بمحاضرات ما احضرتهم ومادة بكرها 🌚💔",1,1,0,موجه اكتئاب استوعبت انو بدا وعليا كويز بمحاضرات احضرتهم وماده بكرها,موجه اكتئاب بعد ما استوعبت انو بدا <NUM>_x<NUM>D_وعليا كويز ب <NUM>_x<NUM>D_بمحاضرات ما احضرتهم وماده بكرها 🌚💔
كل الي عرفتهم عكس هالكلام الحين عرفت ليه داخله بدوامة اكتئاب لا نهائيه,1,1,0,الي عرفتهم عكس هالكلام الحين عرفت ليه داخله بدوامه اكتئاب نهائيه,كل الي عرفتهم عكس هالكلام الحين عرفت ليه داخله بدوامه اكتئاب لا نهائيه
اكتئاب يجي بنوبات ممكن بعض الاحيان تفك وتنسى واقعك المؤلم بمواقف لحظية بإستثاء الحالات الاقوى ,1,0,0,اكتئاب يجي بنوبات ممكن بعض الاحيان تفك وتنسي واقعك المؤلم بمواقف لحظيه باستثاء الحالات الاقوي,اكتئاب يجي بنوبات ممكن بعض الاحيان تفك وتنسي واقعك المؤلم بمواقف لحظيه باستثاء الحالات الاقوي
طيب انا عندي اكتئاب,1,0,0,طيب انا عندي اكتئاب,طيب انا عندي اكتئاب
ضحكت مع انى مكتئب والله 😂,1,0,0,ضحكت اني مكتئب والله,ضحكت مع اني مكتئب والله 😂
ما اعرف وش سب ضغفي ذي الايام بس كل شي صار يضايقني اتفه الاسباب تخليني ابكي وتخرب يومي كامل,1,1,0,اعرف ضغفي الايام صار يضايقني اتفه الاسباب تخليني ابكي وتخرب يومي كامل,ما اعرف وش سب ضغفي ذي الايام بس كل شي صار يضايقني اتفه الاسباب تخليني ابكي وتخرب يومي كامل
لم أسهر وحدي يومًا ، كان الأرق يرافقني في كل مرة ,1,1,0,اسهر وحدي يوما الارق يرافقني مره,لم اسهر وحدي يوما ، كان الارق يرافقني في كل مره
"وعلى كدة الهدوء الي انت فيه ده ثقه ولا غرور _x000D_
 إكتئاب حضرتك",1,0,0,وعلي كده الهدوء الي انت فيه ثقه ولا غرور اكتئاب حضرتك,وعلي كده الهدوء الي انت فيه ده ثقه ولا غرور _x<NUM>D_ اكتئاب حضرتك
هناك نوع من الجهاد لا يعرفه الكثير من الناس وهو جهاد السعادة و هو محاولاتك أن تبقى سعيداً بالرغم من كآبة البيئة المحيطة بك,1,1,0,نوع الجهاد يعرفه الكثير الناس وهو جهاد السعاده محاولاتك تبقي سعيدا بالرغم كابه البيئه المحيطه,هناك نوع من الجهاد لا يعرفه الكثير من الناس وهو جهاد السعاده و هو محاولاتك ان تبقي سعيدا بالرغم من كابه البيئه المحيطه بك
مرحبا لو سمحتو انا عندي مرض الصرع وستعمل حبوب لمكتال واخذ حبوب اكتئاب وحمض الفوليك وحبوب منومه وغده ,1,0,0,مرحبا سمحتو انا عندي مرض الصرع وستعمل حبوب لمكتال واخذ حبوب اكتئاب وحمض الفوليك وحبوب منومه وغده,مرحبا لو سمحتو انا عندي مرض الصرع وستعمل حبوب لمكتال واخذ حبوب اكتئاب وحمض الفوليك وحبوب منومه وغده
أشعر بالملل ببرودة الأيام فقدت رغبتي بقراءة الكتب بمشاهدة الأفلام والكتابة لا أود التواصل مع أحد ولا أشعر بأي رغبة في الحياة ,1,1,0,اشعر بالملل ببروده الايام فقدت رغبتي بقراءه الكتب بمشاهده الافلام والكتابه اود التواصل احد ولا اشعر باي رغبه الحياه,اشعر بالملل ببروده الايام فقدت رغبتي بقراءه الكتب بمشاهده الافلام والكتابه لا اود التواصل مع احد ولا اشعر باي رغبه في الحياه
"الهم ان نمت على ضيق فأيقظني على فرح_x000D_
وان نمت على حزن فأيقظني على سعاده_x000D_
وان نمت على يأس فأيقظني على أمل",1,0,0,الهم نمت علي ضيق فايقظني علي فرح وان نمت علي حزن فايقظني علي سعاده وان نمت علي ياس فايقظني علي امل,الهم ان نمت علي ضيق فايقظني علي فرح_x<NUM>D_وان نمت علي حزن فايقظني علي سعاده_x<NUM>D_وان نمت علي ياس فايقظني علي امل
ايه اقولك قاعده ابكي 😭🔥😭🔥😭🔥,1,0,0,ايه اقولك قاعده ابكي 😭🔥😭🔥😭🔥,ايه اقولك قاعده ابكي 😭🔥😭🔥😭🔥
احتاج طبيب نفسي مب حالة كل خمس دقايق منهارة وحالتي حاله تعبت يابنات تعبت,1,0,0,احتاج طبيب نفسي حاله خمس دقايق منهاره وحالتي حاله تعبت يابنات تعبت,احتاج طبيب نفسي مب حاله كل خمس دقايق منهاره وحالتي حاله تعبت يابنات تعبت
مادري نفسية سوداوية او اكتئاب بس يجيني غالباً شعور مقزز وخرا من زواراتنا ولا التكلف الي يصاحبه و الانتقادات ,1,0,0,مادري نفسيه سوداويه اكتئاب يجيني غالبا شعور مقزز وخرا زواراتنا ولا التكلف الي يصاحبه الانتقادات,مادري نفسيه سوداويه او اكتئاب بس يجيني غالبا شعور مقزز وخرا من زواراتنا ولا التكلف الي يصاحبه و الانتقادات
"نوبة هلع _x000D_
صعبان عليا نفسي قوي 💔",1,0,0,نوبه هلع صعبان عليا نفسي قوي,نوبه هلع _x<NUM>D_صعبان عليا نفسي قوي 💔
وبعدين بقا في الافكار الي كلها تودي الي الانتحار دي,1,0,0,وبعدين بقا الافكار الي كلها تودي الي الانتحار,وبعدين بقا في الافكار الي كلها تودي الي الانتحار دي
بسألكم وانتو يجيكم اكتئاب غير طبيعي لما يقرب عيد ميلادكم ولا اروح اتعالج,1,1,0,بسالكم وانتو يجيكم اكتئاب غير طبيعي لما يقرب عيد ميلادكم ولا اروح اتعالج,بسالكم وانتو يجيكم اكتئاب غير طبيعي لما يقرب عيد ميلادكم ولا اروح اتعالج
واو نوبات الهلع رجعت لي😽,1,0,0,واو نوبات الهلع رجعت لي😽,واو نوبات الهلع رجعت لي😽
شابه حزن,1,0,0,شابه حزن,شابه حزن
"السلام عليكم _x000D_
بسأل عن افضل طبيب نفسي و مستشار تربوي لاطفال الذين تعرضوا لتحرش و شكرا",1,0,0,السلام عليكم بسال افضل طبيب نفسي مستشار تربوي لاطفال الذين تعرضوا لتحرش شكرا,السلام عليكم _x<NUM>D_بسال عن افضل طبيب نفسي و مستشار تربوي لاطفال الذين تعرضوا لتحرش و شكرا
نفسي اموت بس من غير انتحار ☹️,1,1,0,نفسي اموت غير انتحار,نفسي اموت بس من غير انتحار ☹️
بقيت بخاف من الفقد اوى الفراق بكل اشكاله بقى مسبلى كبوس فى حياتى ومعيشنى فى قلق كبيربقيت بخاف مشوفش الناس الى بحبها,1,0,0,بقيت بخاف الفقد اوي الفراق بكل اشكاله بقي مسبلي كبوس حياتي ومعيشني قلق كبيربقيت بخاف مشوفش الناس الي بحبها,بقيت بخاف من الفقد اوي الفراق بكل اشكاله بقي مسبلي كبوس في حياتي ومعيشني في قلق كبيربقيت بخاف مشوفش الناس الي بحبها
دي ادوية الاكتئاب الي باخدها بقالي شهورمعاناه مع الاعراض ومع الامل انها ممكن تصلح حاجه و تساعدني,1,0,0,ادويه الاكتئاب الي باخدها بقالي شهورمعاناه الاعراض ومع الامل انها ممكن تصلح حاجه تساعدني,دي ادويه الاكتئاب الي باخدها بقالي شهورمعاناه مع الاعراض ومع الامل انها ممكن تصلح حاجه و تساعدني
اكتئاب زون 😂,1,0,0,اكتئاب زون,اكتئاب زون 😂
 وحده سَببت لي هلع و خوف وربكة ومتلازمة التفكير و النَرفزة دون أدنى مجهود,1,0,0,وحده سببت هلع خوف وربكه ومتلازمه التفكير النرفزه دون ادني مجهود,وحده سببت لي هلع و خوف وربكه ومتلازمه التفكير و النرفزه دون ادني مجهود
ف نفس الوقت دا بالظبط من سنه كنت داخل ف فتره اكتئاب بنت وسخه وشكلنا راجعين تاني اهو ربنا يستر عشان انا م ش ق ا د ر,1,0,0,نفس الوقت بالظبط سنه كنت داخل فتره اكتئاب بنت وسخه وشكلنا راجعين تاني اهو ربنا يستر عشان انا,ف نفس الوقت دا بالظبط من سنه كنت داخل ف فتره اكتئاب بنت وسخه وشكلنا راجعين تاني اهو ربنا يستر عشان انا م ش ق ا د ر
وانت عرفت منين برضو اني مكتئب وبائس,1,0,0,وانت عرفت منين برضو اني مكتئب وبائس,وانت عرفت منين برضو اني مكتئب وبائس
"مش معني إني بحب أقعد لوحدي وبفضل الهدوء لأوقات طويله إني_x000D_
زعلانه❎_x000D_
عندي اكتئاب❎_x000D_
مبعرفش اتعامل وغريبه❎_x000D_
أنا إنسان طبيعي",1,0,0,معني اني بحب اقعد لوحدي وبفضل الهدوء لاوقات طويله اني زعلانه❎ عندي اكتئاب❎ مبعرفش اتعامل وغريبه❎ انا انسان طبيعي,مش معني اني بحب اقعد لوحدي وبفضل الهدوء لاوقات طويله اني_x<NUM>D_زعلانه❎_x<NUM>D_عندي اكتئاب❎_x<NUM>D_مبعرفش اتعامل وغريبه❎_x<NUM>D_انا انسان طبيعي
أرى السحر طاقه شريره تظرب أماكن معينه بالدماغ فتجبر الدماغ على التخيل لبعض الشخصيات المذكوره بالاساطي,1,0,0,اري السحر طاقه شريره تظرب اماكن معينه بالدماغ فتجبر الدماغ علي التخيل لبعض الشخصيات المذكوره بالاساطي,اري السحر طاقه شريره تظرب اماكن معينه بالدماغ فتجبر الدماغ علي التخيل لبعض الشخصيات المذكوره بالاساطي
انك عايش في ليبيا هذا اكبر سبب ممكن يخليك انسان مكتئب,1,0,0,انك عايش ليبيا اكبر سبب ممكن يخليك انسان مكتئب,انك عايش في ليبيا هذا اكبر سبب ممكن يخليك انسان مكتئب
ربي هُناك ضيقه أتعبتني و أبكتني أرح قلبي و فرج همي و أبعد عني ما يؤلمني الهم قد بلغت من الهم و الحزن حد السماء يسر لي أمري يارب,1,1,0,ربي ضيقه اتعبتني ابكتني ارح قلبي فرج همي ابعد عني يؤلمني الهم بلغت الهم الحزن السماء يسر امري يارب,ربي هناك ضيقه اتعبتني و ابكتني ارح قلبي و فرج همي و ابعد عني ما يؤلمني الهم قد بلغت من الهم و الحزن حد السماء يسر لي امري يارب
قاعد ابكي وحنا بنروح لجدتي دموعي مو وقتك تكفين اف,1,0,0,قاعد ابكي وحنا بنروح لجدتي دموعي وقتك تكفين,قاعد ابكي وحنا بنروح لجدتي دموعي مو وقتك تكفين اف
اسمع اوست فويس وحاشني اكتئاب مدري هو عشان الاوست مرتبط باحداث توجع ولا هو الاوست حزين 😩,1,0,0,اسمع اوست فويس وحاشني اكتئاب مدري عشان الاوست مرتبط باحداث توجع ولا الاوست حزين,اسمع اوست فويس وحاشني اكتئاب مدري هو عشان الاوست مرتبط باحداث توجع ولا هو الاوست حزين 😩
وربي قلق,1,0,0,وربي قلق,وربي قلق
نوبات هلع -اكتئاب-خوف-قلق- وسواس- تفكير تغكير تفكيررررر,1,0,0,نوبات هلع اكتئاب خوف قلق وسواس تفكير تغكير تفكير,نوبات هلع -اكتئاب-خوف-قلق- وسواس- تفكير تغكير تفكيررررر
أُعاني من إكتئاب حاد الأصدقاء يُعاتبوني وأمي تغضبُ مني لأن حالي يتدهور أما أنا فأُفكر كيف سأمر هذه اليلة ,1,0,0,اعاني اكتئاب حاد الاصدقاء يعاتبوني وامي تغضب مني لان حالي يتدهور اما انا فافكر سامر اليله,اعاني من اكتئاب حاد الاصدقاء يعاتبوني وامي تغضب مني لان حالي يتدهور اما انا فافكر كيف سامر هذه اليله
اكثر شي مسب لي قلق هو نظام نومي وحياتي بعد الفاينلز وكيف بيكون,1,0,0,اكثر مسب قلق نظام نومي وحياتي الفاينلز وكيف بيكون,اكثر شي مسب لي قلق هو نظام نومي وحياتي بعد الفاينلز وكيف بيكون
دائمًا كذا ترا قلق قلق💔,1,0,0,دائما كذا ترا قلق قلق💔,دائما كذا ترا قلق قلق💔
حزين معاد بيني وبين الموتّ الا شعره,1,0,0,حزين معاد بيني وبين الموت الا شعره,حزين معاد بيني وبين الموت الا شعره
صار فيني رُهاب من المجمتع بسب الزبايل الي جالسه اشوفه كليوم ترند اقذر من الي قبله كيف الواحد يقدر يعيش معكم انتوا,1,0,0,صار فيني رهاب المجمتع بسب الزبايل الي جالسه اشوفه كليوم ترند اقذر الي قبله الواحد يقدر يعيش معكم انتوا,صار فيني رهاب من المجمتع بسب الزبايل الي جالسه اشوفه كليوم ترند اقذر من الي قبله كيف الواحد يقدر يعيش معكم انتوا
اه تعبت تعبت حزن مدري متى ينتهي,1,0,0,تعبت تعبت حزن مدري متي ينتهي,اه تعبت تعبت حزن مدري متي ينتهي
خرجت من إكتئاب نهاية أتاك دخلت ف إكتئاب فصول مورياتي الأخيرة متى نشوف السعادة يا دنيا,1,0,0,خرجت اكتئاب نهايه اتاك دخلت اكتئاب فصول مورياتي الاخيره متي نشوف السعاده دنيا,خرجت من اكتئاب نهايه اتاك دخلت ف اكتئاب فصول مورياتي الاخيره متي نشوف السعاده يا دنيا
والله الانتحار حلو لو مايودي النار زماني انتحرت ياسيطا,1,0,0,والله الانتحار حلو مايودي النار زماني انتحرت ياسيطا,والله الانتحار حلو لو مايودي النار زماني انتحرت ياسيطا
المشكلة في الشيفت واله بيجيب اكتئاب وإنطفاء يا جدعان😂,1,0,0,المشكله الشيفت واله بيجيب اكتئاب وانطفاء جدعان😂,المشكله في الشيفت واله بيجيب اكتئاب وانطفاء يا جدعان😂
قلق اوفر,1,0,0,قلق اوفر,قلق اوفر
هو مش توحد هو عزله والعزله حاجه كويسه مادام بإختيارك,1,0,0,توحد عزله والعزله حاجه كويسه مادام باختيارك,هو مش توحد هو عزله والعزله حاجه كويسه مادام باختيارك
واله فيه قلق يجي فجأه قوي معه خوف ودوخه يخوف يارب انه ينقطع لانه متعب بشكل,1,0,0,واله فيه قلق يجي فجاه قوي معه خوف ودوخه يخوف يارب انه ينقطع لانه متعب بشكل,واله فيه قلق يجي فجاه قوي معه خوف ودوخه يخوف يارب انه ينقطع لانه متعب بشكل
احس ودي ابكي بس ما يمديني اه يالقهر,1,1,0,احس ودي ابكي يمديني يالقهر,احس ودي ابكي بس ما يمديني اه يالقهر
جيت أوزع الشاهي عالضيوف وجتني دوخة فجأة من الخوف وطاح الترمس والبيالات من الصحن بسب الرهاب الاجتماعي,1,0,0,جيت اوزع الشاهي عالضيوف وجتني دوخه فجاه الخوف وطاح الترمس والبيالات الصحن بسب الرهاب الاجتماعي,جيت اوزع الشاهي عالضيوف وجتني دوخه فجاه من الخوف وطاح الترمس والبيالات من الصحن بسب الرهاب الاجتماعي
ماعليك منها احتمال البنت يصيبها اكتئاب مع احترامي😍,1,0,0,ماعليك منها احتمال البنت يصيبها اكتئاب احترامي😍,ماعليك منها احتمال البنت يصيبها اكتئاب مع احترامي😍
واله الواحد بطل عارف هو اكتئاب ولا انطفاء ولا نضج ولا انعدام شغف ولا تخلف ولا حالة نفسية,1,0,0,واله الواحد بطل عارف اكتئاب ولا انطفاء ولا نضج ولا انعدام شغف ولا تخلف ولا حاله نفسيه,واله الواحد بطل عارف هو اكتئاب ولا انطفاء ولا نضج ولا انعدام شغف ولا تخلف ولا حاله نفسيه
و اله منجد 😭 كله اكتئاب,1,0,0,اله منجد كله اكتئاب,و اله منجد 😭 كله اكتئاب
عندي رهاب من جمعات الأقارب وأحس,1,0,0,عندي رهاب جمعات الاقارب واحس,عندي رهاب من جمعات الاقارب واحس
وصلت لمرحلة حتى البكاء تراكم عليّ,1,0,0,وصلت لمرحله حتي البكاء تراكم علي,وصلت لمرحله حتي البكاء تراكم علي
واله الواحد ما بقى عارف هو اكتئاب ولا انطفاء ولا نضج ولا وحدة ولا توحد ولا كله مع بعض,1,1,0,واله الواحد بقي عارف اكتئاب ولا انطفاء ولا نضج ولا وحده ولا توحد ولا كله بعض,واله الواحد ما بقي عارف هو اكتئاب ولا انطفاء ولا نضج ولا وحده ولا توحد ولا كله مع بعض
الاكتئاب ↖️↖️↖️,1,0,0,الاكتئاب ↖️↖️↖️,الاكتئاب ↖️↖️↖️
هناك ما يحزن قلبي أشعر وكأني احترق من الداخل وكأني اود الانتحار ,1,1,0,يحزن قلبي اشعر وكاني احترق الداخل وكاني اود الانتحار,هناك ما يحزن قلبي اشعر وكاني احترق من الداخل وكاني اود الانتحار
عشان كذا انا مكتئب مافي اشياء كثيره احب اسويها,1,0,0,عشان كذا انا مكتئب مافي اشياء كثيره احب اسويها,عشان كذا انا مكتئب مافي اشياء كثيره احب اسويها
"ندري واله سواليف تخدير _x000D_
حزن 😞💔",1,0,0,ندري واله سواليف تخدير حزن,ندري واله سواليف تخدير _x<NUM>D_حزن 😞💔
اكتئاب 🙂,1,0,0,اكتئاب,اكتئاب 🙂
الدراما ذي كنت احتاج طبيب نفسي يوم خلصتها من نفسيتي الي في الحضيض👍🏻,1,0,0,الدراما كنت احتاج طبيب نفسي يوم خلصتها نفسيتي الي الحضيض👍🏻,الدراما ذي كنت احتاج طبيب نفسي يوم خلصتها من نفسيتي الي في الحضيض👍🏻
قاعده اشوف مسلسل وفجاءه الاقيني بالموسم الثالث ومو باقي شيء ويخلص دخلت بحالة اكتئاب,1,0,0,قاعده اشوف مسلسل وفجاءه الاقيني بالموسم الثالث ومو باقي شيء ويخلص دخلت بحاله اكتئاب,قاعده اشوف مسلسل وفجاءه الاقيني بالموسم الثالث ومو باقي شيء ويخلص دخلت بحاله اكتئاب
💀 كآبه لا نهائيه,1,1,0,كابه نهائيه,💀 كابه لا نهائيه
شكلي بنتحر وترا في الوضع ذا الانتحار حلال🤣,1,0,0,شكلي بنتحر وترا الوضع الانتحار حلال🤣,شكلي بنتحر وترا في الوضع ذا الانتحار حلال🤣
انا مكتئب جدا,1,0,0,انا مكتئب جدا,انا مكتئب جدا
ابي يوم صفاء ونقاء وبدون قلق,1,0,0,ابي يوم صفاء ونقاء وبدون قلق,ابي يوم صفاء ونقاء وبدون قلق
واله نفسية تاعي محطمة احتاج طبيب نفسي الان,1,0,0,واله نفسيه تاعي محطمه احتاج طبيب نفسي الان,واله نفسيه تاعي محطمه احتاج طبيب نفسي الان
"البوست بتاع الكلام الي قالوه ناس عندها اكتئاب قبل ما ينتحروا بوست مُخيف اوي _x000D_
فيه كلام كتير من الي ناس كتبينه",1,1,0,البوست بتاع الكلام الي قالوه ناس عندها اكتئاب ينتحروا بوست مخيف اوي فيه كلام كتير الي ناس كتبينه,البوست بتاع الكلام الي قالوه ناس عندها اكتئاب قبل ما ينتحروا بوست مخيف اوي _x<NUM>D_فيه كلام كتير من الي ناس كتبينه
حزن أهئ أهئ لاء,1,0,0,حزن اهئ اهئ لاء,حزن اهئ اهئ لاء
انا مكتئب بكل صراحة و الدنيا مقفله في وشي جامد الحمد الله يعني ادعولي بظهر الغيب في صلاتكم يا شباب,1,0,0,انا مكتئب بكل صراحه الدنيا مقفله وشي جامد الحمد الله يعني ادعولي بظهر الغيب صلاتكم شباب,انا مكتئب بكل صراحه و الدنيا مقفله في وشي جامد الحمد الله يعني ادعولي بظهر الغيب في صلاتكم يا شباب
وع كأبه ماحصلت الي بالي ولا حتى شي حلو غيره 😒,1,0,0,كابه ماحصلت الي بالي ولا حتي حلو غيره,وع كابه ماحصلت الي بالي ولا حتي شي حلو غيره 😒
كآبه الفتره ذي,1,0,0,كابه الفتره,كابه الفتره ذي
قمت ولا افطرت حزن,1,0,0,قمت ولا افطرت حزن,قمت ولا افطرت حزن
الذنب ذنبي انا,1,0,0,الذنب ذنبي انا,الذنب ذنبي انا
ابي ابكي بس حتى البكاء م يفيد لانها حياتي م تغير غير اني اتعب نفسي,1,1,0,ابي ابكي حتي البكاء يفيد لانها حياتي تغير غير اني اتعب نفسي,ابي ابكي بس حتي البكاء م يفيد لانها حياتي م تغير غير اني اتعب نفسي
مخنوقه وبنفجر يجماعه قلبي انكسر وماحد حاسس فيني شعور الفراغ و شعور الالم يقتل ,1,0,0,مخنوقه وبنفجر يجماعه قلبي انكسر وماحد حاسس فيني شعور الفراغ شعور الالم يقتل,مخنوقه وبنفجر يجماعه قلبي انكسر وماحد حاسس فيني شعور الفراغ و شعور الالم يقتل
"مصطلحات اكتئاب أخرى_x000D_
٠ الاكتئاب الجزئي مزمن وطفيف بعض الشيء_x000D_
٠ الاكتئاب المضاعف اكت",1,0,0,مصطلحات اكتئاب اخري الاكتئاب الجزئي مزمن وطفيف بعض الشيء الاكتئاب المضاعف اكت,مصطلحات اكتئاب اخري_x<NUM>D_<NUM> الاكتئاب الجزئي مزمن وطفيف بعض الشيء_x<NUM>D_<NUM> الاكتئاب المضاعف اكت
اكتئاب حاد,1,0,0,اكتئاب حاد,اكتئاب حاد
١٠ ارهاق و اكتئاب,1,0,0,ارهاق اكتئاب,<NUM><NUM> ارهاق و اكتئاب
الهم إني أعوذ بك من أن أفقد شغفي ومصادر بهجتي وحبي لحياة أعوذ بك من دربٍ أسير فيه بلا جدوى ومن حُلم أتع,1,0,0,الهم اني اعوذ افقد شغفي ومصادر بهجتي وحبي لحياه اعوذ درب اسير فيه بلا جدوي ومن حلم اتع,الهم اني اعوذ بك من ان افقد شغفي ومصادر بهجتي وحبي لحياه اعوذ بك من درب اسير فيه بلا جدوي ومن حلم اتع
مبدأيا كده انا عندي رهاب عائلي,1,0,0,مبدايا كده انا عندي رهاب عائلي,مبدايا كده انا عندي رهاب عائلي
امبارح قولت يابت اتفرجي ع اي مسلسل حظي وقعني ف ملوك الجدعنه لاسف ايه كم القرف والكأبه دي وهو بجد ف مصر الحاجات دي,1,0,0,امبارح قولت يابت اتفرجي مسلسل حظي وقعني ملوك الجدعنه لاسف ايه القرف والكابه وهو بجد مصر الحاجات,امبارح قولت يابت اتفرجي ع اي مسلسل حظي وقعني ف ملوك الجدعنه لاسف ايه كم القرف والكابه دي وهو بجد ف مصر الحاجات دي
انا مكتئب بس جالس اسوي نفسي طبيعي,1,0,0,انا مكتئب جالس اسوي نفسي طبيعي,انا مكتئب بس جالس اسوي نفسي طبيعي
الهم فرحه تكسر كل حزن مضى,1,0,0,الهم فرحه تكسر حزن مضي,الهم فرحه تكسر كل حزن مضي
يا اخى يخلونك تبغى الانتحار وانت اكشلى عندك ميول انتحارية اصلا,1,0,0,اخي يخلونك تبغي الانتحار وانت اكشلي عندك ميول انتحاريه اصلا,يا اخي يخلونك تبغي الانتحار وانت اكشلي عندك ميول انتحاريه اصلا
أتمنى أن يهرب كل شيء متبقي على صدري من الإرق والقلق والأذى وأن تاتي أخر ساعه في اليوم وأغفي دون قلق مستمر مؤذي,1,0,0,اتمني يهرب شيء متبقي علي صدري الارق والقلق والاذي وان تاتي اخر ساعه اليوم واغفي دون قلق مستمر مؤذي,اتمني ان يهرب كل شيء متبقي علي صدري من الارق والقلق والاذي وان تاتي اخر ساعه في اليوم واغفي دون قلق مستمر مؤذي
"لايبكي الرجل الا من شيء عظيم قصم ظهره اله يعينه ويسخر له من عباده الصالحين 😭_x000D_
احس فيه اكتئاب حاد💔",1,0,0,لايبكي الرجل الا شيء عظيم قصم ظهره اله يعينه ويسخر عباده الصالحين احس فيه اكتئاب حاد💔,لايبكي الرجل الا من شيء عظيم قصم ظهره اله يعينه ويسخر له من عباده الصالحين 😭_x<NUM>D_احس فيه اكتئاب حاد💔
وهيفضل يجبلك اكتئاب لحد متصاحب 😂,1,0,0,وهيفضل يجبلك اكتئاب لحد متصاحب,وهيفضل يجبلك اكتئاب لحد متصاحب 😂
واله ماشي مسب لي اكتئاب غير دراستي,1,1,0,واله ماشي مسب اكتئاب غير دراستي,واله ماشي مسب لي اكتئاب غير دراستي
هو دا سكوت حد رايق ولا سكوت اكتئاب,1,0,0,سكوت رايق ولا سكوت اكتئاب,هو دا سكوت حد رايق ولا سكوت اكتئاب
لما حتى اقرب الناس لك مايحسون فيك ولايقدرون انك مكتئب وبدل مايخفون عنك يزعلون منك,1,0,0,لما حتي اقرب الناس مايحسون فيك ولايقدرون انك مكتئب وبدل مايخفون عنك يزعلون منك,لما حتي اقرب الناس لك مايحسون فيك ولايقدرون انك مكتئب وبدل مايخفون عنك يزعلون منك
تقريبا عندي انزايتي قلق نفسي وكذا ولازم اخذ فترة راحة لوقت كويس عشان اتعالج منه 😢,1,0,0,تقريبا عندي انزايتي قلق نفسي وكذا ولازم اخذ فتره راحه لوقت كويس عشان اتعالج منه,تقريبا عندي انزايتي قلق نفسي وكذا ولازم اخذ فتره راحه لوقت كويس عشان اتعالج منه 😢
في حياتي كلها مريت بأكتائبين اكتئاب في ٢٠١٧ وكان عشان صحتي كانت زفت وصدق تعبت وكرهت الحياه وكل شي سنه بس واكتئاب عل,1,0,0,حياتي كلها مريت باكتائبين اكتئاب ٢٠١٧ وكان عشان صحتي زفت وصدق تعبت وكرهت الحياه وكل سنه واكتئاب,في حياتي كلها مريت باكتائبين اكتئاب في <NUM><NUM><NUM><NUM> وكان عشان صحتي كانت زفت وصدق تعبت وكرهت الحياه وكل شي سنه بس واكتئاب عل
لا ما هو يا صيام يا مذاكرة يا اكتئاب انما التلاتة مع بعض لأ مش هينفع,1,1,0,صيام مذاكره اكتئاب انما التلاته بعض هينفع,لا ما هو يا صيام يا مذاكره يا اكتئاب انما التلاته مع بعض لا مش هينفع
ماهي عاده امشي وحدي احكي وحدي ابكي وحدي ,1,0,0,ماهي عاده امشي وحدي احكي وحدي ابكي وحدي,ماهي عاده امشي وحدي احكي وحدي ابكي وحدي
مو طبيعي انو صايره ابكي على كل شي حرفياً كل شي,1,0,0,طبيعي انو صايره ابكي علي حرفيا,مو طبيعي انو صايره ابكي علي كل شي حرفيا كل شي
شوف الخاص اله يوفقك ويسعدك عندي حلم مسب لي قلق واله وقصير مره,1,0,0,شوف الخاص اله يوفقك ويسعدك عندي حلم مسب قلق واله وقصير مره,شوف الخاص اله يوفقك ويسعدك عندي حلم مسب لي قلق واله وقصير مره
حبيبتي انا زيك اكتئاب وقرية وتكه واهلي يتعبون النفسية وجاني تبلد بهالرمضان واستمريت على المسلسلات التركية والموسي,1,0,0,حبيبتي انا زيك اكتئاب وقريه وتكه واهلي يتعبون النفسيه وجاني تبلد بهالرمضان واستمريت علي المسلسلات التركيه والموسي,حبيبتي انا زيك اكتئاب وقريه وتكه واهلي يتعبون النفسيه وجاني تبلد بهالرمضان واستمريت علي المسلسلات التركيه والموسي
حياتي تشبه الخيار بين الإنتحار والإنتحار,1,0,0,حياتي تشبه الخيار الانتحار والانتحار,حياتي تشبه الخيار بين الانتحار والانتحار
محاوله انتحار بس المره دي بالكهربا ٢,1,0,0,محاوله انتحار المره بالكهربا,محاوله انتحار بس المره دي بالكهربا <NUM>
ياشيخ علي انا اقرأه في القيام واستمر تماماً حتى اكمل شهر ثم تبدا معي حالات اكتئاب ودمار,1,0,1,ياشيخ علي انا اقراه القيام واستمر تماما حتي اكمل شهر تبدا معي حالات اكتئاب ودمار,ياشيخ علي انا اقراه في القيام واستمر تماما حتي اكمل شهر ثم تبدا معي حالات اكتئاب ودمار
أي دواء فيه طاري إكتئاب لازم يشد حيله معي😥💔,1,0,0,دواء فيه طاري اكتئاب لازم يشد حيله معي😥💔,اي دواء فيه طاري اكتئاب لازم يشد حيله معي😥💔
"فضفضةنفسية_x000D_
قبل ٣ أسابيع جاتني نوبات قلق شديدة لدرجة نبضات قلبي كانت مرتفعة و كتمة في صدري _x000D_
لكن تداركت الوضع والآن هدوء نفسي",1,0,0,فضفضهنفسيه اسابيع جاتني نوبات قلق شديده لدرجه نبضات قلبي مرتفعه كتمه صدري تداركت الوضع والان هدوء نفسي,فضفضهنفسيه_x<NUM>D_قبل <NUM> اسابيع جاتني نوبات قلق شديده لدرجه نبضات قلبي كانت مرتفعه و كتمه في صدري _x<NUM>D_لكن تداركت الوضع والان هدوء نفسي
مكملتش ١٨ سنه و بتعالج من الاكتئاب و الضغط العصبي🥳👍🏻,1,0,0,مكملتش سنه بتعالج الاكتئاب الضغط العصبي🥳👍🏻,مكملتش <NUM><NUM> سنه و بتعالج من الاكتئاب و الضغط العصبي🥳👍🏻
جاري البحث عن صيدلية تنطي بروزاك بدون وصفة💔,1,1,0,جاري البحث صيدليه تنطي بروزاك بدون وصفه💔,جاري البحث عن صيدليه تنطي بروزاك بدون وصفه💔
كل حاجه بقت تجيب اكتئاب,1,0,0,حاجه بقت تجيب اكتئاب,كل حاجه بقت تجيب اكتئاب
احسني الفتره ذي مكتئب,1,0,0,احسني الفتره مكتئب,احسني الفتره ذي مكتئب
في رمضان كل شي يتمحور حول الفطور لذلك ماقبله ومابعده اكتئاب,1,0,0,رمضان يتمحور حول الفطور ماقبله ومابعده اكتئاب,في رمضان كل شي يتمحور حول الفطور لذلك ماقبله ومابعده اكتئاب
كل حاجة تجيب اكتئاب كل حاجة والله مش مبالغة,1,0,0,حاجه تجيب اكتئاب حاجه والله مبالغه,كل حاجه تجيب اكتئاب كل حاجه والله مش مبالغه
حزن كآبه تعاسه صياح دموع بكاء تعب ارهاق ,1,0,0,حزن كابه تعاسه صياح دموع بكاء تعب ارهاق,حزن كابه تعاسه صياح دموع بكاء تعب ارهاق
"مرة 💔_x000D_
واله خلصت آخر حلقة وعندي اكتئاب وبتجهز اطلع اغير جو علشان انسى_x000D_
لكن",1,0,0,مره واله خلصت اخر حلقه وعندي اكتئاب وبتجهز اطلع اغير علشان انسي,مره 💔_x<NUM>D_واله خلصت اخر حلقه وعندي اكتئاب وبتجهز اطلع اغير جو علشان انسي_x<NUM>D_لكن
كلها شعرة ايمان بيني وبين الانتحار يا اله فرجك😔,1,0,0,كلها شعره ايمان بيني وبين الانتحار اله فرجك😔,كلها شعره ايمان بيني وبين الانتحار يا اله فرجك😔
بدأت أفكاري تتغير أمس، قبل لحظات النوم نمت واستيقظتُ فإذا بها تصبحُ حادة ولا طاقة لي على فعل الأمور مع وجع رأس رهيب دخلتُ حالة اكتئاب، فتمنّوا لي أن أستيقظ غدًا بصحة جيدة,1,0,0,بدات افكاري تتغير امس، لحظات النوم نمت واستيقظت فاذا بها تصبح حاده ولا طاقه علي فعل الامور وجع راس رهيب دخلت حاله اكتئاب، فتمنوا استيقظ غدا بصحه جيده,بدات افكاري تتغير امس، قبل لحظات النوم نمت واستيقظت فاذا بها تصبح حاده ولا طاقه لي علي فعل الامور مع وجع راس رهيب دخلت حاله اكتئاب، فتمنوا لي ان استيقظ غدا بصحه جيده
اعتقد كدة واله اعلم الي انا فيه دة اكتئاب,1,0,0,اعتقد كده واله اعلم الي انا فيه اكتئاب,اعتقد كده واله اعلم الي انا فيه ده اكتئاب
قلق قلق قلق,1,0,0,قلق قلق قلق,قلق قلق قلق
دايم ينظرون لهالشي بشفقه انا ايضا امر باكتئاب صلبه من الخارج ومتهالكه من الداخل واحس بحرقه بصدري حرقا,1,0,0,دايم ينظرون لهالشي بشفقه انا ايضا امر باكتئاب صلبه الخارج ومتهالكه الداخل واحس بحرقه بصدري حرقا,دايم ينظرون لهالشي بشفقه انا ايضا امر باكتئاب صلبه من الخارج ومتهالكه من الداخل واحس بحرقه بصدري حرقا
كآبة ما في شي بفش الخلق انتو هم على قلبي,1,1,0,كابه بفش الخلق انتو علي قلبي,كابه ما في شي بفش الخلق انتو هم علي قلبي
"ابغى ارفع خطاب انا نقل الحياة ليل_x000D_
كيف انتم تعيشون العصر بدون اكتئاب",1,1,0,ابغي ارفع خطاب انا نقل الحياه ليل انتم تعيشون العصر بدون اكتئاب,ابغي ارفع خطاب انا نقل الحياه ليل_x<NUM>D_كيف انتم تعيشون العصر بدون اكتئاب
اختبار يضيق الصدر وكئيب زود على كآبة السبت😅💔,1,0,0,اختبار يضيق الصدر وكئيب زود علي كابه السبت😅💔,اختبار يضيق الصدر وكئيب زود علي كابه السبت😅💔
في اوقات بتعدي علينا من صعوبتها نيأس ونفقد الامل في ربنا بس غلط حقيقي غلط لان ربنا بيسترها معانا طول ال,1,0,0,اوقات بتعدي علينا صعوبتها نياس ونفقد الامل ربنا غلط حقيقي غلط لان ربنا بيسترها معانا طول,في اوقات بتعدي علينا من صعوبتها نياس ونفقد الامل في ربنا بس غلط حقيقي غلط لان ربنا بيسترها معانا طول ال
اشعر ب اكتئاب شديد,1,0,0,اشعر اكتئاب شديد,اشعر ب اكتئاب شديد
"مادري كيف أوصف الشعور الي فيني مادري هو حزن ولا كآبة ولا ضيق و لا شو بالضبط كل الي أعرفه انه يخنقني 💔 _x000D_
حزن كآبة ضيق ضيقة",1,1,0,مادري اوصف الشعور الي فيني مادري حزن ولا كابه ولا ضيق بالضبط الي اعرفه انه يخنقني حزن كابه ضيق ضيقه,مادري كيف اوصف الشعور الي فيني مادري هو حزن ولا كابه ولا ضيق و لا شو بالضبط كل الي اعرفه انه يخنقني 💔 _x<NUM>D_حزن كابه ضيق ضيقه
يارب الا حزن الصاحب المصاحب لروحي دائمًا,1,0,0,يارب الا حزن الصاحب المصاحب لروحي دائما,يارب الا حزن الصاحب المصاحب لروحي دائما
لا امل ولا طاقه و لا شغف,1,1,0,امل ولا طاقه شغف,لا امل ولا طاقه و لا شغف
كآبة في كل مكان والحمدلله اليوم بدأ الحظر الشامل وينتهي لإجازة العيد حضرتهم تاركين الحبل ع الغارب,1,0,0,كابه مكان والحمدلله اليوم بدا الحظر الشامل وينتهي لاجازه العيد حضرتهم تاركين الحبل الغارب,كابه في كل مكان والحمدلله اليوم بدا الحظر الشامل وينتهي لاجازه العيد حضرتهم تاركين الحبل ع الغارب
مو طبيعي اني جالسه ابكي بس عشان مافي احد بحياتي يرد علي بدري☹️,1,0,0,طبيعي اني جالسه ابكي عشان مافي احد بحياتي يرد علي بدري☹️,مو طبيعي اني جالسه ابكي بس عشان مافي احد بحياتي يرد علي بدري☹️
"ماظن اعتقادات خاطئة _x000D_
احاول اذا اغيرها تجيني نوبة هلع",1,0,0,ماظن اعتقادات خاطئه احاول اذا اغيرها تجيني نوبه هلع,ماظن اعتقادات خاطئه _x<NUM>D_احاول اذا اغيرها تجيني نوبه هلع
كآبه🌝,1,0,0,كابه🌝,كابه🌝
جتني كآبة من دحين,1,0,0,جتني كابه دحين,جتني كابه من دحين
طول ه الاسبوع انام وانا ابكي صار روتيني,1,0,0,طول الاسبوع انام وانا ابكي صار روتيني,طول ه الاسبوع انام وانا ابكي صار روتيني
يارب ياكريم يارب واله عايشه حالة قلق ربي يشفيها ويعافيها,1,0,0,يارب ياكريم يارب واله عايشه حاله قلق ربي يشفيها ويعافيها,يارب ياكريم يارب واله عايشه حاله قلق ربي يشفيها ويعافيها
كوفيد 25 دا جابلي اكتئاب واله خلاني خايفة من كل حاجة,1,0,0,كوفيد جابلي اكتئاب واله خلاني خايفه حاجه,كوفيد <NUM> دا جابلي اكتئاب واله خلاني خايفه من كل حاجه
احس ودي انسى اخر سنه وسبع شهور مرت اليوم بكيت بكيت لين نمت ولما صحيت كملت بكي شي يقهر لما ابكي على شي مو بيدي شي ودي اغيره بس مو بيدي,1,0,0,احس ودي انسي اخر سنه وسبع شهور مرت اليوم بكيت بكيت لين نمت ولما صحيت كملت بكي يقهر لما ابكي علي بيدي ودي اغيره بيدي,احس ودي انسي اخر سنه وسبع شهور مرت اليوم بكيت بكيت لين نمت ولما صحيت كملت بكي شي يقهر لما ابكي علي شي مو بيدي شي ودي اغيره بس مو بيدي
لمن شفت البروزاك ضاق صدري منقطع له ٦ شهور,1,0,0,لمن شفت البروزاك ضاق صدري منقطع شهور,لمن شفت البروزاك ضاق صدري منقطع له <NUM> شهور
نعم مو مشكلتنا احنا الطلاب الي صار لنا شهر ونص من يوم قالو القرار واحنا عايشين ب اكتئاب ,1,0,0,نعم مشكلتنا احنا الطلاب الي صار لنا شهر ونص يوم قالو القرار واحنا عايشين اكتئاب,نعم مو مشكلتنا احنا الطلاب الي صار لنا شهر ونص من يوم قالو القرار واحنا عايشين ب اكتئاب
أُريد البكاء إلى أن أُموت ,1,0,0,اريد البكاء الي اموت,اريد البكاء الي ان اموت
جالسه ابكي عشان حياتي الي اول كانت حلوه وفيها أشخاص كويسين راحت,1,0,0,جالسه ابكي عشان حياتي الي اول حلوه وفيها اشخاص كويسين راحت,جالسه ابكي عشان حياتي الي اول كانت حلوه وفيها اشخاص كويسين راحت
والله انا جتني كآبه وما كنت سعيده 💔,1,0,0,والله انا جتني كابه وما كنت سعيده,والله انا جتني كابه وما كنت سعيده 💔
يحدث الان نوبه هلع,1,0,0,يحدث الان نوبه هلع,يحدث الان نوبه هلع
ابوي يقول عن اكتئابي موجات حزن كذابه يوهمني فيها الشيطان,1,0,0,ابوي يقول اكتئابي موجات حزن كذابه يوهمني فيها الشيطان,ابوي يقول عن اكتئابي موجات حزن كذابه يوهمني فيها الشيطان
كآبه وملل حزن,1,0,0,كابه وملل حزن,كابه وملل حزن
اكتئاب السبت بدأ من بدري,1,0,0,اكتئاب السبت بدا بدري,اكتئاب السبت بدا من بدري
انهاردة في عيادة القط كان فيه واحدة جايبة قطتها عندها اكتئاب عشان متأثرة ان صحبتها تعبانة والقطة بتاخد ادوية لاكتئاب🥺,1,0,0,انهارده عياده القط فيه واحده جايبه قطتها عندها اكتئاب عشان متاثره صحبتها تعبانه والقطه بتاخد ادويه لاكتئاب🥺,انهارده في عياده القط كان فيه واحده جايبه قطتها عندها اكتئاب عشان متاثره ان صحبتها تعبانه والقطه بتاخد ادويه لاكتئاب🥺
الانتحار لو مو حرام كان انتحرت من زمان 💔,1,0,0,الانتحار حرام انتحرت زمان,الانتحار لو مو حرام كان انتحرت من زمان 💔
أنا هادئ، هذا ما يبدو، ولَكِنّي لست كذلك حَقيقةً، مُفرِط في القَلق، أقلَق مِمّا أعرِف، ومِمّا لا أعرِف، وفي رَأسي تَدور ألف فِكرة، ألف سؤال، إلى ما لا نِهاية,1,1,0,انا هادئ، يبدو، ولكني لست كذلك حقيقه، مفرط القلق، اقلق مما اعرف، ومما اعرف، وفي راسي تدور الف فكره، الف سؤال، الي نهايه,انا هادئ، هذا ما يبدو، ولكني لست كذلك حقيقه، مفرط في القلق، اقلق مما اعرف، ومما لا اعرف، وفي راسي تدور الف فكره، الف سؤال، الي ما لا نهايه
اتفق وبقوه ومن تجربه كأبه بشكل مو طبيعي,1,0,0,اتفق وبقوه ومن تجربه كابه بشكل طبيعي,اتفق وبقوه ومن تجربه كابه بشكل مو طبيعي
اكتئاب الاجازه الي بتعدلها بالثانيه عشان تنزلها 😑,1,0,0,اكتئاب الاجازه الي بتعدلها بالثانيه عشان تنزلها,اكتئاب الاجازه الي بتعدلها بالثانيه عشان تنزلها 😑
الاكتئاب الي بعد العيد يا شينه👎🏻,1,0,0,الاكتئاب الي العيد شينه👎🏻,الاكتئاب الي بعد العيد يا شينه👎🏻
احا اكتئاب اكتر من كدة هيعمل فينا ايه,1,0,0,احا اكتئاب اكتر كده هيعمل فينا ايه,احا اكتئاب اكتر من كده هيعمل فينا ايه
الواحد بيجاهد نفسه بقاله فتره كبيره ع ميدخلش ف مود اكتئاب ونقول رمضان ومينفعش بس مفيش فايده ف يارب حلها من عندك 🥺💔🤲,1,0,0,الواحد بيجاهد نفسه بقاله فتره كبيره ميدخلش مود اكتئاب ونقول رمضان ومينفعش مفيش فايده يارب حلها عندك 🥺💔🤲,الواحد بيجاهد نفسه بقاله فتره كبيره ع ميدخلش ف مود اكتئاب ونقول رمضان ومينفعش بس مفيش فايده ف يارب حلها من عندك 🥺💔🤲
أليس مُملًا أن تحزن لنفس السبب يومياً,1,0,0,اليس مملا تحزن لنفس السبب يوميا,اليس مملا ان تحزن لنفس السبب يوميا
الانتحار لو مكنش حرام بس,1,0,0,الانتحار مكنش حرام,الانتحار لو مكنش حرام بس
وكانت تلك اليلة هي الأكثر كآبة على الإطلاق,1,0,0,وكانت اليله الاكثر كابه علي الاطلاق,وكانت تلك اليله هي الاكثر كابه علي الاطلاق
منكوا له 🙂 جالي اكتئاب,1,0,0,منكوا جالي اكتئاب,منكوا له 🙂 جالي اكتئاب
لو الانتحار حلال مُمكن تنتحر,1,0,0,الانتحار حلال ممكن تنتحر,لو الانتحار حلال ممكن تنتحر
طقني اكتئاب بعد ما خلصت نايفيلرا وانسر مي ماراح تساعدني اتحسن افكر اشوف غيرها,1,1,0,طقني اكتئاب خلصت نايفيلرا وانسر ماراح تساعدني اتحسن افكر اشوف غيرها,طقني اكتئاب بعد ما خلصت نايفيلرا وانسر مي ماراح تساعدني اتحسن افكر اشوف غيرها
وأبات أبكي على حالي💔,1,0,0,وابات ابكي علي حالي💔,وابات ابكي علي حالي💔
اذكر وحده تنمرت علي قعدت ليلتها ابكي بصراحه مو عن اني حساسه بس كلامها جاء على الجرح يعني عايرتني ,1,0,0,اذكر وحده تنمرت علي قعدت ليلتها ابكي بصراحه اني حساسه كلامها جاء علي الجرح يعني عايرتني,اذكر وحده تنمرت علي قعدت ليلتها ابكي بصراحه مو عن اني حساسه بس كلامها جاء علي الجرح يعني عايرتني
متحسمه مرا ابكي,1,0,0,متحسمه مرا ابكي,متحسمه مرا ابكي
مش عايزة ابقي شكاءة وبكاءة بس انا عايزة اشكي و ابكي,1,0,0,عايزه ابقي شكاءه وبكاءه انا عايزه اشكي ابكي,مش عايزه ابقي شكاءه وبكاءه بس انا عايزه اشكي و ابكي
الاكتئاب وصل اعلى مراحله,1,0,0,الاكتئاب وصل اعلي مراحله,الاكتئاب وصل اعلي مراحله
اي ادعمهم صح ما نكر انه حرام لكن شفت ناس يحاولون انهم يتركون ذا الشي وكثير جاهم اكتئاب وحاولوا ينتحروا عشان ذا,1,1,0,ادعمهم نكر انه حرام شفت ناس يحاولون انهم يتركون الشي وكثير جاهم اكتئاب وحاولوا ينتحروا عشان,اي ادعمهم صح ما نكر انه حرام لكن شفت ناس يحاولون انهم يتركون ذا الشي وكثير جاهم اكتئاب وحاولوا ينتحروا عشان ذا
الا انا مكتئب,1,0,0,الا انا مكتئب,الا انا مكتئب
عايزة طبيب نفسي,1,0,0,عايزه طبيب نفسي,عايزه طبيب نفسي
يارب خذني من كومة هالوجع ومن كآبة هالأيام وساعدني أتجاوز هالضيق بلطفك,1,0,0,يارب خذني كومه هالوجع ومن كابه هالايام وساعدني اتجاوز هالضيق بلطفك,يارب خذني من كومه هالوجع ومن كابه هالايام وساعدني اتجاوز هالضيق بلطفك
مضادات الاكتئاب مش جايبة نتيجة,1,0,0,مضادات الاكتئاب جايبه نتيجه,مضادات الاكتئاب مش جايبه نتيجه
رغبتي في الأنتحار تزداد يوم بعد يوم,1,0,0,رغبتي الانتحار تزداد يوم يوم,رغبتي في الانتحار تزداد يوم بعد يوم
"يعطيك اكتئاب وطاقه سلبيه _x000D_
ويمرض باجابى كرونا_x000D_
ناقصه توتر ى وخوف",1,0,0,يعطيك اكتئاب وطاقه سلبيه ويمرض باجابي كرونا ناقصه توتر وخوف,يعطيك اكتئاب وطاقه سلبيه _x<NUM>D_ويمرض باجابي كرونا_x<NUM>D_ناقصه توتر ي وخوف
شوي حزن,1,0,0,شوي حزن,شوي حزن
لا هو نضج ولا اكتئاب شي بالنص بينهم,1,1,0,نضج ولا اكتئاب بالنص بينهم,لا هو نضج ولا اكتئاب شي بالنص بينهم
"دي اسمها اكتئاب مابعد الولاده_x000D_
هي مش مجنونه ولاكرهت جوزها_x000D_
الرجاء الاعتناء بها اذهبو بهالطبيب نفسي_x000D_
ضروري",1,0,0,اسمها اكتئاب مابعد الولاده مجنونه ولاكرهت جوزها الرجاء الاعتناء بها اذهبو بهالطبيب نفسي ضروري,دي اسمها اكتئاب مابعد الولاده_x<NUM>D_هي مش مجنونه ولاكرهت جوزها_x<NUM>D_الرجاء الاعتناء بها اذهبو بهالطبيب نفسي_x<NUM>D_ضروري
بداية غرق في اكتئاب حاد جدًا,1,0,0,بدايه غرق اكتئاب حاد جدا,بدايه غرق في اكتئاب حاد جدا
"يهوذا بعد ما سلم المسيحدخل في حالة اكتئابو جلد ذاتو لومو مشاعر ذنب _x000D_
بعدها علي طول جري علي رؤساء الكهنة عشان",1,1,0,يهوذا سلم المسيحدخل حاله اكتئابو جلد ذاتو لومو مشاعر ذنب بعدها علي طول جري علي رؤساء الكهنه عشان,يهوذا بعد ما سلم المسيحدخل في حاله اكتئابو جلد ذاتو لومو مشاعر ذنب _x<NUM>D_بعدها علي طول جري علي رؤساء الكهنه عشان
هذا لم يعد انطفاء ولاتعب ولا اكتئاب ابداً روحي خاضت كل الذي سبق لكن لاشيء ما ذُكر انا اشعر بهناك شعور ما يغبط صدري ولايمكني شرحه,1,1,0,يعد انطفاء ولاتعب ولا اكتئاب ابدا روحي خاضت الذي سبق لاشيء ذكر انا اشعر بهناك شعور يغبط صدري ولايمكني شرحه,هذا لم يعد انطفاء ولاتعب ولا اكتئاب ابدا روحي خاضت كل الذي سبق لكن لاشيء ما ذكر انا اشعر بهناك شعور ما يغبط صدري ولايمكني شرحه
محد مهتم صراحة ابكي 😋,1,0,0,محد مهتم صراحه ابكي,محد مهتم صراحه ابكي 😋
قريت كلام كتبته امس وقعدت ابكي على وضعي 🙎🏼‍♀️,1,0,0,قريت كلام كتبته امس وقعدت ابكي علي وضعي 🙎🏼‍♀️,قريت كلام كتبته امس وقعدت ابكي علي وضعي 🙎🏼♀️
ربنا يستر وميبقاش اكتئاب😂,1,0,0,ربنا يستر وميبقاش اكتئاب😂,ربنا يستر وميبقاش اكتئاب😂
اكتئاب كل الكره الارضيه نايمه الا انا,1,0,0,اكتئاب الكره الارضيه نايمه الا انا,اكتئاب كل الكره الارضيه نايمه الا انا
لن أسمح لأي شخص أن يتسب لي في نوبة هلع مرة أخرى,1,1,0,اسمح لاي شخص يتسب نوبه هلع مره اخري,لن اسمح لاي شخص ان يتسب لي في نوبه هلع مره اخري
ادعولي اله يفرج همي صارلي ١ سنه اعاني وما اعرف ايش السبب,1,0,0,ادعولي اله يفرج همي صارلي سنه اعاني وما اعرف ايش السبب,ادعولي اله يفرج همي صارلي <NUM> سنه اعاني وما اعرف ايش السبب
وحدي أراقب وحدتي تنمو مثل ليلٍ طويل.,1,0,0,وحدي اراقب وحدتي تنمو مثل ليل طويل,وحدي اراقب وحدتي تنمو مثل ليل طويل.
الفترة دي انا وحيد جدا و مش بكلم حد ولا بشوف حد بس بحمد ربنا علي اني مسحولة عشان لو كنت فاضية كان زماني في حالة,1,0,0,الفتره انا وحيد جدا بكلم ولا بشوف بحمد ربنا علي اني مسحوله عشان كنت فاضيه زماني حاله,الفتره دي انا وحيد جدا و مش بكلم حد ولا بشوف حد بس بحمد ربنا علي اني مسحوله عشان لو كنت فاضيه كان زماني في حاله
"يا جماعة الي راش نكد و كآبة في الجو يبطل مفيش هزار ف الحاجات دي_x000D_
أو تقريباً أنا لوحدى الى مطفية ❤️🌹",1,0,0,جماعه الي راش نكد كابه الجو يبطل مفيش هزار الحاجات تقريبا انا لوحدي الي مطفيه ❤️🌹,يا جماعه الي راش نكد و كابه في الجو يبطل مفيش هزار ف الحاجات دي_x<NUM>D_او تقريبا انا لوحدي الي مطفيه ❤️🌹
طلعت مكتئب ماتوقعت يجيني,1,0,0,طلعت مكتئب ماتوقعت يجيني,طلعت مكتئب ماتوقعت يجيني
اكتئاب ليفل مليون,1,0,0,اكتئاب ليفل مليون,اكتئاب ليفل مليون
الرجعة للوطن انتحار والغربة موت,1,0,0,الرجعه للوطن انتحار والغربه موت,الرجعه للوطن انتحار والغربه موت
ابي طبيب نفسي والله,1,0,0,ابي طبيب نفسي والله,ابي طبيب نفسي والله
بدايه شر جتني نوبه هلع والله يعين,1,0,0,بدايه جتني نوبه هلع والله يعين,بدايه شر جتني نوبه هلع والله يعين
جاني اكتئاب وانا اقرأ بس روتينها,1,0,0,جاني اكتئاب وانا اقرا روتينها,جاني اكتئاب وانا اقرا بس روتينها
انا تجيني حالة اكتئاب اذا خلص فلم حلو ولا مسلسل كيف بتحمل بعدين ي ربي 💔,1,0,0,انا تجيني حاله اكتئاب اذا خلص فلم حلو ولا مسلسل بتحمل بعدين ربي,انا تجيني حاله اكتئاب اذا خلص فلم حلو ولا مسلسل كيف بتحمل بعدين ي ربي 💔
عندي إكتئاب محتاجه اسند راسي على شباك طياره,1,0,0,عندي اكتئاب محتاجه اسند راسي علي شباك طياره,عندي اكتئاب محتاجه اسند راسي علي شباك طياره
مش مستاهله إكتئاب على الصبح وحدي ربك وأبدأي يومك ضحكه وانشاله يجعل يومك وكل ايامك الجايه فرحه 🍂🌼,1,0,0,مستاهله اكتئاب علي الصبح وحدي ربك وابداي يومك ضحكه وانشاله يجعل يومك وكل ايامك الجايه فرحه,مش مستاهله اكتئاب علي الصبح وحدي ربك وابداي يومك ضحكه وانشاله يجعل يومك وكل ايامك الجايه فرحه 🍂🌼
تعالي بيتنا يمكن يجيك اكتئاب مزمن,1,0,0,تعالي بيتنا يمكن يجيك اكتئاب مزمن,تعالي بيتنا يمكن يجيك اكتئاب مزمن
"اكثر وقت محتاجه فيه دعم احد يطمني _x000D_
قلبي خايف _x000D_
الاختبار قرب توتر قلق تكفير مادري وش مقبله عليه 😭",1,0,0,اكثر وقت محتاجه فيه دعم احد يطمني قلبي خايف الاختبار قرب توتر قلق تكفير مادري مقبله عليه,اكثر وقت محتاجه فيه دعم احد يطمني _x<NUM>D_قلبي خايف _x<NUM>D_الاختبار قرب توتر قلق تكفير مادري وش مقبله عليه 😭
الواحد صار ما يفرق هذا اكتئاب ولا حياتنا الطبيعية,1,1,0,الواحد صار يفرق اكتئاب ولا حياتنا الطبيعيه,الواحد صار ما يفرق هذا اكتئاب ولا حياتنا الطبيعيه
انا لوحدي ومعنتش قادر اسيطر بالكدب ع نفسيتي اني كويس وفرحان وحياتي جميله انا تعبت انا ماستهلش الاذي النفسي ده,1,0,0,انا لوحدي ومعنتش قادر اسيطر بالكدب نفسيتي اني كويس وفرحان وحياتي جميله انا تعبت انا ماستهلش الاذي النفسي,انا لوحدي ومعنتش قادر اسيطر بالكدب ع نفسيتي اني كويس وفرحان وحياتي جميله انا تعبت انا ماستهلش الاذي النفسي ده
انا مستعدة ابكي لين اموت بس أمسح بكرامتك أكثر ماهي مسوحها,1,0,0,انا مستعده ابكي لين اموت امسح بكرامتك اكثر ماهي مسوحها,انا مستعده ابكي لين اموت بس امسح بكرامتك اكثر ماهي مسوحها
أشعر كما لم أشعر من قبل بشعور لا أسْتطيع أن أميزه هل هو ألم فقد حزن ضياع بهت الحياة في عيني شعور مخيف هو ما أشعر به,1,1,0,اشعر اشعر بشعور استطيع اميزه الم فقد حزن ضياع بهت الحياه عيني شعور مخيف اشعر,اشعر كما لم اشعر من قبل بشعور لا استطيع ان اميزه هل هو الم فقد حزن ضياع بهت الحياه في عيني شعور مخيف هو ما اشعر به
علي اساس ان من اول السنه مش اكتئاب ونكد,1,0,0,علي اساس اول السنه اكتئاب ونكد,علي اساس ان من اول السنه مش اكتئاب ونكد
خايف اوصل للي انا عاوزه وأفضل حزين بردو,1,0,0,خايف اوصل للي انا عاوزه وافضل حزين بردو,خايف اوصل للي انا عاوزه وافضل حزين بردو
تقريبًا اكتئاب بس عامل نفسه مش اكتئاب,1,0,0,تقريبا اكتئاب عامل نفسه اكتئاب,تقريبا اكتئاب بس عامل نفسه مش اكتئاب
اكتئاب,1,0,0,اكتئاب,اكتئاب
حزن يثقب القلب,1,0,0,حزن يثقب القلب,حزن يثقب القلب
ويضايق حيل وتحس ان فيك اكتئاب حق فتره وماتكلم احد ونفسيتك تغير و تعب وايد وتفكر وايد وتحس ان فيك شي ناقص من يومك,1,0,0,ويضايق حيل وتحس فيك اكتئاب فتره وماتكلم احد ونفسيتك تغير تعب وايد وتفكر وايد وتحس فيك ناقص يومك,ويضايق حيل وتحس ان فيك اكتئاب حق فتره وماتكلم احد ونفسيتك تغير و تعب وايد وتفكر وايد وتحس ان فيك شي ناقص من يومك
اقسم باله لو هذي أمي واكتشفت انها سألت سؤال زي كذا بكتئب اكتئاب حاد إذا الام شافت بنتها كائن غريب وصعب كيف المجت,1,0,0,اقسم باله هذي امي واكتشفت انها سالت سؤال كذا بكتئب اكتئاب حاد اذا الام شافت بنتها كائن غريب وصعب المجت,اقسم باله لو هذي امي واكتشفت انها سالت سؤال زي كذا بكتئب اكتئاب حاد اذا الام شافت بنتها كائن غريب وصعب كيف المجت
ثمّة بعثرھَ حزن في خواطرُنا نَود بوحَھآ لكنّ بقاؤهآ في القلبِ رُبمَا يكونُ أوفي,1,0,0,ثمه بعثرھ حزن خواطرنا نود بوحھا بقاؤها القلب ربما اوفي,ثمه بعثرھ حزن في خواطرنا نود بوحھا لكن بقاؤها في القلب ربما يكون اوفي
أنا مُكتئب جداً لكن لارغبه لدي بالبكاء إطلاقاً,1,0,1,انا مكتئب جدا لارغبه لدي بالبكاء اطلاقا,انا مكتئب جدا لكن لارغبه لدي بالبكاء اطلاقا
يلا مود اكتئاب,1,0,0,يلا مود اكتئاب,يلا مود اكتئاب
كآبة وقتي🌹,1,0,0,كابه وقتي🌹,كابه وقتي🌹
شوفوني عاطل وعندي محاولات انتحار,1,0,0,شوفوني عاطل وعندي محاولات انتحار,شوفوني عاطل وعندي محاولات انتحار
كآبة 🌚,1,0,0,كابه,كابه 🌚
ابغا بس ابكي,1,0,0,ابغا ابكي,ابغا بس ابكي
اكتئاب بعيد عنك😂✋🏻,1,0,0,اكتئاب بعيد عنك😂✋🏻,اكتئاب بعيد عنك😂✋🏻
"حزن اكتئاب ضيقه_x000D_
الهاي ويست الي قبل كنت البسه وكان واسع علي الحين لبسته مره ثانيه صار لاصق مهلًا رمضان",1,0,0,حزن اكتئاب ضيقه الهاي ويست الي كنت البسه وكان واسع علي الحين لبسته مره ثانيه صار لاصق مهلا رمضان,حزن اكتئاب ضيقه_x<NUM>D_الهاي ويست الي قبل كنت البسه وكان واسع علي الحين لبسته مره ثانيه صار لاصق مهلا رمضان
هو اكتئاب ما بعد الامتحانات ده طبيعي ولا الانسان نفسيته بتسطعبط🙂,1,1,0,اكتئاب الامتحانات طبيعي ولا الانسان نفسيته بتسطعبط🙂,هو اكتئاب ما بعد الامتحانات ده طبيعي ولا الانسان نفسيته بتسطعبط🙂
إنني أبحث عن موتٍ سريع، لا يُخاصمني اللهُ ولا الشعب ولا العائلة لأجله.,1,1,0,انني ابحث موت سريع، يخاصمني الله ولا الشعب ولا العائله لاجله,انني ابحث عن موت سريع، لا يخاصمني الله ولا الشعب ولا العائله لاجله.
انا أيضاً أشعر أني لست من هذا العالم ولا بد أن أفعل شيء لأذهب من هنا ولكني ضحية خوفي من حزن أمي ونوعاً ما اله,1,1,0,انا ايضا اشعر اني لست العالم ولا افعل شيء لاذهب ولكني ضحيه خوفي حزن امي ونوعا اله,انا ايضا اشعر اني لست من هذا العالم ولا بد ان افعل شيء لاذهب من هنا ولكني ضحيه خوفي من حزن امي ونوعا ما اله
الإنسان مروح من النباطشية تعبان و حزنان و مكتئب من كل حاجة و الله,1,0,0,الانسان مروح النباطشيه تعبان حزنان مكتئب حاجه الله,الانسان مروح من النباطشيه تعبان و حزنان و مكتئب من كل حاجه و الله
"شويه عيال هم😔_x000D_
انا جالي اكتئاب من كتر القعده ف البيت🙂",1,0,0,شويه عيال هم😔 انا جالي اكتئاب كتر القعده البيت🙂,شويه عيال هم😔_x<NUM>D_انا جالي اكتئاب من كتر القعده ف البيت🙂
مرات الزعل ياخد من صِحتك مش بس يكسر خاطرك ويتعبك وفوق ما انه يتعبك يدخّلك في دوامة إكتئاب تحس انك مش محتاج حد معاك,1,1,0,مرات الزعل ياخد صحتك يكسر خاطرك ويتعبك وفوق انه يتعبك يدخلك دوامه اكتئاب تحس انك محتاج معاك,مرات الزعل ياخد من صحتك مش بس يكسر خاطرك ويتعبك وفوق ما انه يتعبك يدخلك في دوامه اكتئاب تحس انك مش محتاج حد معاك
نوبات هلع إختباري بدأت,1,0,0,نوبات هلع اختباري بدات,نوبات هلع اختباري بدات
بشيّك عالحاجة ١٠ مرة معرفش ليه مبثقش في حواسي او قلق زيادة دا😂,1,0,0,بشيك عالحاجه مره معرفش ليه مبثقش حواسي قلق زياده دا😂,بشيك عالحاجه <NUM><NUM> مره معرفش ليه مبثقش في حواسي او قلق زياده دا😂
وله انا ما عارف ده اكتئاب ولا انطفاء ولا نضج ولا ده,1,1,0,وله انا عارف اكتئاب ولا انطفاء ولا نضج ولا,وله انا ما عارف ده اكتئاب ولا انطفاء ولا نضج ولا ده
احتاج نفسية جديدة تكمل مذاكرة عني لأن نفسيتي ذي تحملت بما فيه الكفاية من تعب و تفكير و قلق,1,0,0,احتاج نفسيه جديده تكمل مذاكره عني لان نفسيتي تحملت بما فيه الكفايه تعب تفكير قلق,احتاج نفسيه جديده تكمل مذاكره عني لان نفسيتي ذي تحملت بما فيه الكفايه من تعب و تفكير و قلق
كآبة 😩,1,0,0,كابه,كابه 😩
الحمدلله اني كل يوم بقاوم رغبتي ف الانتحار بس الي خايفه منه ان يجي يوم و مقدرش اقاوم,1,0,0,الحمدلله اني يوم بقاوم رغبتي الانتحار الي خايفه منه يجي يوم مقدرش اقاوم,الحمدلله اني كل يوم بقاوم رغبتي ف الانتحار بس الي خايفه منه ان يجي يوم و مقدرش اقاوم
"اعراض مشاكل الهرمونات الادرينالين_x000D_
_x000D_
إعياء_x000D_
قله نوم_x000D_
أرق_x000D_
إكتئاب_x000D_
حبوب شباب_x000D_
بشرةضعيفه_x000D_
خطوط تمد في البطن_x000D_
وجه مدور_x000D_
ضغط ع",1,0,0,اعراض مشاكل الهرمونات الادرينالين اعياء قله نوم ارق اكتئاب حبوب شباب بشرهضعيفه خطوط تمد البطن وجه مدور ضغط,اعراض مشاكل الهرمونات الادرينالين_x<NUM>D__x<NUM>D_اعياء_x<NUM>D_قله نوم_x<NUM>D_ارق_x<NUM>D_اكتئاب_x<NUM>D_حبوب شباب_x<NUM>D_بشرهضعيفه_x<NUM>D_خطوط تمد في البطن_x<NUM>D_وجه مدور_x<NUM>D_ضغط ع
لم يحبني احد,1,1,0,يحبني احد,لم يحبني احد
امر باكتئاب ما بعد الولادة ربنا ينجينا,1,1,0,امر باكتئاب الولاده ربنا ينجينا,امر باكتئاب ما بعد الولاده ربنا ينجينا
أشيل حزن فراقك بجوفي يا جدتي سنه ورا سنة,1,0,0,اشيل حزن فراقك بجوفي جدتي سنه ورا سنه,اشيل حزن فراقك بجوفي يا جدتي سنه ورا سنه
شكلها بداية موجة إكتئاب 💔,1,0,0,شكلها بدايه موجه اكتئاب,شكلها بدايه موجه اكتئاب 💔
واله مدري هذا اكتئاب ولا نضج ولا انعدام شغف ولا هذي شخصيتي,1,0,0,واله مدري اكتئاب ولا نضج ولا انعدام شغف ولا هذي شخصيتي,واله مدري هذا اكتئاب ولا نضج ولا انعدام شغف ولا هذي شخصيتي
زعلي مش كآبة ده تراكم الحزن,1,0,0,زعلي كابه تراكم الحزن,زعلي مش كابه ده تراكم الحزن
بيجيله اكتئاب لما يستحمي مبيحبش النضافه 😂,1,0,0,بيجيله اكتئاب لما يستحمي مبيحبش النضافه,بيجيله اكتئاب لما يستحمي مبيحبش النضافه 😂
نوبات قلق وارق بدون معنى,1,1,0,نوبات قلق وارق بدون معني,نوبات قلق وارق بدون معني
مكتئب متشتت حزين بائس ضائع هارب منعزل تائه وحيد خائف منهك متعب محتاج خراب داخلي إني أختنق لست بخير أبداً,1,0,1,مكتئب متشتت حزين بائس ضائع هارب منعزل تائه وحيد خائف منهك متعب محتاج خراب داخلي اني اختنق لست بخير ابدا,مكتئب متشتت حزين بائس ضائع هارب منعزل تائه وحيد خائف منهك متعب محتاج خراب داخلي اني اختنق لست بخير ابدا
طبيعي ابكي بدون سبب ولا وشو,1,1,0,طبيعي ابكي بدون سبب ولا وشو,طبيعي ابكي بدون سبب ولا وشو
أريد ان ابكي,1,0,0,اريد ابكي,اريد ان ابكي
"ونعم باله_x000D_
ياريت ابطل قلق مع انى كلى ثقة ويقين باله _x000D_
ولكنى اخاف من عقابه يطول حد منى ويألمنى 🥺",1,0,0,ونعم باله ياريت ابطل قلق اني كلي ثقه ويقين باله ولكني اخاف عقابه يطول مني ويالمني,ونعم باله_x<NUM>D_ياريت ابطل قلق مع اني كلي ثقه ويقين باله _x<NUM>D_ولكني اخاف من عقابه يطول حد مني ويالمني 🥺
اعرف انه فيه موجة اكتئاب جايه لمن اصير اشيل هم اني احط مويه على جسمي وجلدي يعورني من البلل مهمة الاستحمام تصير اصعب مهام اليوم,1,0,0,اعرف انه فيه موجه اكتئاب جايه لمن اصير اشيل اني احط مويه علي جسمي وجلدي يعورني البلل مهمه الاستحمام تصير اصعب مهام اليوم,اعرف انه فيه موجه اكتئاب جايه لمن اصير اشيل هم اني احط مويه علي جسمي وجلدي يعورني من البلل مهمه الاستحمام تصير اصعب مهام اليوم
هيقول ارجع لو عشان سبتو مش ناقصة كآبة,1,0,0,هيقول ارجع عشان سبتو ناقصه كابه,هيقول ارجع لو عشان سبتو مش ناقصه كابه
تلزمنا عزله,1,0,0,تلزمنا عزله,تلزمنا عزله
انا اشتقت لاولاد اختي و دخلت في موجة كآبة شديدة,1,0,0,انا اشتقت لاولاد اختي دخلت موجه كابه شديده,انا اشتقت لاولاد اختي و دخلت في موجه كابه شديده
شغاله ليل نهار تنميه بشريه وازود الثقه في نفس ده وانصح ده وانا دوافع الانتحار عندى على تكه👍🏻,1,0,0,شغاله ليل نهار تنميه بشريه وازود الثقه نفس وانصح وانا دوافع الانتحار عندي علي تكه👍🏻,شغاله ليل نهار تنميه بشريه وازود الثقه في نفس ده وانصح ده وانا دوافع الانتحار عندي علي تكه👍🏻
ابغا ابكي وابكي وابكي لين ارتاح بس مافي راحه لان مافي شخص يمسكني بعد الانهيار بنهار وحدي واقوم واحس مسؤوليه والله,1,0,0,ابغا ابكي وابكي وابكي لين ارتاح مافي راحه لان مافي شخص يمسكني الانهيار بنهار وحدي واقوم واحس مسؤوليه والله,ابغا ابكي وابكي وابكي لين ارتاح بس مافي راحه لان مافي شخص يمسكني بعد الانهيار بنهار وحدي واقوم واحس مسؤوليه والله
كآبه تنهمر على قلبي كما ينهمر ذلك الدمع على وجنتاي,1,0,0,كابه تنهمر علي قلبي ينهمر الدمع علي وجنتاي,كابه تنهمر علي قلبي كما ينهمر ذلك الدمع علي وجنتاي
اله يسلمك ❤️ المشكلة أنه جابلى اكتئاب بجد,1,0,0,اله يسلمك المشكله انه جابلي اكتئاب بجد,اله يسلمك ❤️ المشكله انه جابلي اكتئاب بجد
نفسي ابكي بس مافيه سبب,1,0,0,نفسي ابكي مافيه سبب,نفسي ابكي بس مافيه سبب
اذا مافيه كلمات تعبر عن شعوري سواء حزن او بهجه,1,0,0,اذا مافيه كلمات تعبر شعوري سواء حزن بهجه,اذا مافيه كلمات تعبر عن شعوري سواء حزن او بهجه
عيد ميلادي داخل عليا ب إكتئاب بس من قبل ما يبدأ و كأن لو عدى من غير ما اتنكد السنة مش هاتحسب,1,1,0,عيد ميلادي داخل عليا اكتئاب يبدا عدي غير اتنكد السنه هاتحسب,عيد ميلادي داخل عليا ب اكتئاب بس من قبل ما يبدا و كان لو عدي من غير ما اتنكد السنه مش هاتحسب
كل ما نحتاجه يا عزيزي هو رفيق يحارب معنا الملل ونوبات الاكتئاب المستمرة,1,1,0,نحتاجه عزيزي رفيق يحارب معنا الملل ونوبات الاكتئاب المستمره,كل ما نحتاجه يا عزيزي هو رفيق يحارب معنا الملل ونوبات الاكتئاب المستمره
الواحد كتر ما هو مكتئب ومتضايق استغفر الله العظيم بس,1,1,0,الواحد كتر مكتئب ومتضايق استغفر الله العظيم,الواحد كتر ما هو مكتئب ومتضايق استغفر الله العظيم بس
كان عندي زي هذا الشغف بس مع الإكتئاب فقدته كله,1,0,0,عندي الشغف الاكتئاب فقدته كله,كان عندي زي هذا الشغف بس مع الاكتئاب فقدته كله
"منرقدش مليح ✅_x000D_
منقراش مليح ✅_x000D_
نسبة الغباء عندي طالعة ✅_x000D_
مكتئب وعلاقتي مع الناس منقطعة ✅",1,0,0,منرقدش مليح منقراش مليح نسبه الغباء عندي طالعه مكتئب وعلاقتي الناس منقطعه,منرقدش مليح ✅_x<NUM>D_منقراش مليح ✅_x<NUM>D_نسبه الغباء عندي طالعه ✅_x<NUM>D_مكتئب وعلاقتي مع الناس منقطعه ✅
اكتئاب السحور,1,0,0,اكتئاب السحور,اكتئاب السحور
قلق و ارق فظيع,1,0,0,قلق ارق فظيع,قلق و ارق فظيع
صوت العصافير بتاعة الساعة خمسة الفجر دى بتجيبلى اكتئاب,1,0,0,صوت العصافير بتاعه الساعه خمسه الفجر بتجيبلي اكتئاب,صوت العصافير بتاعه الساعه خمسه الفجر دي بتجيبلي اكتئاب
أتدرون أن الحزن بداخلي قر واستقر أفقدني وهج روحي ولابتسامتي عقر  ,1,0,0,اتدرون الحزن بداخلي واستقر افقدني وهج روحي ولابتسامتي عقر,اتدرون ان الحزن بداخلي قر واستقر افقدني وهج روحي ولابتسامتي عقر
البروزاك,1,0,0,البروزاك,البروزاك
انتحار انتحار انتحار,1,0,0,انتحار انتحار انتحار,انتحار انتحار انتحار
مدري شفيني مكتئب مع اني ضامن بفاينل امس فل مارك,1,0,0,مدري شفيني مكتئب اني ضامن بفاينل امس مارك,مدري شفيني مكتئب مع اني ضامن بفاينل امس فل مارك
أنا أبكي أبكي كثيراً من الوحدة وكلّما اقترب مني أحدًا شعرتُ بالخُوف,1,0,0,انا ابكي ابكي كثيرا الوحده وكلما اقترب مني احدا شعرت بالخوف,انا ابكي ابكي كثيرا من الوحده وكلما اقترب مني احدا شعرت بالخوف
حلحل احس اني ابغى اتكلم مع طبيب نفسي بس اهلي رافضين وش الحل ,1,0,0,حلحل احس اني ابغي اتكلم طبيب نفسي اهلي رافضين الحل,حلحل احس اني ابغي اتكلم مع طبيب نفسي بس اهلي رافضين وش الحل
اول مره اشوف اكتئاب ليه فوايد ✅,1,0,0,اول مره اشوف اكتئاب ليه فوايد,اول مره اشوف اكتئاب ليه فوايد ✅
البنات في المناطق الجبلية والاطراف اه اذكر مرة رحت وياني اكتئاب من الوضع,1,0,0,البنات المناطق الجبليه والاطراف اذكر مره رحت وياني اكتئاب الوضع,البنات في المناطق الجبليه والاطراف اه اذكر مره رحت وياني اكتئاب من الوضع
"اكتئاب حاد _x000D_
الناس العادين طبيب نفسي _x000D_
انا مباراه لبرشلونه",1,0,0,اكتئاب حاد الناس العادين طبيب نفسي انا مباراه لبرشلونه,اكتئاب حاد _x<NUM>D_الناس العادين طبيب نفسي _x<NUM>D_انا مباراه لبرشلونه
ودي ابكي من كثر الحزن الي بداخلي,1,0,0,ودي ابكي كثر الحزن الي بداخلي,ودي ابكي من كثر الحزن الي بداخلي
طلعت بيت خالتي ودخلت موجة اكتئاب,1,0,0,طلعت بيت خالتي ودخلت موجه اكتئاب,طلعت بيت خالتي ودخلت موجه اكتئاب
دام هذي النصايح قولي حاشني اكتئاب بيطول شهرين,1,0,0,دام هذي النصايح قولي حاشني اكتئاب بيطول شهرين,دام هذي النصايح قولي حاشني اكتئاب بيطول شهرين
ابي اكسر الكرسي من الرهاب الي جاني,1,0,0,ابي اكسر الكرسي الرهاب الي جاني,ابي اكسر الكرسي من الرهاب الي جاني
اي والله أني حزين وخاطري ضايق اعامل الناس بالبسمه وانا ابكي لي مدةٍ ماني ب سالي ول محتاج أشكي ولكن ما أقدر أشكي,1,1,0,والله اني حزين وخاطري ضايق اعامل الناس بالبسمه وانا ابكي مده ماني سالي محتاج اشكي ولكن اقدر اشكي,اي والله اني حزين وخاطري ضايق اعامل الناس بالبسمه وانا ابكي لي مده ماني ب سالي ول محتاج اشكي ولكن ما اقدر اشكي
الإكتئاب مؤلم بالبدايه كنت اعيش اعراضه وتعبت وتشخصت فعلاً عند طبيبة اكتئاب متوسط لم يصل لمرحلة الإكتئاب الحاد,1,1,0,الاكتئاب مؤلم بالبدايه كنت اعيش اعراضه وتعبت وتشخصت فعلا طبيبه اكتئاب متوسط يصل لمرحله الاكتئاب الحاد,الاكتئاب مؤلم بالبدايه كنت اعيش اعراضه وتعبت وتشخصت فعلا عند طبيبه اكتئاب متوسط لم يصل لمرحله الاكتئاب الحاد
الصيف بيتعبني نفسيا ومعنويا وبيجبلي اكتئاب😭,1,0,0,الصيف بيتعبني نفسيا ومعنويا وبيجبلي اكتئاب😭,الصيف بيتعبني نفسيا ومعنويا وبيجبلي اكتئاب😭
اشعر ب يأس,1,0,0,اشعر ياس,اشعر ب ياس
"فإن تَسأَلني كَيفَ أنتَ فإنَّني_x000D_
صَبورٌ على رَيبِ الزّمانِ صَعيب_x000D_
حَرِيصٌ على أن لا يُرى بي كَآبة_x000D_
فَيشمتَ عادٍ",1,1,0,فان تسالني انت فانني صبور علي ريب الزمان صعيب حريص علي يري كابه فيشمت عاد,فان تسالني كيف انت فانني_x<NUM>D_صبور علي ريب الزمان صعيب_x<NUM>D_حريص علي ان لا يري بي كابه_x<NUM>D_فيشمت عاد
اتوقع لو الانتحار حلال بتلاقوني اول وحده تطب,1,0,0,اتوقع الانتحار حلال بتلاقوني اول وحده تطب,اتوقع لو الانتحار حلال بتلاقوني اول وحده تطب
شوفتي بقا هي مش ناقصة اكتئاب اساسا,1,0,0,شوفتي بقا ناقصه اكتئاب اساسا,شوفتي بقا هي مش ناقصه اكتئاب اساسا
انا بؤس يأس تشت فراغ احباط إختناق تبلد انهلاك قلق أرق تقاعس إنطفاء هم خذلان انهیار شلل,1,0,0,انا بؤس ياس تشت فراغ احباط اختناق تبلد انهلاك قلق ارق تقاعس انطفاء خذلان انهیار شلل,انا بؤس ياس تشت فراغ احباط اختناق تبلد انهلاك قلق ارق تقاعس انطفاء هم خذلان انهیار شلل
"من الخاص 📩🌹 _x000D_
من هو افضل طبيب نفسي مختص بعلاج الفصام والذهان",1,0,0,الخاص افضل طبيب نفسي مختص بعلاج الفصام والذهان,من الخاص 📩🌹 _x<NUM>D_من هو افضل طبيب نفسي مختص بعلاج الفصام والذهان
واله من اصعب الاشياء الي مريت فيها بحياتي اني قاعد اتعامل مع شخص احبه واشوفه كله يوم يمر في اكتئاب قوي,1,0,0,واله اصعب الاشياء الي مريت فيها بحياتي اني قاعد اتعامل شخص احبه واشوفه كله يوم يمر اكتئاب قوي,واله من اصعب الاشياء الي مريت فيها بحياتي اني قاعد اتعامل مع شخص احبه واشوفه كله يوم يمر في اكتئاب قوي
واله غلقه💔 احس جاني اكتئاب,1,0,0,واله غلقه💔 احس جاني اكتئاب,واله غلقه💔 احس جاني اكتئاب
بيجيني اكتئاب من جلسه البيت,1,0,0,بيجيني اكتئاب جلسه البيت,بيجيني اكتئاب من جلسه البيت
لقد بكينا كثيراً لماذا لم يهدأ داخلنا؟,1,1,0,لقد بكينا كثيرا لماذا يهدا داخلنا؟,لقد بكينا كثيرا لماذا لم يهدا داخلنا؟
اشتقت لكآبة الايام العادية تعبت من كآبة رمضان😂😭,1,0,0,اشتقت لكابه الايام العاديه تعبت كابه رمضان😂😭,اشتقت لكابه الايام العاديه تعبت من كابه رمضان😂😭
قاعدة احارب عشان ما اطيح بنوبة اكتئاب جديدة,1,1,0,قاعده احارب عشان اطيح بنوبه اكتئاب جديده,قاعده احارب عشان ما اطيح بنوبه اكتئاب جديده
"سترة واديان عاصمة الثورة تم التأكيد _x000D_
الأسير علي جعفر تعرض لتنكيل والتعذيب في سجن جو والمصير مجهول والعائلة في قلق",1,0,0,ستره واديان عاصمه الثوره التاكيد الاسير علي جعفر تعرض لتنكيل والتعذيب سجن والمصير مجهول والعائله قلق,ستره واديان عاصمه الثوره تم التاكيد _x<NUM>D_الاسير علي جعفر تعرض لتنكيل والتعذيب في سجن جو والمصير مجهول والعائله في قلق
ماعرف شسوي نوبة اكتئاب على الابواب,1,0,0,ماعرف شسوي نوبه اكتئاب علي الابواب,ماعرف شسوي نوبه اكتئاب علي الابواب
"دليل قوي جداً _x000D_
طيب تقدر تدلني على طبيب نفسي ينقذني من ضلالي 😔",1,0,1,دليل قوي جدا طيب تقدر تدلني علي طبيب نفسي ينقذني ضلالي,دليل قوي جدا _x<NUM>D_طيب تقدر تدلني علي طبيب نفسي ينقذني من ضلالي 😔
اذهبي طبيب نفسي بدات بثلاث ادويه وشفيت والان ولا واحد استخدم,1,0,0,اذهبي طبيب نفسي بدات بثلاث ادويه وشفيت والان ولا واحد استخدم,اذهبي طبيب نفسي بدات بثلاث ادويه وشفيت والان ولا واحد استخدم
تحس فيه غيمة كآبة مضللة على الكل فيه حاجة ناقصة ومحدش له نِفس لأى حاجة,1,0,0,تحس فيه غيمه كابه مضلله علي الكل فيه حاجه ناقصه ومحدش نفس لاي حاجه,تحس فيه غيمه كابه مضلله علي الكل فيه حاجه ناقصه ومحدش له نفس لاي حاجه
"يصيبنا فاليل نوبات اكتئاب _x000D_
ونطيب لا شفنا من الصبح سْفرْه",1,1,0,يصيبنا فاليل نوبات اكتئاب ونطيب شفنا الصبح سفره,يصيبنا فاليل نوبات اكتئاب _x<NUM>D_ونطيب لا شفنا من الصبح سفره
"اكتئاب مع شوية قلق _x000D_
وعليهم ضغوطات حياة _x000D_
وشويتين كره لحياة الغير عادلة_x000D_
و مع رشّة",1,0,0,اكتئاب شويه قلق وعليهم ضغوطات حياه وشويتين كره لحياه الغير عادله رشه,اكتئاب مع شويه قلق _x<NUM>D_وعليهم ضغوطات حياه _x<NUM>D_وشويتين كره لحياه الغير عادله_x<NUM>D_و مع رشه
ابكي لان الماضي لن يعود 😥,1,1,0,ابكي لان الماضي يعود,ابكي لان الماضي لن يعود 😥
طيب ابكي ليه,1,0,0,طيب ابكي ليه,طيب ابكي ليه
بعرف اني مكتئبة اكتئاب حقيقي لما بيكون نفسي مسدودة عن الاكل 😥,1,0,0,بعرف اني مكتئبه اكتئاب حقيقي لما بيكون نفسي مسدوده الاكل,بعرف اني مكتئبه اكتئاب حقيقي لما بيكون نفسي مسدوده عن الاكل 😥
"جدا از استدلال آبکی_x000D_
دوستان عزیز به سخره گرفتن به معنای به بیگاری گرفتن است یا بی مزد از کسی کار کشیدن است ک",1,0,0,جدا استدلال ابکی دوستان عزیز سخره گرفتن معنای بیگاری گرفتن است مزد کسی کار کشیدن است,جدا از استدلال ابکی_x<NUM>D_دوستان عزیز به سخره گرفتن به معنای به بیگاری گرفتن است یا بی مزد از کسی کار کشیدن است ک
 وكنت أحاول رغم أن محاولاتي تؤذيني حتى باتت كل محاولاتي إنكسارات، قد تظن أنني لا أشعر ولا أبالي للأمر، وأنا في الحقيقة قد هزلت من الصمت,1,1,0,وكنت احاول رغم محاولاتي تؤذيني حتي باتت محاولاتي انكسارات، تظن انني اشعر ولا ابالي للامر، وانا الحقيقه هزلت الصمت,وكنت احاول رغم ان محاولاتي تؤذيني حتي باتت كل محاولاتي انكسارات، قد تظن انني لا اشعر ولا ابالي للامر، وانا في الحقيقه قد هزلت من الصمت
مش كأبه ولا حاجه بس انا مفيش حاجه بتضحكني اليومين دول غير خيبتي والله,1,1,0,كابه ولا حاجه انا مفيش حاجه بتضحكني اليومين دول غير خيبتي والله,مش كابه ولا حاجه بس انا مفيش حاجه بتضحكني اليومين دول غير خيبتي والله
ما عجبني جوجوتسو ما ادري هو نضج ولا أحب أكون عكس التيار او فيني إكتئاب حاد أحترت 🤷🏻‍♂️,1,1,0,عجبني جوجوتسو ادري نضج ولا احب اكون عكس التيار فيني اكتئاب حاد احترت 🤷🏻‍♂️,ما عجبني جوجوتسو ما ادري هو نضج ولا احب اكون عكس التيار او فيني اكتئاب حاد احترت 🤷🏻♂️
الدمعه فحلقي مابغا ابكي من الحاله الي انا فيها,1,0,0,الدمعه فحلقي مابغا ابكي الحاله الي انا فيها,الدمعه فحلقي مابغا ابكي من الحاله الي انا فيها
ليت الانتحار حلال,1,0,0,ليت الانتحار حلال,ليت الانتحار حلال
وصلت البيت الحين ابكي بكل اريحيه,1,0,0,وصلت البيت الحين ابكي بكل اريحيه,وصلت البيت الحين ابكي بكل اريحيه
شعور الي ما تعرف انت فيك نوم ولا اكتئاب ولا ودك بأحد تفضفض له وتحس ما يسلك لك,1,1,0,شعور الي تعرف انت فيك نوم ولا اكتئاب ولا ودك باحد تفضفض وتحس يسلك,شعور الي ما تعرف انت فيك نوم ولا اكتئاب ولا ودك باحد تفضفض له وتحس ما يسلك لك
ليس حزنا، بل هو شيء اسوأ يجعل قلبي يختنق,1,1,0,ليس حزنا، شيء اسوا يجعل قلبي يختنق,ليس حزنا، بل هو شيء اسوا يجعل قلبي يختنق
انا اجتماعي جدا وانا لوحدي وحيد جدا وانا وسط الناس 🤔 مكتئب بس بضحك ولما ابقي مبسوط بقعد ساكت هل انا اتجنت 🤔,1,0,0,انا اجتماعي جدا وانا لوحدي وحيد جدا وانا وسط الناس مكتئب بضحك ولما ابقي مبسوط بقعد ساكت انا اتجنت,انا اجتماعي جدا وانا لوحدي وحيد جدا وانا وسط الناس 🤔 مكتئب بس بضحك ولما ابقي مبسوط بقعد ساكت هل انا اتجنت 🤔
"كان سهلًا جدًا أن أقتل نفسي في نوبة إكتئاب_x000D_
أما الأصعب فكان ألا أفعل أيّ شيء_x000D_
أن أتحمّل حياتي _x000D_
أن أنتظر",1,0,0,سهلا جدا اقتل نفسي نوبه اكتئاب اما الاصعب فكان الا افعل شيء اتحمل حياتي انتظر,كان سهلا جدا ان اقتل نفسي في نوبه اكتئاب_x<NUM>D_اما الاصعب فكان الا افعل اي شيء_x<NUM>D_ان اتحمل حياتي _x<NUM>D_ان انتظر
ثم تحول الإنسان من شخص متفائل إلى كتلة من الصمت و الانعزال والحزن,1,0,0,تحول الانسان شخص متفائل الي كتله الصمت الانعزال والحزن,ثم تحول الانسان من شخص متفائل الي كتله من الصمت و الانعزال والحزن
الأسود كئيب ويضيق الصدر فوق ما الواحد مكتئب بدون سبب,1,1,0,الاسود كئيب ويضيق الصدر فوق الواحد مكتئب بدون سبب,الاسود كئيب ويضيق الصدر فوق ما الواحد مكتئب بدون سبب
آهٍ مني ومن قلبي الحزين,1,0,0,مني ومن قلبي الحزين,اه مني ومن قلبي الحزين
حزن 💔,1,0,0,حزن,حزن 💔
الجو مليان كآبة و فيه حاجة غلط,1,0,0,الجو مليان كابه فيه حاجه غلط,الجو مليان كابه و فيه حاجه غلط
من دخلت الجامعة وانا صايرة تجييني نوبات قلق وهلع بسببها,1,0,0,دخلت الجامعه وانا صايره تجييني نوبات قلق وهلع بسببها,من دخلت الجامعه وانا صايره تجييني نوبات قلق وهلع بسببها
لا ابكي بكثره انا فقط حساس قليلا قليلا حسناً كثيراً,1,1,0,ابكي بكثره انا فقط حساس قليلا قليلا حسنا كثيرا,لا ابكي بكثره انا فقط حساس قليلا قليلا حسنا كثيرا
داخل على نوبة اكتئاب جديدة وحاس إن قلبي هينفجر,1,0,0,داخل علي نوبه اكتئاب جديده وحاس قلبي هينفجر,داخل علي نوبه اكتئاب جديده وحاس ان قلبي هينفجر
أشعر بأني سعيد بشكل مكتئب,1,0,0,اشعر باني سعيد بشكل مكتئب,اشعر باني سعيد بشكل مكتئب
سيرش قوقل طريقة انتحار إسلامية,1,0,0,سيرش قوقل طريقه انتحار اسلاميه,سيرش قوقل طريقه انتحار اسلاميه
الاكتئاب اللى انا فيه ملوش علاقه ب الضحك يعنى انا ممكن افضل اضحك واهزر بس انا من جوايا مكتئب فاهمنى 🖤,1,0,0,الاكتئاب اللي انا فيه ملوش علاقه الضحك يعني انا ممكن افضل اضحك واهزر انا جوايا مكتئب فاهمني,الاكتئاب اللي انا فيه ملوش علاقه ب الضحك يعني انا ممكن افضل اضحك واهزر بس انا من جوايا مكتئب فاهمني 🖤
واله الواحد ما يدري هو اكتئاب ولا انطفاء ولا نضج ولا انعدام الشغف ولا تخلف ولا حالة نفسية,1,1,0,واله الواحد يدري اكتئاب ولا انطفاء ولا نضج ولا انعدام الشغف ولا تخلف ولا حاله نفسيه,واله الواحد ما يدري هو اكتئاب ولا انطفاء ولا نضج ولا انعدام الشغف ولا تخلف ولا حاله نفسيه
هذا اكتئاب حبوبة,1,0,0,اكتئاب حبوبه,هذا اكتئاب حبوبه
"اي واله كرهوني الدنيا وجاني اكتئاب ونفسية_x000D_
_x000D_
اخرتها لهم القصور والسفريات ولنا الدخل",1,0,0,واله كرهوني الدنيا وجاني اكتئاب ونفسيه اخرتها لهم القصور والسفريات ولنا الدخل,اي واله كرهوني الدنيا وجاني اكتئاب ونفسيه_x<NUM>D__x<NUM>D_اخرتها لهم القصور والسفريات ولنا الدخل
انطوائي عندي رهاب اجتماعي مع الناس ومعرف اتعامل معاهم,1,0,0,انطوائي عندي رهاب اجتماعي الناس ومعرف اتعامل معاهم,انطوائي عندي رهاب اجتماعي مع الناس ومعرف اتعامل معاهم
تالت حتة في مؤنس الأقناع والأباحة تحابيش هدفها يستحوذ على الي قدامه وخلاص مش مهم أي حاجة تانيةيعني انا هبيح الي,1,0,0,تالت حته مؤنس الاقناع والاباحه تحابيش هدفها يستحوذ علي الي قدامه وخلاص مهم حاجه تانيهيعني انا هبيح الي,تالت حته في مؤنس الاقناع والاباحه تحابيش هدفها يستحوذ علي الي قدامه وخلاص مش مهم اي حاجه تانيهيعني انا هبيح الي
وحيد تماما,1,0,0,وحيد تماما,وحيد تماما
فعلا انا افكر ب الانتحار,1,0,0,فعلا انا افكر الانتحار,فعلا انا افكر ب الانتحار
يارب استودعتك كل أمر أخشاه فبث لي طمأنينة من عندك تنسيني كل قلق ☁️,1,0,0,يارب استودعتك امر اخشاه فبث طمانينه عندك تنسيني قلق,يارب استودعتك كل امر اخشاه فبث لي طمانينه من عندك تنسيني كل قلق ☁️
شايفة حالة اكتئاب جاية عليا من بعيد,1,0,0,شايفه حاله اكتئاب جايه عليا بعيد,شايفه حاله اكتئاب جايه عليا من بعيد
هو لدرجادي باين عليا ان محطمه ومريضه اكتئاب ده انا بتجيلي عروض في ال اتعالج وبلاش كمان ياحلاوه ياولاد,1,0,0,لدرجادي باين عليا محطمه ومريضه اكتئاب انا بتجيلي عروض اتعالج وبلاش كمان ياحلاوه ياولاد,هو لدرجادي باين عليا ان محطمه ومريضه اكتئاب ده انا بتجيلي عروض في ال اتعالج وبلاش كمان ياحلاوه ياولاد
عامل دماغ كآبة يعني 😅,1,0,0,عامل دماغ كابه يعني,عامل دماغ كابه يعني 😅
لم أكن اعرف في تلك اللحظه أن السواد سيغمرني طويلاً بعدها,1,1,0,اكن اعرف اللحظه السواد سيغمرني طويلا بعدها,لم اكن اعرف في تلك اللحظه ان السواد سيغمرني طويلا بعدها
الانتحار هوا الحل,1,0,0,الانتحار هوا الحل,الانتحار هوا الحل
لم تكن مجرد نوبات اكتئاب، كان إنطفاء تدريجي  يسحبُ الروح.,1,1,0,تكن مجرد نوبات اكتئاب، انطفاء تدريجي يسحب الروح,لم تكن مجرد نوبات اكتئاب، كان انطفاء تدريجي يسحب الروح.
انا قبل رمضان كان تجيني نغزات في الصدر بعدين اكتشفت انها بسبب الاكتئاب,1,0,0,انا رمضان تجيني نغزات الصدر بعدين اكتشفت انها بسبب الاكتئاب,انا قبل رمضان كان تجيني نغزات في الصدر بعدين اكتشفت انها بسبب الاكتئاب
والله الواحد ما ناقصه كآبه,1,1,0,والله الواحد ناقصه كابه,والله الواحد ما ناقصه كابه
قرار الموت😀🤣 انتحار ,1,0,0,قرار الموت😀🤣 انتحار,قرار الموت😀🤣 انتحار
رسائل الواتس أب كفيلة بتحويل أبسط المخاوف إلى نوبة هلع,1,0,0,رسائل الواتس كفيله بتحويل ابسط المخاوف الي نوبه هلع,رسائل الواتس اب كفيله بتحويل ابسط المخاوف الي نوبه هلع
اتمنى ان فيه شيء اسمه اكتئاب رمضان لأن الي قاعد يصير غير منطقي,1,1,0,اتمني فيه شيء اسمه اكتئاب رمضان لان الي قاعد يصير غير منطقي,اتمني ان فيه شيء اسمه اكتئاب رمضان لان الي قاعد يصير غير منطقي
جالي اكتئاب مبردش علي اي بيشنت وكرهت الشغلانة من قلبي حقيقي 🙂,1,0,0,جالي اكتئاب مبردش علي بيشنت وكرهت الشغلانه قلبي حقيقي,جالي اكتئاب مبردش علي اي بيشنت وكرهت الشغلانه من قلبي حقيقي 🙂
اليوم اكتئاب وتهاوشت الحمداله ع كل حال,1,0,0,اليوم اكتئاب وتهاوشت الحمداله حال,اليوم اكتئاب وتهاوشت الحمداله ع كل حال
اكتئاب وربي اكتئاب اله يعدي هال ٥ أيام على خير,1,0,0,اكتئاب وربي اكتئاب اله يعدي هال ايام علي خير,اكتئاب وربي اكتئاب اله يعدي هال <NUM> ايام علي خير
محاوله انتحار فاشله,1,0,0,محاوله انتحار فاشله,محاوله انتحار فاشله
أرى السنين تمر ومُرّ فُراقك لا يمّر فلا ألم يُعادل ألم فقدك ولا ذِكرى أبشع من ذِكرى رحيلك ولا حُزن يفوق حُزن وفاتك,1,1,0,اري السنين تمر ومر فراقك يمر فلا الم يعادل الم فقدك ولا ذكري ابشع ذكري رحيلك ولا حزن يفوق حزن وفاتك,اري السنين تمر ومر فراقك لا يمر فلا الم يعادل الم فقدك ولا ذكري ابشع من ذكري رحيلك ولا حزن يفوق حزن وفاتك
ياخي لو الانتحار حلال جان انتحرت من زمان,1,0,0,ياخي الانتحار حلال جان انتحرت زمان,ياخي لو الانتحار حلال جان انتحرت من زمان
انا اشعر بملل شديد وانفس احياناً معنى حالياً كل شي تمام الحمدلله بس احس ودي ع طول اكون مشغول ب اشياء,1,0,0,انا اشعر بملل شديد وانفس احيانا معني حاليا تمام الحمدلله احس ودي طول اكون مشغول اشياء,انا اشعر بملل شديد وانفس احيانا معني حاليا كل شي تمام الحمدلله بس احس ودي ع طول اكون مشغول ب اشياء
يحيى الفخراني يدخل في حالة اكتئاب بعد وفاة أقرب أصدقائه,1,0,0,يحيي الفخراني يدخل حاله اكتئاب وفاه اقرب اصدقائه,يحيي الفخراني يدخل في حاله اكتئاب بعد وفاه اقرب اصدقائه
"حزن وتقل الدنيا كله ولا أى حاجه مكن تخف من جبل الحزن والاحباط دا لان اكيد محدش هيحسه غير ال شايله _x000D_
الحمدله",1,1,0,حزن وتقل الدنيا كله ولا حاجه مكن تخف جبل الحزن والاحباط لان اكيد محدش هيحسه غير شايله الحمدله,حزن وتقل الدنيا كله ولا اي حاجه مكن تخف من جبل الحزن والاحباط دا لان اكيد محدش هيحسه غير ال شايله _x<NUM>D_الحمدله
ياربي ليه الانتحار حرام,1,0,0,ياربي ليه الانتحار حرام,ياربي ليه الانتحار حرام
حزن الأصدقاء مُعدّي,1,0,0,حزن الاصدقاء معدي,حزن الاصدقاء معدي
حد يعرف دكتور نفسي كويس في طنطا اتحسن على ايده من الاكتئاب ومش مستغل ولا بياخد ارقام فلكية,1,0,0,يعرف دكتور نفسي كويس طنطا اتحسن علي ايده الاكتئاب ومش مستغل ولا بياخد ارقام فلكيه,حد يعرف دكتور نفسي كويس في طنطا اتحسن علي ايده من الاكتئاب ومش مستغل ولا بياخد ارقام فلكيه
حزن الارض 👍🏼🖕🏼,1,0,0,حزن الارض 👍🏼🖕🏼,حزن الارض 👍🏼🖕🏼
منتداكم هذا ما عاد ينطاق اذا دخلته يجيني اكتئاب,1,1,0,منتداكم عاد ينطاق اذا دخلته يجيني اكتئاب,منتداكم هذا ما عاد ينطاق اذا دخلته يجيني اكتئاب
انا عارف ان الانتحار حرام بس انا لو انتحر مو تكفروني وتقولون هذا خلاص في النار خلاص بيعيش طول عمره في جهنم ,1,0,0,انا عارف الانتحار حرام انا انتحر تكفروني وتقولون خلاص النار خلاص بيعيش طول عمره جهنم,انا عارف ان الانتحار حرام بس انا لو انتحر مو تكفروني وتقولون هذا خلاص في النار خلاص بيعيش طول عمره في جهنم
واله الواحد معد يدري هو اكتئاب ولا انطفاء ولا نضج ولا انعدام الشغف ولا تخلف ولا حاله نفسيه ولا هذي شخصيته🦦,1,0,0,واله الواحد معد يدري اكتئاب ولا انطفاء ولا نضج ولا انعدام الشغف ولا تخلف ولا حاله نفسيه ولا هذي شخصيته🦦,واله الواحد معد يدري هو اكتئاب ولا انطفاء ولا نضج ولا انعدام الشغف ولا تخلف ولا حاله نفسيه ولا هذي شخصيته🦦
واله الواحد مايدري هو اكتئاب ولا انطفاء ولا نضج ولا انعدام شغف ولا تخلف ولا حالة نفسيه ولا ايش بالضبط,1,0,0,واله الواحد مايدري اكتئاب ولا انطفاء ولا نضج ولا انعدام شغف ولا تخلف ولا حاله نفسيه ولا ايش بالضبط,واله الواحد مايدري هو اكتئاب ولا انطفاء ولا نضج ولا انعدام شغف ولا تخلف ولا حاله نفسيه ولا ايش بالضبط
الخبر سبب لي اكتئاب,1,0,0,الخبر سبب اكتئاب,الخبر سبب لي اكتئاب
هذا غريب حقا ينتابني هذه الايام شعورٌ غريب لا اعلم كيف ابكي لقد اصبحت عادة عندي لفتره طويلة ارغب بالبكاء,1,1,0,غريب حقا ينتابني الايام شعور غريب اعلم ابكي لقد اصبحت عاده عندي لفتره طويله ارغب بالبكاء,هذا غريب حقا ينتابني هذه الايام شعور غريب لا اعلم كيف ابكي لقد اصبحت عاده عندي لفتره طويله ارغب بالبكاء
هو الدور مطلوب انه يتادى بالطريقة دة لأنه واحد قضى عشرين سنة بالسجن و مغدور بيه و عنده اضطراب نفسى فه,1,0,0,الدور مطلوب انه يتادي بالطريقه لانه واحد قضي عشرين سنه بالسجن مغدور بيه عنده اضطراب نفسي,هو الدور مطلوب انه يتادي بالطريقه ده لانه واحد قضي عشرين سنه بالسجن و مغدور بيه و عنده اضطراب نفسي فه
"الخوف اقوى وباء يفتك بالانسان ويدمر حياته _x000D_
يدخله في قلق دائم من لاشيء قلق من ماضٍ ذهب وطوي ولن يعود وقلق على مست",1,0,0,الخوف اقوي وباء يفتك بالانسان ويدمر حياته يدخله قلق دائم لاشيء قلق ماض ذهب وطوي ولن يعود وقلق علي مست,الخوف اقوي وباء يفتك بالانسان ويدمر حياته _x<NUM>D_يدخله في قلق دائم من لاشيء قلق من ماض ذهب وطوي ولن يعود وقلق علي مست
تخافون كل ما جاء ميلادكم ولا بس انا احس أني قاعده اكبر وانا أشياء بسيطه ما قدرت اجربها بسب المجتمع والأهل اخاف,1,1,0,تخافون جاء ميلادكم ولا انا احس اني قاعده اكبر وانا اشياء بسيطه قدرت اجربها بسب المجتمع والاهل اخاف,تخافون كل ما جاء ميلادكم ولا بس انا احس اني قاعده اكبر وانا اشياء بسيطه ما قدرت اجربها بسب المجتمع والاهل اخاف
واله الواحد ما يدري اهو اكتئاب ولا انطفاء ولا نضج ولا انعدام الشغف ولا تخلف ولا حاله نفسيه ولا هذي شخصيته,1,1,0,واله الواحد يدري اهو اكتئاب ولا انطفاء ولا نضج ولا انعدام الشغف ولا تخلف ولا حاله نفسيه ولا هذي شخصيته,واله الواحد ما يدري اهو اكتئاب ولا انطفاء ولا نضج ولا انعدام الشغف ولا تخلف ولا حاله نفسيه ولا هذي شخصيته
"رجعت تانى قلبي يوجعنى من الزعل وبدأت أفكر في الانتحار من تانى _x000D_
وخايفه فى يوم أضعف واعملها",1,0,0,رجعت تاني قلبي يوجعني الزعل وبدات افكر الانتحار تاني وخايفه يوم اضعف واعملها,رجعت تاني قلبي يوجعني من الزعل وبدات افكر في الانتحار من تاني _x<NUM>D_وخايفه في يوم اضعف واعملها
حزن دا,1,0,0,حزن,حزن دا
لما يكون يومك بدايته زق وانت عارف انه بداية دوامه وموجة اكتئاب وتستغبي وتحاول تسوي سعيد وتزعل وتقول لالا ما بستسلم,1,1,0,لما يومك بدايته وانت عارف انه بدايه دوامه وموجه اكتئاب وتستغبي وتحاول تسوي سعيد وتزعل وتقول لالا بستسلم,لما يكون يومك بدايته زق وانت عارف انه بدايه دوامه وموجه اكتئاب وتستغبي وتحاول تسوي سعيد وتزعل وتقول لالا ما بستسلم
ابكي بس ابكي 😂,1,0,0,ابكي ابكي,ابكي بس ابكي 😂
تذكرتها اليوم وقعدت ابكي,1,0,0,تذكرتها اليوم وقعدت ابكي,تذكرتها اليوم وقعدت ابكي
الوحدة بتقتلني,1,0,0,الوحده بتقتلني,الوحده بتقتلني
هذا وحنا تونا داخلين السبت فيه كآبه مو طبيعية💔,1,0,0,وحنا تونا داخلين السبت فيه كابه طبيعيه💔,هذا وحنا تونا داخلين السبت فيه كابه مو طبيعيه💔
ملل إدمان تفكير إكتئاب🚶‍♀️💔,1,0,0,ملل ادمان تفكير اكتئاب🚶‍♀️💔,ملل ادمان تفكير اكتئاب🚶♀️💔
اضطراب نفسي شي سلوكي مزاجي خوف شديد قلق توتر كل شي جاني كنت ماحس بالأمن والأمان الداخلي وهستريا,1,0,0,اضطراب نفسي سلوكي مزاجي خوف شديد قلق توتر جاني كنت ماحس بالامن والامان الداخلي وهستريا,اضطراب نفسي شي سلوكي مزاجي خوف شديد قلق توتر كل شي جاني كنت ماحس بالامن والامان الداخلي وهستريا
لو الانتحار حلال كان انا من اول ناس ميته,1,0,0,الانتحار حلال انا اول ناس ميته,لو الانتحار حلال كان انا من اول ناس ميته
يا طويل العمر انا عندي نوبات هلع تعدينا مرحلة الخوف,1,0,0,طويل العمر انا عندي نوبات هلع تعدينا مرحله الخوف,يا طويل العمر انا عندي نوبات هلع تعدينا مرحله الخوف
"ينتابني حُزن ألف عام في ليلة واحدة , ينقض علي بلا سبب .. ينبش خلايا قلبي عمداً , فتأتي الذكريات تباعاً .. أصرخ بعالي صوتي لعلك تسمعني , فيعود صدى صوتي حاملاً خيباتي",1,0,0,ينتابني حزن الف عام ليله واحده ينقض علي بلا سبب ينبش خلايا قلبي عمدا فتاتي الذكريات تباعا اصرخ بعالي صوتي لعلك تسمعني فيعود صدي صوتي حاملا خيباتي,"ينتابني حزن الف عام في ليله واحده , ينقض علي بلا سبب .. ينبش خلايا قلبي عمدا , فتاتي الذكريات تباعا .. اصرخ بعالي صوتي لعلك تسمعني , فيعود صدي صوتي حاملا خيباتي"
وجالي اكتئاب بعد كدة,1,0,0,وجالي اكتئاب كده,وجالي اكتئاب بعد كده
وانا كل ما اسمعها احس ودي ابكي واغرق بحزني واتذكر الايام الجميله 😢,1,1,0,وانا اسمعها احس ودي ابكي واغرق بحزني واتذكر الايام الجميله,وانا كل ما اسمعها احس ودي ابكي واغرق بحزني واتذكر الايام الجميله 😢
اروح اماكن حديده 5 شهو ماطلعت من البيت بس قلك مايحس بشي دا الي جربو وقت الحجر شعر ونص الناس كلها حاشها اكتئاب,1,0,0,اروح اماكن حديده شهو ماطلعت البيت قلك مايحس بشي الي جربو وقت الحجر شعر ونص الناس كلها حاشها اكتئاب,اروح اماكن حديده <NUM> شهو ماطلعت من البيت بس قلك مايحس بشي دا الي جربو وقت الحجر شعر ونص الناس كلها حاشها اكتئاب
دموعي مو قادره توقف شوي وادخل بحاله اكتئاب ايش يحس مؤلفه واله ان النفسيه بالحضيض بعد ما شفته ايش هذا مقدر,1,1,0,دموعي قادره توقف شوي وادخل بحاله اكتئاب ايش يحس مؤلفه واله النفسيه بالحضيض شفته ايش مقدر,دموعي مو قادره توقف شوي وادخل بحاله اكتئاب ايش يحس مؤلفه واله ان النفسيه بالحضيض بعد ما شفته ايش هذا مقدر
إنني غارق في دوامة من الوجع,1,0,0,انني غارق دوامه الوجع,انني غارق في دوامه من الوجع
اعرف مو دائما بس مرات لازم نتصنع الامل حتى ما ندخل بحالة كأبة ويأس,1,1,0,اعرف دائما مرات لازم نتصنع الامل حتي ندخل بحاله كابه وياس,اعرف مو دائما بس مرات لازم نتصنع الامل حتي ما ندخل بحاله كابه وياس
حزن الدنيا كله في قلبي اقسم باله وتسأليني ليه اقولك معرفش 🙂,1,0,0,حزن الدنيا كله قلبي اقسم باله وتساليني ليه اقولك معرفش,حزن الدنيا كله في قلبي اقسم باله وتساليني ليه اقولك معرفش 🙂
اشي صداع اشي قلق اشي ارق يتضاربون مين يقضي علي اول,1,0,0,اشي صداع اشي قلق اشي ارق يتضاربون مين يقضي علي اول,اشي صداع اشي قلق اشي ارق يتضاربون مين يقضي علي اول
انتو متاكدين من حوار ان التحدث مع اصدقائك يحسن من حالتك النفسيه ده دول قربوا يجيبولي اكتئاب,1,0,0,انتو متاكدين حوار التحدث اصدقائك يحسن حالتك النفسيه دول قربوا يجيبولي اكتئاب,انتو متاكدين من حوار ان التحدث مع اصدقائك يحسن من حالتك النفسيه ده دول قربوا يجيبولي اكتئاب
للاسف انا قرار الانتحار دة دايما باخده و مببقاش عارفه انفذه بردو من الخوف,1,0,0,للاسف انا قرار الانتحار دايما باخده مببقاش عارفه انفذه بردو الخوف,للاسف انا قرار الانتحار ده دايما باخده و مببقاش عارفه انفذه بردو من الخوف
و لا يفصل بيني وبين الانتحار سوى شعرة ايمان إن طارت في لحظة ضعف لفعلتها وتركت الدنيا بما فيها,1,1,0,يفصل بيني وبين الانتحار سوي شعره ايمان طارت لحظه ضعف لفعلتها وتركت الدنيا بما فيها,و لا يفصل بيني وبين الانتحار سوي شعره ايمان ان طارت في لحظه ضعف لفعلتها وتركت الدنيا بما فيها
مساحة لبوح والتخلص من كآبة النفس,1,0,0,مساحه لبوح والتخلص كابه النفس,مساحه لبوح والتخلص من كابه النفس
وقت ابكي,1,0,0,وقت ابكي,وقت ابكي
يرحم امكم احد يجيبه جاتني نوبة هلع,1,0,0,يرحم امكم احد يجيبه جاتني نوبه هلع,يرحم امكم احد يجيبه جاتني نوبه هلع
20 الف مكتئب ياحياتي,1,0,0,الف مكتئب ياحياتي,<NUM> الف مكتئب ياحياتي
اهخ بس وربي حزن,1,0,0,اهخ وربي حزن,اهخ بس وربي حزن
وزيادة على الوقت المهدر بسبه اكتئاب يمسكني من بداية الشهر بسب وجودي الدائم فيه وتعمقي بالناس وكثرت المشاكل محد ي,1,0,0,وزياده علي الوقت المهدر بسبه اكتئاب يمسكني بدايه الشهر بسب وجودي الدائم فيه وتعمقي بالناس وكثرت المشاكل محد,وزياده علي الوقت المهدر بسبه اكتئاب يمسكني من بدايه الشهر بسب وجودي الدائم فيه وتعمقي بالناس وكثرت المشاكل محد ي
"يعني اتكلمتوا _x000D_
يعني خلاص مفيش اكتئاب تاني _x000D_
سبتني لوحدي مع الاكتئاب مع السلامة ي غريمي 😂",1,0,0,يعني اتكلمتوا يعني خلاص مفيش اكتئاب تاني سبتني لوحدي الاكتئاب السلامه غريمي,يعني اتكلمتوا _x<NUM>D_يعني خلاص مفيش اكتئاب تاني _x<NUM>D_سبتني لوحدي مع الاكتئاب مع السلامه ي غريمي 😂
رح ابكي من القهر,1,0,0,ابكي القهر,رح ابكي من القهر
انها الواحده بعد منتصف الليل ً بتوقيت العالم. والخيبة اللامنتهية بتوقيت القلب.. إنها الساعة التي نصلُ فيها مثقلين من التعب إلى زنزانة السرير، وأنين الحائط، خالعين فيها جُل أقنعتنا التي اعتريناها في هذا اليوم.,1,0,0,انها الواحده منتصف الليل بتوقيت العالم والخيبه اللامنتهيه بتوقيت القلب انها الساعه التي نصل فيها مثقلين التعب الي زنزانه السرير، وانين الحائط، خالعين فيها اقنعتنا التي اعتريناها اليوم,انها الواحده بعد منتصف الليل بتوقيت العالم. والخيبه اللامنتهيه بتوقيت القلب.. انها الساعه التي نصل فيها مثقلين من التعب الي زنزانه السرير، وانين الحائط، خالعين فيها جل اقنعتنا التي اعتريناها في هذا اليوم.
احتاج عزله برفقة الذات بالغة الهدوء,1,0,0,احتاج عزله برفقه الذات بالغه الهدوء,احتاج عزله برفقه الذات بالغه الهدوء
اوحش حاجه لما تكون بتمر بفتره اكتئاب و متلقيش حد جنبك يسندك و يحاول يخرجك من ده لا بالعكس كل الى حواليك بيزودوا عل,1,1,0,اوحش حاجه لما تكون بتمر بفتره اكتئاب متلقيش جنبك يسندك يحاول يخرجك بالعكس الي حواليك بيزودوا,اوحش حاجه لما تكون بتمر بفتره اكتئاب و متلقيش حد جنبك يسندك و يحاول يخرجك من ده لا بالعكس كل الي حواليك بيزودوا عل
رمضان اصعب انا فيني اكتئاب ماقدراصوم,1,0,0,رمضان اصعب انا فيني اكتئاب ماقدراصوم,رمضان اصعب انا فيني اكتئاب ماقدراصوم
مكتئب أعيش صراع أفكار سوداوية متسلطة أنا عاجز عن التفكيرلحظة يا صديقي لماذا لا انتحروادخل النار,1,1,0,مكتئب اعيش صراع افكار سوداويه متسلطه انا عاجز التفكيرلحظه صديقي لماذا انتحروادخل النار,مكتئب اعيش صراع افكار سوداويه متسلطه انا عاجز عن التفكيرلحظه يا صديقي لماذا لا انتحروادخل النار
أنا بطبيعتي قلِق,1,0,0,انا بطبيعتي قلق,انا بطبيعتي قلق
"بجد زهقت ومش طيقة نفسي ونفسي اموت _x000D_
_x000D_
انهرضة كان يوم وحش جدا كونت بدخل علي صفحات جوجل ادور علي طرق الانتحار",1,0,0,بجد زهقت ومش طيقه نفسي ونفسي اموت انهرضه يوم وحش جدا كونت بدخل علي صفحات جوجل ادور علي طرق الانتحار,بجد زهقت ومش طيقه نفسي ونفسي اموت _x<NUM>D__x<NUM>D_انهرضه كان يوم وحش جدا كونت بدخل علي صفحات جوجل ادور علي طرق الانتحار
الي اسواء الاماكن كأبه العزلة 💔,1,0,0,الي اسواء الاماكن كابه العزله,الي اسواء الاماكن كابه العزله 💔
اكتئاب وربي,1,0,0,اكتئاب وربي,اكتئاب وربي
الهم بُشرى تشبه الغيث وفرحة تمحو كل حزن وشفاء لكل مريض ورحمة لكل ميت واستجابة لكل دعاء,1,0,0,الهم بشري تشبه الغيث وفرحه تمحو حزن وشفاء لكل مريض ورحمه لكل ميت واستجابه لكل دعاء,الهم بشري تشبه الغيث وفرحه تمحو كل حزن وشفاء لكل مريض ورحمه لكل ميت واستجابه لكل دعاء
بنفس الوقت في حزن لأنها النهاية,1,0,0,بنفس الوقت حزن لانها النهايه,بنفس الوقت في حزن لانها النهايه
مسلسل الطاوس ده جابلى اكتئاب,1,0,0,مسلسل الطاوس جابلي اكتئاب,مسلسل الطاوس ده جابلي اكتئاب
 ابي عزله لحالي,1,0,0,ابي عزله لحالي,ابي عزله لحالي
"أنا الصيف بيعملي اكتئاب مش فكرة حب لشتا وبتاع _x000D_
بس بجد أنا فكرة الشمس المنورة دايما ربنا يديمها نعمة 🙏 لما ب",1,0,0,انا الصيف بيعملي اكتئاب فكره لشتا وبتاع بجد انا فكره الشمس المنوره دايما ربنا يديمها نعمه لما,انا الصيف بيعملي اكتئاب مش فكره حب لشتا وبتاع _x<NUM>D_بس بجد انا فكره الشمس المنوره دايما ربنا يديمها نعمه 🙏 لما ب
انا بعيط من ساعة ما صحيت من النوم,1,1,0,انا بعيط ساعه صحيت النوم,انا بعيط من ساعه ما صحيت من النوم
انا فيني اكتئاب شديد له ٣ سنوات واحس صار عادي مايفرق معي شي كلش,1,0,0,انا فيني اكتئاب شديد سنوات واحس صار عادي مايفرق معي كلش,انا فيني اكتئاب شديد له <NUM> سنوات واحس صار عادي مايفرق معي شي كلش
كآبه هم غم زعل محطم الحمدلله على نعمة الإسلام لولاها كان انتحرت من زمان,1,0,0,كابه زعل محطم الحمدلله علي نعمه الاسلام لولاها انتحرت زمان,كابه هم غم زعل محطم الحمدلله علي نعمه الاسلام لولاها كان انتحرت من زمان
حاسة ب دور اكتئاب داخل عليا 😂,1,0,0,حاسه دور اكتئاب داخل عليا,حاسه ب دور اكتئاب داخل عليا 😂
أَبْكِي عَلَى نَفْسِي بُكَاءَ مُؤَلم,1,0,0,ابكي علي نفسي بكاء مؤلم,ابكي علي نفسي بكاء مؤلم
وله يوم العيد يجيني حزن لأن رمضان خلص 😭,1,0,0,وله يوم العيد يجيني حزن لان رمضان خلص,وله يوم العيد يجيني حزن لان رمضان خلص 😭
"فيلم جابلي اكتئاب_x000D_
نص القاعه قعد تعيط_x000D_
خوفنا من كبر السن اكتر ما احنا خايفين_x000D_
شغال في الزاوية حفلة ١٠ ونص",1,1,0,فيلم جابلي اكتئاب القاعه قعد تعيط خوفنا كبر السن اكتر احنا خايفين شغال الزاويه حفله ونص,فيلم جابلي اكتئاب_x<NUM>D_نص القاعه قعد تعيط_x<NUM>D_خوفنا من كبر السن اكتر ما احنا خايفين_x<NUM>D_شغال في الزاويه حفله <NUM><NUM> ونص
تخيلو كدة يبقي الواحد مكتئب ومتراكم عليه مواد ومش عارف يخلصها يعني حزين وهيسقط,1,0,0,تخيلو كده يبقي الواحد مكتئب ومتراكم عليه مواد ومش عارف يخلصها يعني حزين وهيسقط,تخيلو كده يبقي الواحد مكتئب ومتراكم عليه مواد ومش عارف يخلصها يعني حزين وهيسقط
 طول عمري مكتئب تمام,1,0,0,طول عمري مكتئب تمام,طول عمري مكتئب تمام
فقدان الشغف أسوء من الاكتئاب,1,0,0,فقدان الشغف اسوء الاكتئاب,فقدان الشغف اسوء من الاكتئاب
ممكن تسال متابعينك عن طبيب نفسيفي القاهرة,1,0,0,ممكن تسال متابعينك طبيب نفسيفي القاهره,ممكن تسال متابعينك عن طبيب نفسيفي القاهره
اكتئاب وكل ماهو خرا,1,0,0,اكتئاب وكل ماهو خرا,اكتئاب وكل ماهو خرا
"عزلة هدوء ذهن يخلو من اي شيء _x000D_
هكذا تكون اقصى أمانينا احياناً✨",1,0,0,عزله هدوء ذهن يخلو شيء هكذا تكون اقصي امانينا احيانا✨,عزله هدوء ذهن يخلو من اي شيء _x<NUM>D_هكذا تكون اقصي امانينا احيانا✨
نفسي اعرف ليش فيها اكتئاب وقلق مدري معقوله في احد مثلي هيا فعلا حلوه وبارده بس اكتئاب ارجع جيزان راح هل في سب,1,0,0,نفسي اعرف ليش فيها اكتئاب وقلق مدري معقوله احد مثلي هيا فعلا حلوه وبارده اكتئاب ارجع جيزان راح,نفسي اعرف ليش فيها اكتئاب وقلق مدري معقوله في احد مثلي هيا فعلا حلوه وبارده بس اكتئاب ارجع جيزان راح هل في سب
"كل إشي فيا حاليا بيحكيلي اكتئاب ولازم أنعزل _x000D_
وأكبر مشكلة مخي بيقلي فش وقت لاكتئاب 😭",1,0,0,اشي فيا حاليا بيحكيلي اكتئاب ولازم انعزل واكبر مشكله مخي بيقلي وقت لاكتئاب,كل اشي فيا حاليا بيحكيلي اكتئاب ولازم انعزل _x<NUM>D_واكبر مشكله مخي بيقلي فش وقت لاكتئاب 😭
مكتئب😦,1,0,0,مكتئب😦,مكتئب😦
اذكر اول ما اخذت السيارة من قوة الرهاب الاجتماعي كنت اخاف ارفع صوت المسجل,1,1,0,اذكر اول اخذت السياره قوه الرهاب الاجتماعي كنت اخاف ارفع صوت المسجل,اذكر اول ما اخذت السياره من قوه الرهاب الاجتماعي كنت اخاف ارفع صوت المسجل
حين يأخذني الحنين لوراء لا أعلم هل أبتسم لأن الذكريات جميلة ام أبكي لأن الماضي لن يعود 💔,1,1,0,حين ياخذني الحنين لوراء اعلم ابتسم لان الذكريات جميله ابكي لان الماضي يعود,حين ياخذني الحنين لوراء لا اعلم هل ابتسم لان الذكريات جميله ام ابكي لان الماضي لن يعود 💔
 اعاني من فقدان الشهية العصبي هو اضطراب نفسي عصبي وفرع من اضطرابات الطعام ,1,0,0,اعاني فقدان الشهيه العصبي اضطراب نفسي عصبي وفرع اضطرابات الطعام,اعاني من فقدان الشهيه العصبي هو اضطراب نفسي عصبي وفرع من اضطرابات الطعام
"يخي ابغى ابكي ليه مو قادره _x000D_
وله قلبي تعبان ويعورني 😔",1,0,0,يخي ابغي ابكي ليه قادره وله قلبي تعبان ويعورني,يخي ابغي ابكي ليه مو قادره _x<NUM>D_وله قلبي تعبان ويعورني 😔
يصل الإنسان أحيانًا إلى مرحلة من الهشاشة النفسية يصبح فيها أى سبب للحزن أو الضيق، ولو كان صغيرًا وتافهًا، جالبًا لكل أسباب الحزن الأخرى، ويتحوّل أصغر حدث يضايقه إلى تذكِرة بكل ما لم يستطع هذا الشخص الحصول عليه في حياته وسببًا في استرجاع كل ما أحزنه في حياته ,1,1,0,يصل الانسان احيانا الي مرحله الهشاشه النفسيه يصبح فيها سبب للحزن الضيق، ولو صغيرا وتافها، جالبا لكل اسباب الحزن الاخري، ويتحول اصغر حدث يضايقه الي تذكره بكل يستطع الشخص الحصول عليه حياته وسببا استرجاع احزنه حياته,يصل الانسان احيانا الي مرحله من الهشاشه النفسيه يصبح فيها اي سبب للحزن او الضيق، ولو كان صغيرا وتافها، جالبا لكل اسباب الحزن الاخري، ويتحول اصغر حدث يضايقه الي تذكره بكل ما لم يستطع هذا الشخص الحصول عليه في حياته وسببا في استرجاع كل ما احزنه في حياته
عندي هلع من يوم القيامة,1,0,0,عندي هلع يوم القيامه,عندي هلع من يوم القيامه
اصاب بنوبات هلع من الاماكن المرتفعه والمغلقة 🤩,1,0,0,اصاب بنوبات هلع الاماكن المرتفعه والمغلقه,اصاب بنوبات هلع من الاماكن المرتفعه والمغلقه 🤩
سلامتج 💕ان شاء اله آخر اكتئاب,1,0,0,سلامتج 💕ان شاء اله اخر اكتئاب,سلامتج 💕ان شاء اله اخر اكتئاب
"حزن💔قهر💔وحده💔كآبه💔_x000D_
اهم شي الستريم شباب💪🏻",1,0,0,اهم الستريم شباب💪🏻,حزن💔قهر💔وحده💔كابه💔_x<NUM>D_اهم شي الستريم شباب💪🏻
وفقدت الأمل في كل شيء لقد انطفأت روحي بشكل تام هذه المره لم أعد أقدر على تحمل الصراع الداخلي في كل محاولات,1,1,0,وفقدت الامل شيء لقد انطفات روحي بشكل تام المره اعد اقدر علي تحمل الصراع الداخلي محاولات,وفقدت الامل في كل شيء لقد انطفات روحي بشكل تام هذه المره لم اعد اقدر علي تحمل الصراع الداخلي في كل محاولات
ابكي ابكي وش بسوي ,1,0,0,ابكي ابكي بسوي,ابكي ابكي وش بسوي
اكتئاب مزعج,1,0,0,اكتئاب مزعج,اكتئاب مزعج
المود كآبة ⬆️⬆️⬆️,1,0,0,المود كابه ⬆️⬆️⬆️,المود كابه ⬆️⬆️⬆️
اه مكتئب دايما بس بضحك عادي 🙂💔,1,0,0,مكتئب دايما بضحك عادي,اه مكتئب دايما بس بضحك عادي 🙂💔
عشت حالة متشابهة ومابقيتش نخرج لشهور وشهور العيد صغير وانا مخبية من العائلة قاطعت كلشي,1,0,0,عشت حاله متشابهه ومابقيتش نخرج لشهور وشهور العيد صغير وانا مخبيه العائله قاطعت كلشي,عشت حاله متشابهه ومابقيتش نخرج لشهور وشهور العيد صغير وانا مخبيه من العائله قاطعت كلشي
أكتئاب حاد يعصف بي ثقل متهدل علي اكتافي ذلك الصغير ف اليسر اصبحت دقاته شبه منعدمه بدات اشعور بشعور العجوز ,1,0,0,اكتئاب حاد يعصف ثقل متهدل علي اكتافي الصغير اليسر اصبحت دقاته شبه منعدمه بدات اشعور بشعور العجوز,اكتئاب حاد يعصف بي ثقل متهدل علي اكتافي ذلك الصغير ف اليسر اصبحت دقاته شبه منعدمه بدات اشعور بشعور العجوز
انها الواحده ليلا وروحي تشعر بالاكتئاب والخمول وأشعر وكآن جسمي كله يبكي من ثقل هذا الشعور الذي بداخلي ، هذا الشعور لا أعرف كيف اصفه ولكنه يحزن قلبي ويتسبب في مضايقتي دائماً وربما يبكيني في بعض الأحيان.,1,1,0,انها الواحده ليلا وروحي تشعر بالاكتئاب والخمول واشعر وكان جسمي كله يبكي ثقل الشعور الذي بداخلي الشعور اعرف اصفه ولكنه يحزن قلبي ويتسبب مضايقتي دائما وربما يبكيني بعض الاحيان,انها الواحده ليلا وروحي تشعر بالاكتئاب والخمول واشعر وكان جسمي كله يبكي من ثقل هذا الشعور الذي بداخلي ، هذا الشعور لا اعرف كيف اصفه ولكنه يحزن قلبي ويتسبب في مضايقتي دائما وربما يبكيني في بعض الاحيان.
اكبر صدمات حياتي بسبب شخص اكبر حاجه غيرت مسار حياتي بسبب نفس الشخص اكتر فترة جالي فيها امراض نفسيه و عصبيه ,1,0,0,اكبر صدمات حياتي بسبب شخص اكبر حاجه غيرت مسار حياتي بسبب نفس الشخص اكتر فتره جالي فيها امراض نفسيه عصبيه,اكبر صدمات حياتي بسبب شخص اكبر حاجه غيرت مسار حياتي بسبب نفس الشخص اكتر فتره جالي فيها امراض نفسيه و عصبيه
في شي عايبنج في البلاد اصلا حسابج بكبره حرطمه و اكتئاب شو هالحياة 🤣,1,0,0,عايبنج البلاد اصلا حسابج بكبره حرطمه اكتئاب هالحياه,في شي عايبنج في البلاد اصلا حسابج بكبره حرطمه و اكتئاب شو هالحياه 🤣
انا عارفه بتجيني نوبة هلع قريب بس قاعده امسك نفسي,1,0,0,انا عارفه بتجيني نوبه هلع قريب قاعده امسك نفسي,انا عارفه بتجيني نوبه هلع قريب بس قاعده امسك نفسي
"12_x000D_
صحيح إن الخيانة مزعجة وتأثيرها قوي على النفس ومكن يدخل الانسان في نوبة اكتئاب وحزن عميقة ولكن ال",1,0,0,صحيح الخيانه مزعجه وتاثيرها قوي علي النفس ومكن يدخل الانسان نوبه اكتئاب وحزن عميقه ولكن,<NUM>_x<NUM>D_صحيح ان الخيانه مزعجه وتاثيرها قوي علي النفس ومكن يدخل الانسان في نوبه اكتئاب وحزن عميقه ولكن ال
لم اكن مكتئب عبثاً إنما الأسباب قاتلة قاتلة جداً🖤,1,1,0,اكن مكتئب عبثا انما الاسباب قاتله قاتله جدا🖤,لم اكن مكتئب عبثا انما الاسباب قاتله قاتله جدا🖤
قلق توتر دائمُ التفكير والتنبه إلى كُل الأشياء في آنٍ واحد و هُنّا ربما تكمنُ مأساتي,1,0,0,قلق توتر دائم التفكير والتنبه الي الاشياء واحد ربما تكمن ماساتي,قلق توتر دائم التفكير والتنبه الي كل الاشياء في ان واحد و هنا ربما تكمن ماساتي
حزن فيني هواي يشبهگم واحبه,1,0,0,حزن فيني هواي يشبهگم واحبه,حزن فيني هواي يشبهگم واحبه
وكم من لحظة قتلت فينا ألف أمل وألف رغبة وألف ألف حلم گم نحن ضعفاء أمام اللحظات التي لا تمر ب سْلام ,1,1,0,وكم لحظه قتلت فينا الف امل والف رغبه والف الف حلم ضعفاء امام اللحظات التي تمر سلام,وكم من لحظه قتلت فينا الف امل والف رغبه والف الف حلم گم نحن ضعفاء امام اللحظات التي لا تمر ب سلام
من الحين جاني اكتئاب شهر شوال 🌚💔,1,0,0,الحين جاني اكتئاب شهر شوال,من الحين جاني اكتئاب شهر شوال 🌚💔
حالياً عندي مشاكل عائلية ومشاكل فالمشاعر ومشاكل دينية ومشاكل دراسية ومشاكل نوم ومشاكل أكل ومشاكل علاقات ومشاكل تحكم فالنفس ومشاكل غضب ومشاكل سيلف هارم ومشاكل دوخات ومشاكل نوبات ومشاكل قلق وتوتر ومشاكل شخصية.,1,0,0,حاليا عندي مشاكل عائليه ومشاكل فالمشاعر ومشاكل دينيه ومشاكل دراسيه ومشاكل نوم ومشاكل اكل ومشاكل علاقات ومشاكل تحكم فالنفس ومشاكل غضب ومشاكل سيلف هارم ومشاكل دوخات ومشاكل نوبات ومشاكل قلق وتوتر ومشاكل شخصيه,حاليا عندي مشاكل عائليه ومشاكل فالمشاعر ومشاكل دينيه ومشاكل دراسيه ومشاكل نوم ومشاكل اكل ومشاكل علاقات ومشاكل تحكم فالنفس ومشاكل غضب ومشاكل سيلف هارم ومشاكل دوخات ومشاكل نوبات ومشاكل قلق وتوتر ومشاكل شخصيه.
ياله وقتها كلو فالمطبخ اكتئاب مو قادرة😭🤣,1,0,0,ياله وقتها كلو فالمطبخ اكتئاب قادره😭🤣,ياله وقتها كلو فالمطبخ اكتئاب مو قادره😭🤣
شفت خمس حلقات دشيت ب اكتئاب حاد,1,0,0,شفت خمس حلقات دشيت اكتئاب حاد,شفت خمس حلقات دشيت ب اكتئاب حاد
الهم أنت أعلمُ بكل حزن ف أجعلهُ يمضي,1,0,0,الهم انت اعلم بكل حزن اجعله يمضي,الهم انت اعلم بكل حزن ف اجعله يمضي
واله الواحد معد يدري هو اكتئاب ولا انطفاء ولا نضج ولا انعدام الشغف ولا تخلف ولا حاله نفسيه ولا هذي شخصيته🤝🏻💔,1,0,0,واله الواحد معد يدري اكتئاب ولا انطفاء ولا نضج ولا انعدام الشغف ولا تخلف ولا حاله نفسيه ولا هذي شخصيته🤝🏻💔,واله الواحد معد يدري هو اكتئاب ولا انطفاء ولا نضج ولا انعدام الشغف ولا تخلف ولا حاله نفسيه ولا هذي شخصيته🤝🏻💔
لو الانتحار مش حرام كان شفتوني ميتة من زمان,1,0,0,الانتحار حرام شفتوني ميته زمان,لو الانتحار مش حرام كان شفتوني ميته من زمان
المتشائم تروح مبسوط ترجع فيك اكتئاب,1,0,0,المتشائم تروح مبسوط ترجع فيك اكتئاب,المتشائم تروح مبسوط ترجع فيك اكتئاب
كل الخطط تؤدي الي الانتحار,1,0,0,الخطط تؤدي الي الانتحار,كل الخطط تؤدي الي الانتحار
اكيد اكتئاب مزمن,1,0,0,اكيد اكتئاب مزمن,اكيد اكتئاب مزمن
الهم فرحة تكسر كل حزن فيني 🤲🏻,1,0,0,الهم فرحه تكسر حزن فيني,الهم فرحه تكسر كل حزن فيني 🤲🏻
اناعندي اكتئاب مهزأ يعني لو حد ضحكني بضحك ومكن اغني وارقص كمان بس انا فالحقيقة مكتئب,1,0,0,اناعندي اكتئاب مهزا يعني ضحكني بضحك ومكن اغني وارقص كمان انا فالحقيقه مكتئب,اناعندي اكتئاب مهزا يعني لو حد ضحكني بضحك ومكن اغني وارقص كمان بس انا فالحقيقه مكتئب
"ليلة فيها من الخير مالذ وطاب_x000D_
_x000D_
اشرقت بالنور حتى كسانانورها_x000D_
_x000D_
انورت واستبشر القلب مافيه اكتئاب_x000D_
_x000D_
دامت",1,0,0,ليله فيها الخير مالذ وطاب اشرقت بالنور حتي كسانانورها انورت واستبشر القلب مافيه اكتئاب دامت,ليله فيها من الخير مالذ وطاب_x<NUM>D__x<NUM>D_اشرقت بالنور حتي كسانانورها_x<NUM>D__x<NUM>D_انورت واستبشر القلب مافيه اكتئاب_x<NUM>D__x<NUM>D_دامت
ابكي واصور لهم ه حزن,1,0,0,ابكي واصور لهم حزن,ابكي واصور لهم ه حزن
حُزن ملل وجع إشتياق خمول كسل ارهاق كأبه حنين أختناق ألم ذكريات ماضي تعيس أرق تعب احلام,1,0,0,حزن ملل وجع اشتياق خمول كسل ارهاق كابه حنين اختناق الم ذكريات ماضي تعيس ارق تعب احلام,حزن ملل وجع اشتياق خمول كسل ارهاق كابه حنين اختناق الم ذكريات ماضي تعيس ارق تعب احلام
الانتحار الانسحاب حل مريح,1,0,0,الانتحار الانسحاب مريح,الانتحار الانسحاب حل مريح
دراسة و آكتئاب 💔🥃,1,0,0,دراسه اكتئاب,دراسه و اكتئاب 💔🥃
اس عندي اكتئاب و نبي نبكي بس مأجلتها لبعدين,1,0,0,عندي اكتئاب نبي نبكي ماجلتها لبعدين,اس عندي اكتئاب و نبي نبكي بس ماجلتها لبعدين
لو الانتحار مو حرام انتحرت وارتحت لان مافيه شيءٍ يستاهل ابقى عشانه بعد موت ابوي,1,0,0,الانتحار حرام انتحرت وارتحت لان مافيه شيء يستاهل ابقي عشانه موت ابوي,لو الانتحار مو حرام انتحرت وارتحت لان مافيه شيء يستاهل ابقي عشانه بعد موت ابوي
وربي يحزن احسني ما امزح بدخل اكتئاب,1,1,0,وربي يحزن احسني امزح بدخل اكتئاب,وربي يحزن احسني ما امزح بدخل اكتئاب
حزن مو طبيعي,1,0,0,حزن طبيعي,حزن مو طبيعي
معاناتى ليست ف صورة اكتئاب بل ف صورة فقدان الشغف,1,0,0,معاناتي ليست صوره اكتئاب صوره فقدان الشغف,معاناتي ليست ف صوره اكتئاب بل ف صوره فقدان الشغف
"لما رحت طبيب نفسي داخل الجامعة وقتها قال تبي تاخذ حقك في الدنيا ولا في الآخرة_x000D_
فقلت في الآخرة",1,0,0,لما رحت طبيب نفسي داخل الجامعه وقتها قال تبي تاخذ حقك الدنيا ولا الاخره فقلت الاخره,لما رحت طبيب نفسي داخل الجامعه وقتها قال تبي تاخذ حقك في الدنيا ولا في الاخره_x<NUM>D_فقلت في الاخره
"انا جالي اكتئاب _x000D_
كلنا فترات في حياة بعض 😂",1,0,0,انا جالي اكتئاب كلنا فترات حياه بعض,انا جالي اكتئاب _x<NUM>D_كلنا فترات في حياه بعض 😂
ويظل في قلق خوفا من الغد 👌,1,0,0,ويظل قلق خوفا الغد,ويظل في قلق خوفا من الغد 👌
"اقاتل بيني وبين ذاتي لابتعاد عن فكرة الانتحار _x000D_
لكن لا مفر من الافكار💔",1,1,0,اقاتل بيني وبين ذاتي لابتعاد فكره الانتحار مفر الافكار💔,اقاتل بيني وبين ذاتي لابتعاد عن فكره الانتحار _x<NUM>D_لكن لا مفر من الافكار💔
ومين فينا مش قاعد دلوقتي قدام شاشة موبايله مكتئب وحزين وحيد😔,1,0,0,ومين فينا قاعد دلوقتي قدام شاشه موبايله مكتئب وحزين وحيد😔,ومين فينا مش قاعد دلوقتي قدام شاشه موبايله مكتئب وحزين وحيد😔
الجو اليومين هذين كآبه بالملل,1,0,0,الجو اليومين هذين كابه بالملل,الجو اليومين هذين كابه بالملل
انا وحيدة فشخ والله,1,0,0,انا وحيده فشخ والله,انا وحيده فشخ والله
بموت اكتئاب كيف بقدر اتقبل اني اودع حيوانات حبيتهم 💔,1,0,0,بموت اكتئاب بقدر اتقبل اني اودع حيوانات حبيتهم,بموت اكتئاب كيف بقدر اتقبل اني اودع حيوانات حبيتهم 💔
"حالة اكتئاب غريبة اجت فجأة و راحت فجأة لمدة ما تجاوزت الساعة _x000D_
بتوصل لدرجة أنو تبكي بجو مليان ضحك و بسط و أنت مو ه",1,1,0,حاله اكتئاب غريبه اجت فجاه راحت فجاه لمده تجاوزت الساعه بتوصل لدرجه انو تبكي بجو مليان ضحك بسط انت,حاله اكتئاب غريبه اجت فجاه و راحت فجاه لمده ما تجاوزت الساعه _x<NUM>D_بتوصل لدرجه انو تبكي بجو مليان ضحك و بسط و انت مو ه
واله انا تعلمت اسكت خلاص ولا عاد احكي احد لا في لحظة فرح ولا لحظة حزن ولا لحظة تعب واحسن شي,1,1,0,واله انا تعلمت اسكت خلاص ولا عاد احكي احد لحظه فرح ولا لحظه حزن ولا لحظه تعب واحسن,واله انا تعلمت اسكت خلاص ولا عاد احكي احد لا في لحظه فرح ولا لحظه حزن ولا لحظه تعب واحسن شي
عُزله أنيقة ✨,1,0,0,عزله انيقه,عزله انيقه ✨
انا خلاص على اعتاب اكتئاب جديد خوفاً من انا نتحبس تاني و نرجع لحظر,1,0,0,انا خلاص علي اعتاب اكتئاب جديد خوفا انا نتحبس تاني نرجع لحظر,انا خلاص علي اعتاب اكتئاب جديد خوفا من انا نتحبس تاني و نرجع لحظر
كيفك الحمدالله عندى اكتئاب مزمن وزهق وملل لا متناهي,1,1,0,كيفك الحمدالله عندي اكتئاب مزمن وزهق وملل متناهي,كيفك الحمدالله عندي اكتئاب مزمن وزهق وملل لا متناهي
مزاجيتي تخوف قبل يومين كنت مكتئب والحين الحمدلله زي قبل❤️,1,0,0,مزاجيتي تخوف يومين كنت مكتئب والحين الحمدلله قبل❤️,مزاجيتي تخوف قبل يومين كنت مكتئب والحين الحمدلله زي قبل❤️
احتاج طبيب نفسي بعد هالكورس🤡💔,1,0,0,احتاج طبيب نفسي هالكورس🤡💔,احتاج طبيب نفسي بعد هالكورس🤡💔
اليوم يشبه أمس ويشبه باچر وهذا الشي مسبلي قلق,1,0,0,اليوم يشبه امس ويشبه باچر وهذا الشي مسبلي قلق,اليوم يشبه امس ويشبه باچر وهذا الشي مسبلي قلق
مكتئب بالفطرة,1,0,0,مكتئب بالفطره,مكتئب بالفطره
كلكم عندكم كرش وقف وبف وانا عندي اكتئاب,1,0,0,كلكم عندكم كرش وقف وبف وانا عندي اكتئاب,كلكم عندكم كرش وقف وبف وانا عندي اكتئاب
"انا كمان معي رهاب اجتماعي ولما اقول رهاب اجتماعي ماتكلم عن حالة بسيطة منه_x000D_
 لا متقدمة😽_x000D_
دامك ماتعرفت على اصدقاء ك —",1,1,0,انا كمان معي رهاب اجتماعي ولما اقول رهاب اجتماعي ماتكلم حاله بسيطه منه متقدمه😽 دامك ماتعرفت علي اصدقاء,انا كمان معي رهاب اجتماعي ولما اقول رهاب اجتماعي ماتكلم عن حاله بسيطه منه_x<NUM>D_ لا متقدمه😽_x<NUM>D_دامك ماتعرفت علي اصدقاء ك -
رهاب الناس هذا غريب,1,0,0,رهاب الناس غريب,رهاب الناس هذا غريب
وكأن وحش ينام على صدري أُريد أن أبكي لكن لا أستطيع😢💔,1,1,0,وكان وحش ينام علي صدري اريد ابكي استطيع😢💔,وكان وحش ينام علي صدري اريد ان ابكي لكن لا استطيع😢💔
انتحار جماعي☹️,1,0,0,انتحار جماعي☹️,انتحار جماعي☹️
انا مو قاعدة ابكي قاعدة اموة بصيح,1,0,0,انا قاعده ابكي قاعده اموه بصيح,انا مو قاعده ابكي قاعده اموه بصيح
عندي خيبة امل و ياس,1,0,0,عندي خيبه امل ياس,عندي خيبه امل و ياس
مسلسل كوفيد25 ده يجيب اكتئاب وقلق اكتر من الي احنا عايشين فيه,1,0,0,مسلسل كوفيد يجيب اكتئاب وقلق اكتر الي احنا عايشين فيه,مسلسل كوفيد<NUM> ده يجيب اكتئاب وقلق اكتر من الي احنا عايشين فيه
ساعات الانتحار بيكون حل حلو 🙄,1,0,0,ساعات الانتحار بيكون حلو,ساعات الانتحار بيكون حل حلو 🙄
جبلي اكتئاب,1,0,0,جبلي اكتئاب,جبلي اكتئاب
اهخ حزن 😢,1,0,0,اهخ حزن,اهخ حزن 😢
دفنت رأسي تحت وسادتي حينما أشتد انصهار روحي,1,0,0,دفنت راسي تحت وسادتي حينما اشتد انصهار روحي,دفنت راسي تحت وسادتي حينما اشتد انصهار روحي
ميت اكتئاب,1,0,0,ميت اكتئاب,ميت اكتئاب
عاوزه طريق تاني لهروب غير الانتحار وغير انعزالي في أماكن خاليه وغير ان امسك جوالي 24 ساعه بدون ما اكلم حد عاوزه طرق لبعد عن أذى العالم,1,1,0,عاوزه طريق تاني لهروب غير الانتحار وغير انعزالي اماكن خاليه وغير امسك جوالي ساعه بدون اكلم عاوزه طرق لبعد اذي العالم,عاوزه طريق تاني لهروب غير الانتحار وغير انعزالي في اماكن خاليه وغير ان امسك جوالي <NUM> ساعه بدون ما اكلم حد عاوزه طرق لبعد عن اذي العالم
تخيل امك تحمل فيك ٩ شهور يعني 39 اسبوع و273 يوم و652 ساعه و 120393 دقيقه و2358720 ثانيه و بالنهايه يجيك اكتئاب,1,0,0,تخيل امك تحمل فيك شهور يعني اسبوع يوم ساعه دقيقه ثانيه بالنهايه يجيك اكتئاب,تخيل امك تحمل فيك <NUM> شهور يعني <NUM> اسبوع و<NUM> يوم و<NUM> ساعه و <NUM> دقيقه و<NUM> ثانيه و بالنهايه يجيك اكتئاب
اهخ حزن,1,0,0,اهخ حزن,اهخ حزن
اريد ان ابكي من شدة الحزن والاكتئاب,1,0,0,اريد ابكي شده الحزن والاكتئاب,اريد ان ابكي من شده الحزن والاكتئاب
جاني اكتئاب منهم مع ان ضينا والع,1,0,0,جاني اكتئاب منهم ضينا والع,جاني اكتئاب منهم مع ان ضينا والع
"اله يرفع عنك _x000D_
تراجع طبيب نفسي _x000D_
الاكتئاب صعب جدا",1,0,0,اله يرفع عنك تراجع طبيب نفسي الاكتئاب صعب جدا,اله يرفع عنك _x<NUM>D_تراجع طبيب نفسي _x<NUM>D_الاكتئاب صعب جدا
أشعر و كأنني أواجه أمورًا أكبر من طاقتي منذ فترة,1,0,0,اشعر كانني اواجه امورا اكبر طاقتي منذ فتره,اشعر و كانني اواجه امورا اكبر من طاقتي منذ فتره
كآبه لمدة شهر,1,0,0,كابه لمده شهر,كابه لمده شهر
أرغب في عزلة تخلو من التفكير أكون فيها وجهاً لوجه مع نفسي,1,0,0,ارغب عزله تخلو التفكير اكون فيها وجها لوجه نفسي,ارغب في عزله تخلو من التفكير اكون فيها وجها لوجه مع نفسي
ما توقعت يجي يوم ابكي من هالشعور,1,1,0,توقعت يجي يوم ابكي هالشعور,ما توقعت يجي يوم ابكي من هالشعور
كسل انعزال اكتئاب,1,0,0,كسل انعزال اكتئاب,كسل انعزال اكتئاب
"اكتئاب بس ستل احبك _x000D_
👩‍❤️‍💋‍👨👩‍❤️‍💋‍👨",1,0,0,اكتئاب ستل احبك,اكتئاب بس ستل احبك _x<NUM>D_👩❤️💋👨👩❤️💋👨
"ماذا بك _x000D_
_x000D_
بداخلي ياصديقي حزن غريب أنا متعب جداً و لا أخفي عليك سراً فأنا على وشك الإنهيار عيناي صامدة لكن كل شئ بي يميل",1,1,1,ماذا بداخلي ياصديقي حزن غريب انا متعب جدا اخفي عليك سرا فانا علي وشك الانهيار عيناي صامده يميل,ماذا بك _x<NUM>D__x<NUM>D_بداخلي ياصديقي حزن غريب انا متعب جدا و لا اخفي عليك سرا فانا علي وشك الانهيار عيناي صامده لكن كل شئ بي يميل
يعاني من اكتئاب يحتاج علاج,1,0,0,يعاني اكتئاب يحتاج علاج,يعاني من اكتئاب يحتاج علاج
مع كل لحظه وفاه تمرني يتجدد جرح قلبي وكاني فقدتك ب الامس م اعتقد هالقلب له فرصه يعيش لحظه سعيده بدونك 💔,1,0,0,لحظه وفاه تمرني يتجدد جرح قلبي وكاني فقدتك الامس اعتقد هالقلب فرصه يعيش لحظه سعيده بدونك,مع كل لحظه وفاه تمرني يتجدد جرح قلبي وكاني فقدتك ب الامس م اعتقد هالقلب له فرصه يعيش لحظه سعيده بدونك 💔
مكتئب محد وده يسولف معي وش هالناس,1,0,0,مكتئب محد وده يسولف معي هالناس,مكتئب محد وده يسولف معي وش هالناس
تذكرت كآبة ظهر العيد وضاق صدري يوه,1,0,0,تذكرت كابه ظهر العيد وضاق صدري يوه,تذكرت كابه ظهر العيد وضاق صدري يوه
واله الواحد ما يدري هو اكتئاب ولا انطفاء ولا نضج ولا انعدام الشغف ولا تخلف ولا حاله نفسيه ولا هذي شخصيته,1,1,0,واله الواحد يدري اكتئاب ولا انطفاء ولا نضج ولا انعدام الشغف ولا تخلف ولا حاله نفسيه ولا هذي شخصيته,واله الواحد ما يدري هو اكتئاب ولا انطفاء ولا نضج ولا انعدام الشغف ولا تخلف ولا حاله نفسيه ولا هذي شخصيته
حرفيا لا صديقة تهديني عندي ولا اهل يرضون اشتري عندي واحس بدخل اكتئاب😭 الوحدة شي صعب ترا من,1,1,0,حرفيا صديقه تهديني عندي ولا اهل يرضون اشتري عندي واحس بدخل اكتئاب😭 الوحده صعب ترا,حرفيا لا صديقه تهديني عندي ولا اهل يرضون اشتري عندي واحس بدخل اكتئاب😭 الوحده شي صعب ترا من
لا قصدي كل الناس انا مكتئب ومش عاوز اكلم حد 😂😃😂,1,1,0,قصدي الناس انا مكتئب ومش عاوز اكلم 😂😃😂,لا قصدي كل الناس انا مكتئب ومش عاوز اكلم حد 😂😃😂
كم خَلّف غياب من نحب من ألم و حزن و اكتئاب,1,0,0,خلف غياب نحب الم حزن اكتئاب,كم خلف غياب من نحب من الم و حزن و اكتئاب
تلك العتمة الباهرة جابلي اكتئاب حرفياً,1,0,0,العتمه الباهره جابلي اكتئاب حرفيا,تلك العتمه الباهره جابلي اكتئاب حرفيا
هالتغريدة والردود عليها تجيب اكتئاب ☹️,1,0,0,هالتغريده والردود عليها تجيب اكتئاب,هالتغريده والردود عليها تجيب اكتئاب ☹️
حتى اني تأثرت وجتني كآبة حادة يا الله 🤧🔥😈,1,0,0,حتي اني تاثرت وجتني كابه حاده الله 🤧🔥😈,حتي اني تاثرت وجتني كابه حاده يا الله 🤧🔥😈
احساس لما الحاجه الي انت عايزها تحصل بس انت مش مبسوط احساس ملازمني,1,0,0,احساس لما الحاجه الي انت عايزها تحصل انت مبسوط احساس ملازمني,احساس لما الحاجه الي انت عايزها تحصل بس انت مش مبسوط احساس ملازمني
طب احس ب اكتئاب,1,0,0,احس اكتئاب,طب احس ب اكتئاب
يبقى كده كلنا عندنا اكتئاب ☹️,1,0,0,يبقي كده كلنا عندنا اكتئاب,يبقي كده كلنا عندنا اكتئاب ☹️
في اكتئاب بسبك اعمل اي بحبك 😇😂❤️,1,0,0,اكتئاب بسبك اعمل بحبك 😇😂❤️,في اكتئاب بسبك اعمل اي بحبك 😇😂❤️
خربت نفسها ايش البنت فيها اكتئاب وتوها والده,1,0,0,خربت نفسها ايش البنت فيها اكتئاب وتوها والده,خربت نفسها ايش البنت فيها اكتئاب وتوها والده
اكتئاب رمضان لا يضاهيه اكتئاب,1,1,0,اكتئاب رمضان يضاهيه اكتئاب,اكتئاب رمضان لا يضاهيه اكتئاب
مش قادرة ابطل عياط,1,0,0,قادره ابطل عياط,مش قادره ابطل عياط
😂ف اكتئاب,1,0,0,اكتئاب,😂ف اكتئاب
حزين مكتئب منطقي انا,1,0,0,حزين مكتئب منطقي انا,حزين مكتئب منطقي انا
اعتقد انني لا أشعر بشيء الآن لم يعد لدي اهتمامات أصبحت حياتي شفافة للغاية قلبي امتلئ باليأس ولا اشعر بالحياة على ما يبدو انني اتنفس فقط.,1,1,1,اعتقد انني اشعر بشيء الان يعد لدي اهتمامات اصبحت حياتي شفافه للغايه قلبي امتلئ بالياس ولا اشعر بالحياه علي يبدو انني اتنفس فقط,اعتقد انني لا اشعر بشيء الان لم يعد لدي اهتمامات اصبحت حياتي شفافه للغايه قلبي امتلئ بالياس ولا اشعر بالحياه علي ما يبدو انني اتنفس فقط.
الرهاب بهدلني رجعوني الاوضه,1,0,0,الرهاب بهدلني رجعوني الاوضه,الرهاب بهدلني رجعوني الاوضه
صحيت من النوم ابكي لمتى طيب,1,0,0,صحيت النوم ابكي لمتي طيب,صحيت من النوم ابكي لمتي طيب
على قلقٍ كأن الريحَ تحتي,1,0,0,علي قلق الريح تحتي,علي قلق كان الريح تحتي
المختبئ خلف كأبه الوحده,1,0,0,المختبئ خلف كابه الوحده,المختبئ خلف كابه الوحده
فكرة الانتحار ترادوني 💔,1,0,0,فكره الانتحار ترادوني,فكره الانتحار ترادوني 💔
أنني  أريد  الموت أريد الانتحار افكر كثيراً لا اتوقف عن التفكير الامر اصبح سيء جداً اريد التوقف فقط .,1,1,1,انني اريد الموت اريد الانتحار افكر كثيرا اتوقف التفكير الامر اصبح سيء جدا اريد التوقف فقط,انني اريد الموت اريد الانتحار افكر كثيرا لا اتوقف عن التفكير الامر اصبح سيء جدا اريد التوقف فقط .
واله ما انا عارفه دا هو اكتئاب ولا انطفاء ولا نضج ولا وحده ولا,1,1,0,واله انا عارفه اكتئاب ولا انطفاء ولا نضج ولا وحده ولا,واله ما انا عارفه دا هو اكتئاب ولا انطفاء ولا نضج ولا وحده ولا
سيموت قلبي من كثرة تراكم الأيام التي أكتم فيها حزني ,1,0,0,سيموت قلبي كثره تراكم الايام التي اكتم فيها حزني,سيموت قلبي من كثره تراكم الايام التي اكتم فيها حزني
شرايكم تدخلوني قروب قبل ما انهار من الرهاب,1,1,0,شرايكم تدخلوني قروب انهار الرهاب,شرايكم تدخلوني قروب قبل ما انهار من الرهاب
وقبلها طبعًا كان عندي اكتئاب مرات نمر بتجارب من شدة وطأتها نعتقد ان ممكن ما ننجو منها ,1,1,0,وقبلها طبعا عندي اكتئاب مرات نمر بتجارب شده وطاتها نعتقد ممكن ننجو منها,وقبلها طبعا كان عندي اكتئاب مرات نمر بتجارب من شده وطاتها نعتقد ان ممكن ما ننجو منها
مبادئ الانتحار 🙂,1,0,0,مبادئ الانتحار,مبادئ الانتحار 🙂
يارب لاقلق ولا كآبه,1,0,0,يارب لاقلق ولا كابه,يارب لاقلق ولا كابه
اريد الانتحار حالا ,1,0,0,اريد الانتحار حالا,اريد الانتحار حالا
حياتي الفتره هذي هوس التفكير الزايد اكتئاب انعدام شغف,1,0,0,حياتي الفتره هذي هوس التفكير الزايد اكتئاب انعدام شغف,حياتي الفتره هذي هوس التفكير الزايد اكتئاب انعدام شغف
"نكتئب ع البحر_x000D_
اكتئاب",1,0,0,نكتئب البحر اكتئاب,نكتئب ع البحر_x<NUM>D_اكتئاب
ان كان له فلا حزن ولا اكتئاب,1,0,0,فلا حزن ولا اكتئاب,ان كان له فلا حزن ولا اكتئاب
الصورة ديه بحبها جدا وبحب ضحكتي فيهالانها كانت وقت اكتئاب و حزن🤍,1,0,0,الصوره ديه بحبها جدا وبحب ضحكتي فيهالانها وقت اكتئاب حزن🤍,الصوره ديه بحبها جدا وبحب ضحكتي فيهالانها كانت وقت اكتئاب و حزن🤍
اتمني العوض يكون قرب عشان انا بيني و بين الانتحار شعره واحده,1,0,0,اتمني العوض قرب عشان انا بيني الانتحار شعره واحده,اتمني العوض يكون قرب عشان انا بيني و بين الانتحار شعره واحده
"الفضاوه ↖️↖️↖️_x000D_
الضيقه ↖️↖️↖️_x000D_
الاكتئاب ↖️↖️↖️↖️_x000D_
الناس المزعجه ↖️↖️↖️",1,0,0,الفضاوه ↖️↖️↖️ الضيقه ↖️↖️↖️ الاكتئاب ↖️↖️↖️↖️ الناس المزعجه ↖️↖️↖️,الفضاوه ↖️↖️↖️_x<NUM>D_الضيقه ↖️↖️↖️_x<NUM>D_الاكتئاب ↖️↖️↖️↖️_x<NUM>D_الناس المزعجه ↖️↖️↖️
موجه اكتئاب قويه بتمر,1,0,0,موجه اكتئاب قويه بتمر,موجه اكتئاب قويه بتمر
"ياله ايام حلوه وهاديه وكلها خير تعوضنا عن كل لحظه حُزن عشناها 💙🙏🏻_x000D_
_x000D_
 ١٩رمضان١٤٢",1,0,0,ياله ايام حلوه وهاديه وكلها خير تعوضنا لحظه حزن عشناها 💙🙏🏻 ١٩رمضان١٤٢,ياله ايام حلوه وهاديه وكلها خير تعوضنا عن كل لحظه حزن عشناها 💙🙏🏻_x<NUM>D__x<NUM>D_ <NUM><NUM>رمضان<NUM><NUM><NUM>
كنت بكتب اني مكتئب بدون سبب بس تذكرت ان الاسباب كافيه,1,1,0,كنت بكتب اني مكتئب بدون سبب تذكرت الاسباب كافيه,كنت بكتب اني مكتئب بدون سبب بس تذكرت ان الاسباب كافيه
فيني رهاب اجتماعي ماقدر😔,1,0,0,فيني رهاب اجتماعي ماقدر😔,فيني رهاب اجتماعي ماقدر😔
باقي اقل من خمسة ايام لتنفيذ خطة الانتحار,1,0,0,باقي اقل خمسه ايام لتنفيذ خطه الانتحار,باقي اقل من خمسه ايام لتنفيذ خطه الانتحار
حزن💔,1,0,0,حزن💔,حزن💔
اليوم جتني نوبة هلع لما كنت بالمول اكتشفت انها غالباً تجيني مع زحمة الناس واذا كنت متوتره ,1,0,0,اليوم جتني نوبه هلع لما كنت بالمول اكتشفت انها غالبا تجيني زحمه الناس واذا كنت متوتره,اليوم جتني نوبه هلع لما كنت بالمول اكتشفت انها غالبا تجيني مع زحمه الناس واذا كنت متوتره
انا قلبيي حزين وفوق الحزن ضيياع,1,0,0,انا قلبيي حزين وفوق الحزن ضيياع,انا قلبيي حزين وفوق الحزن ضيياع
بيعجبنى حزاينى رامى و عمرو بيجيب اجمد اكتئاب 😅,1,0,0,بيعجبني حزايني رامي عمرو بيجيب اجمد اكتئاب,بيعجبني حزايني رامي و عمرو بيجيب اجمد اكتئاب 😅
طيب ترا يحزن مو وقت الرهاب,1,0,0,طيب ترا يحزن وقت الرهاب,طيب ترا يحزن مو وقت الرهاب
نفسي ابكي لين اخلص كل دموعي,1,0,0,نفسي ابكي لين اخلص دموعي,نفسي ابكي لين اخلص كل دموعي
انا ميته روحي مدمره من اشياء كثير اتمنى اعيش بسلام بدون مشاكل وبدون امراض نفسيه لكن هذا الشي ماراح يتحق بحياتي ,1,1,0,انا ميته روحي مدمره اشياء كثير اتمني اعيش بسلام بدون مشاكل وبدون امراض نفسيه الشي ماراح يتحق بحياتي,انا ميته روحي مدمره من اشياء كثير اتمني اعيش بسلام بدون مشاكل وبدون امراض نفسيه لكن هذا الشي ماراح يتحق بحياتي
والله حتى انا الي فيني رهاب اجتماعي صار ما يهمني من الحين🤷🏼‍♀️🙂,1,1,0,والله حتي انا الي فيني رهاب اجتماعي صار يهمني الحين🤷🏼‍♀️🙂,والله حتي انا الي فيني رهاب اجتماعي صار ما يهمني من الحين🤷🏼♀️🙂
الاحباط يحاصرني,1,0,0,الاحباط يحاصرني,الاحباط يحاصرني
لي قلب أسود هو لي كأبه,1,0,0,قلب اسود كابه,لي قلب اسود هو لي كابه
الدنيا كلها شايفاني فيا حاجة وبوادر اكتئاب بس انا عمري ما اروح اقول,1,1,0,الدنيا كلها شايفاني فيا حاجه وبوادر اكتئاب انا عمري اروح اقول,الدنيا كلها شايفاني فيا حاجه وبوادر اكتئاب بس انا عمري ما اروح اقول
اكتئاب لين يطلع قبول الجامعه ثم جمعات ونوم لين يفرجها اله 😍,1,0,0,اكتئاب لين يطلع قبول الجامعه جمعات ونوم لين يفرجها اله,اكتئاب لين يطلع قبول الجامعه ثم جمعات ونوم لين يفرجها اله 😍
اول مره تحوشني كأبه هالحزه العاده مكبره المخده ونايمه,1,0,0,اول مره تحوشني كابه هالحزه العاده مكبره المخده ونايمه,اول مره تحوشني كابه هالحزه العاده مكبره المخده ونايمه
"بقالي سنتين بعيد عن الملعب و الدوري _x000D_
و الاتحاد لو لغى الدوري ده بسب كورونا _x000D_
حرفيا هخش في نوبة اكتئاب محصلتش قبل كده",1,0,0,بقالي سنتين بعيد الملعب الدوري الاتحاد لغي الدوري بسب كورونا حرفيا هخش نوبه اكتئاب محصلتش كده,بقالي سنتين بعيد عن الملعب و الدوري _x<NUM>D_و الاتحاد لو لغي الدوري ده بسب كورونا _x<NUM>D_حرفيا هخش في نوبه اكتئاب محصلتش قبل كده
موجة اكتئاب حاده,1,0,0,موجه اكتئاب حاده,موجه اكتئاب حاده
مش عارف انام ارق,1,0,0,عارف انام ارق,مش عارف انام ارق
يالله كنت من قبل امس وانا مخنوقة الى اليوم صحيت ابكي وطلعت كل البكا والدموع واقول مافي شيء مضايقني الحمد لله,1,0,0,يالله كنت امس وانا مخنوقه الي اليوم صحيت ابكي وطلعت البكا والدموع واقول مافي شيء مضايقني الحمد لله,يالله كنت من قبل امس وانا مخنوقه الي اليوم صحيت ابكي وطلعت كل البكا والدموع واقول مافي شيء مضايقني الحمد لله
لو الانتحار حلال صدقوني انا اول وحده معندي قناعه بالحياه ايه,1,0,0,الانتحار حلال صدقوني انا اول وحده معندي قناعه بالحياه ايه,لو الانتحار حلال صدقوني انا اول وحده معندي قناعه بالحياه ايه
احس فيني اكتئاب حاد,1,0,0,احس فيني اكتئاب حاد,احس فيني اكتئاب حاد
حزن اهى يومين ينقلع اهى,1,0,0,حزن اهي يومين ينقلع اهي,حزن اهي يومين ينقلع اهي
بداية اكتئاب,1,0,0,بدايه اكتئاب,بدايه اكتئاب
التفكير الي قبل النوم يسب لي قلق بشكل مو طبيعي ويحسني اني انسانه سيئه جداً,1,0,1,التفكير الي النوم يسب قلق بشكل طبيعي ويحسني اني انسانه سيئه جدا,التفكير الي قبل النوم يسب لي قلق بشكل مو طبيعي ويحسني اني انسانه سيئه جدا
كل ما ادخل التويتر يجيلي اكتئاب اكثر,1,1,0,ادخل التويتر يجيلي اكتئاب اكثر,كل ما ادخل التويتر يجيلي اكتئاب اكثر
اكتئاب عميق,1,0,0,اكتئاب عميق,اكتئاب عميق
نوبات الهلع مشكله,1,0,0,نوبات الهلع مشكله,نوبات الهلع مشكله
والاسوء من هيك النوم بيتخربط وبيصير اليوم كلو اكتئاب 👍🏻,1,0,0,والاسوء هيك النوم بيتخربط وبيصير اليوم كلو اكتئاب,والاسوء من هيك النوم بيتخربط وبيصير اليوم كلو اكتئاب 👍🏻
ماذا لو لم نلتقي من البدايه لكنت سأعيش دون دموع دون اكتئاب و دون حزن يستولي على قلبي كل يوم,1,1,0,ماذا نلتقي البدايه لكنت ساعيش دون دموع دون اكتئاب دون حزن يستولي علي قلبي يوم,ماذا لو لم نلتقي من البدايه لكنت ساعيش دون دموع دون اكتئاب و دون حزن يستولي علي قلبي كل يوم
اقوم من النوم وانا ابكي على حزنها💔,1,0,0,اقوم النوم وانا ابكي علي حزنها💔,اقوم من النوم وانا ابكي علي حزنها💔
واله داخله ف اكتئاب مو قاعده احس بطعم الأكل كأني اكل ورق يارب ترجع بسرعه يارب,1,0,0,واله داخله اكتئاب قاعده احس بطعم الاكل كاني اكل ورق يارب ترجع بسرعه يارب,واله داخله ف اكتئاب مو قاعده احس بطعم الاكل كاني اكل ورق يارب ترجع بسرعه يارب
ياتُرى كيف شكل الحياة من غير قلق,1,1,0,ياتري شكل الحياه غير قلق,ياتري كيف شكل الحياه من غير قلق
فيديوهات المصريات هذي الي تمحور حول الشغل والمطبخ تجيب لي اكتئاب وكره لحياة وربي مابالغ لدرجة اخذت عهد ع نفسي ان ما اشوفها,1,1,0,فيديوهات المصريات هذي الي تمحور حول الشغل والمطبخ تجيب اكتئاب وكره لحياه وربي مابالغ لدرجه اخذت عهد نفسي اشوفها,فيديوهات المصريات هذي الي تمحور حول الشغل والمطبخ تجيب لي اكتئاب وكره لحياه وربي مابالغ لدرجه اخذت عهد ع نفسي ان ما اشوفها
أنا ضائع ، كل ما في الأمر أنني ضائعٌ بين ما أعيشه وما أريد أن أعيشه ، بين واقعي وخيالي ، بيني وبين نفسي حتى ! احتاج من يفهمني من يرى عزلتي وحزني ويأخذ بيدي بعيدًا عن ضجيجِ هذا العالم الكئيب,1,1,0,انا ضائع الامر انني ضائع اعيشه وما اريد اعيشه واقعي وخيالي بيني وبين نفسي حتي احتاج يفهمني يري عزلتي وحزني وياخذ بيدي بعيدا ضجيج العالم الكئيب,انا ضائع ، كل ما في الامر انني ضائع بين ما اعيشه وما اريد ان اعيشه ، بين واقعي وخيالي ، بيني وبين نفسي حتي ! احتاج من يفهمني من يري عزلتي وحزني وياخذ بيدي بعيدا عن ضجيج هذا العالم الكئيب
مجموعة من الأيام الكئيبة تتراكم فوق بعضها ولا أحد يعرف كيف ستنتهي و متى,1,0,0,مجموعه الايام الكئيبه تتراكم فوق بعضها ولا احد يعرف ستنتهي متي,مجموعه من الايام الكئيبه تتراكم فوق بعضها ولا احد يعرف كيف ستنتهي و متي
بتناول كم هائل من الأدوية إنتحار ,1,0,0,بتناول هائل الادويه انتحار,بتناول كم هائل من الادويه انتحار
انا ليه هي الفترة صاير عندي كمية كآبة مش طبيعية,1,0,0,انا ليه الفتره صاير عندي كميه كابه طبيعيه,انا ليه هي الفتره صاير عندي كميه كابه مش طبيعيه
مكتئب يا رجاله انا هحلق شعري زيرو,1,0,0,مكتئب رجاله انا هحلق شعري زيرو,مكتئب يا رجاله انا هحلق شعري زيرو
مره اكتئاب,1,0,0,مره اكتئاب,مره اكتئاب
يمه كآبه,1,0,0,يمه كابه,يمه كابه
تعبت مو قادره انام كل ماتذكرها ابكي,1,0,0,تعبت قادره انام ماتذكرها ابكي,تعبت مو قادره انام كل ماتذكرها ابكي
"من قوة ما احب الهدوء مصمّت كل الاشعارات والرسائل والمكالمات حتى جوالي على الصامت ٢٤ ساعه _x000D_
هالحالة تستدعي تدخل طبيب نفسي ولا حالة عادية",1,1,0,قوه احب الهدوء مصمت الاشعارات والرسائل والمكالمات حتي جوالي علي الصامت ساعه هالحاله تستدعي تدخل طبيب نفسي ولا حاله عاديه,من قوه ما احب الهدوء مصمت كل الاشعارات والرسائل والمكالمات حتي جوالي علي الصامت <NUM><NUM> ساعه _x<NUM>D_هالحاله تستدعي تدخل طبيب نفسي ولا حاله عاديه
مكتئب بس اسوي نفسي بخير,1,0,0,مكتئب اسوي نفسي بخير,مكتئب بس اسوي نفسي بخير
ريحه اكتئاب,1,0,0,ريحه اكتئاب,ريحه اكتئاب
اهخ بما اني اشوف مناسبات تخرج الايام هذي احسها احلا فرحه بس ماحسيت فيها وقتها كنت اتعالج من نوبات الهلع وعندي اكتئاب,1,0,0,اهخ بما اني اشوف مناسبات تخرج الايام هذي احسها احلا فرحه ماحسيت فيها وقتها كنت اتعالج نوبات الهلع وعندي اكتئاب,اهخ بما اني اشوف مناسبات تخرج الايام هذي احسها احلا فرحه بس ماحسيت فيها وقتها كنت اتعالج من نوبات الهلع وعندي اكتئاب
سلام عليكم دكتور كل عام وانت بخير وصحه وسلامه سوال عند علا ج اسمه لوسترال مافايدته ومضاره لاهنت,1,0,0,سلام عليكم دكتور عام وانت بخير وصحه وسلامه سوال علا اسمه لوسترال مافايدته ومضاره لاهنت,سلام عليكم دكتور كل عام وانت بخير وصحه وسلامه سوال عند علا ج اسمه لوسترال مافايدته ومضاره لاهنت
"روحي المتعبه لاترغب بجسدي المُتهالك_x000D_
_x000D_
حزن عبارات بوح خواطر اكتئاب",1,0,0,روحي المتعبه لاترغب بجسدي المتهالك حزن عبارات بوح خواطر اكتئاب,روحي المتعبه لاترغب بجسدي المتهالك_x<NUM>D__x<NUM>D_حزن عبارات بوح خواطر اكتئاب
لا بس مود الاكتئاب المره دي جاي بعشم زياده,1,1,0,مود الاكتئاب المره جاي بعشم زياده,لا بس مود الاكتئاب المره دي جاي بعشم زياده
الهُمَ فرحه تكسر كل حُزنً مضيَ 🤍,1,0,0,الهم فرحه تكسر حزن مضي,الهم فرحه تكسر كل حزن مضي 🤍
"و لطالما أحارب هذا الشعور من فترة طويلة و لكن لا زال يأتيني الا و هو الإكتئاب_x000D_
_x000D_
أشعر بفقدان الشغف و عدم وجود الهدف",1,1,0,لطالما احارب الشعور فتره طويله زال ياتيني الا الاكتئاب اشعر بفقدان الشغف عدم وجود الهدف,و لطالما احارب هذا الشعور من فتره طويله و لكن لا زال ياتيني الا و هو الاكتئاب_x<NUM>D__x<NUM>D_اشعر بفقدان الشغف و عدم وجود الهدف
خلص رح أنام وأنا نفسي أبكي لأني رح أنام😂,1,0,0,خلص انام وانا نفسي ابكي لاني انام😂,خلص رح انام وانا نفسي ابكي لاني رح انام😂
ذهب قلبي ، أنا مُجرد روحٍ فارغة في جسد بشري أفضّل أن أموت ثم أشعر بهذا الألم الذي لا أستطيع تحمله,1,1,0,ذهب قلبي انا مجرد روح فارغه جسد بشري افضل اموت اشعر بهذا الالم الذي استطيع تحمله,ذهب قلبي ، انا مجرد روح فارغه في جسد بشري افضل ان اموت ثم اشعر بهذا الالم الذي لا استطيع تحمله
ها أنا في تعبي وحيد وفي حزني وحيد، لقد تاهَ قلبي,1,0,0,انا تعبي وحيد وفي حزني وحيد، لقد تاه قلبي,ها انا في تعبي وحيد وفي حزني وحيد، لقد تاه قلبي
خلصنا كأبة وتفكير نام بقي,1,0,0,خلصنا كابه وتفكير نام بقي,خلصنا كابه وتفكير نام بقي
خمس ايام ويروح بيكهيون❤️موجة اكتئاب مفاجئة,1,0,0,خمس ايام ويروح بيكهيون❤️موجه اكتئاب مفاجئه,خمس ايام ويروح بيكهيون❤️موجه اكتئاب مفاجئه
الاكتئاب واصل حده,1,0,0,الاكتئاب واصل حده,الاكتئاب واصل حده
دام وصلت معك لتفكير بالانتحار لازم تراجعين طبيب نفسي مش غلط ابدا واختاري الدكتور الصح ,1,0,0,دام وصلت معك لتفكير بالانتحار لازم تراجعين طبيب نفسي غلط ابدا واختاري الدكتور الصح,دام وصلت معك لتفكير بالانتحار لازم تراجعين طبيب نفسي مش غلط ابدا واختاري الدكتور الصح
الصوره لوحدها كفيله تجبلي اكتئاب وقرف والله 🤦‍♀️,1,0,0,الصوره لوحدها كفيله تجبلي اكتئاب وقرف والله 🤦‍♀️,الصوره لوحدها كفيله تجبلي اكتئاب وقرف والله 🤦♀️
يع قعدت ابكي كيف كبرت كذا 😫,1,0,0,قعدت ابكي كبرت كذا,يع قعدت ابكي كيف كبرت كذا 😫
صداع إكتئاب وحدة قلق توتر تعب نفسي وجسدي وجميعهم انا 💔😔,1,0,0,صداع اكتئاب وحده قلق توتر تعب نفسي وجسدي وجميعهم انا,صداع اكتئاب وحده قلق توتر تعب نفسي وجسدي وجميعهم انا 💔😔
"حد قل ذوقه عليا مليون مرة وجرحني كتير وتسب لي في اكتئاب شديد وسكت له كل مرة_x000D_
جيت رديت عليه مرة واحدة بس_x000D_
دماغي بق",1,0,0,ذوقه عليا مليون مره وجرحني كتير وتسب اكتئاب شديد وسكت مره جيت رديت عليه مره واحده دماغي,حد قل ذوقه عليا مليون مره وجرحني كتير وتسب لي في اكتئاب شديد وسكت له كل مره_x<NUM>D_جيت رديت عليه مره واحده بس_x<NUM>D_دماغي بق
محتاجة شخص من البشر الاقيه في اي مكان واقعد احكي ليه و ابكي لمن اقول بس,1,0,0,محتاجه شخص البشر الاقيه مكان واقعد احكي ليه ابكي لمن اقول,محتاجه شخص من البشر الاقيه في اي مكان واقعد احكي ليه و ابكي لمن اقول بس
عايز انهي حياتي,1,0,0,عايز انهي حياتي,عايز انهي حياتي
الصداع النصفي عدوي الدود والله ماودي اروح لدكتور يكتب لي العلاج مره ثانيه مجرد الالتزام فيه يجيب كآبة,1,0,0,الصداع النصفي عدوي الدود والله ماودي اروح لدكتور يكتب العلاج مره ثانيه مجرد الالتزام فيه يجيب كابه,الصداع النصفي عدوي الدود والله ماودي اروح لدكتور يكتب لي العلاج مره ثانيه مجرد الالتزام فيه يجيب كابه
بس انتقل من مرحلة اكتئاب مابعد التخرج إلى حياة الوظيفه راح اخذ عهد على نفسي ما التفت لتوافه الأمور لأني أعتقد حلت,1,1,0,انتقل مرحله اكتئاب مابعد التخرج الي حياه الوظيفه راح اخذ عهد علي نفسي التفت لتوافه الامور لاني اعتقد حلت,بس انتقل من مرحله اكتئاب مابعد التخرج الي حياه الوظيفه راح اخذ عهد علي نفسي ما التفت لتوافه الامور لاني اعتقد حلت
أوفر كآبه وافكار تقتل اي حماسه,1,0,0,اوفر كابه وافكار تقتل حماسه,اوفر كابه وافكار تقتل اي حماسه
والله قمت اشك فيني اكتئاب مو معقوله الشغف بالحياه عندي يمشي بالسالب!!,1,0,0,والله قمت اشك فيني اكتئاب معقوله الشغف بالحياه عندي يمشي بالسالب,والله قمت اشك فيني اكتئاب مو معقوله الشغف بالحياه عندي يمشي بالسالب!!
الإكتئاب جالس يسرق لمعة عيوني وملامحي احس كل شي لونه رمادي حياة بدون الوان,1,1,0,الاكتئاب جالس يسرق لمعه عيوني وملامحي احس لونه رمادي حياه بدون الوان,الاكتئاب جالس يسرق لمعه عيوني وملامحي احس كل شي لونه رمادي حياه بدون الوان
"شكل العايلة كلها عندي 😂_x000D_
اكتئاب_x000D_
وانطفاء_x000D_
وعدم شغف_x000D_
وتخلف_x000D_
وحالة نفسية_x000D_
وطفش_x000D_
وكل شي😂",1,0,0,شكل العايله كلها عندي اكتئاب وانطفاء وعدم شغف وتخلف وحاله نفسيه وطفش وكل شي😂,شكل العايله كلها عندي 😂_x<NUM>D_اكتئاب_x<NUM>D_وانطفاء_x<NUM>D_وعدم شغف_x<NUM>D_وتخلف_x<NUM>D_وحاله نفسيه_x<NUM>D_وطفش_x<NUM>D_وكل شي😂
ابكي ع الي جاي ولا ابكي ع الي راح,1,0,0,ابكي الي جاي ولا ابكي الي راح,ابكي ع الي جاي ولا ابكي ع الي راح
"😂 _x000D_
مكتئب 😂",1,0,0,مكتئب,😂 _x<NUM>D_مكتئب 😂
اتوقع اني وصلت اعلى مراحل الاكتئاب والخذلان قاعده ابكي ,1,0,0,اتوقع اني وصلت اعلي مراحل الاكتئاب والخذلان قاعده ابكي,اتوقع اني وصلت اعلي مراحل الاكتئاب والخذلان قاعده ابكي
عايش لحظة ملل  بكل معانيها حاسس بخيبة أمل  واليأس طاويها,1,0,0,عايش لحظه ملل بكل معانيها حاسس بخيبه امل والياس طاويها,عايش لحظه ملل بكل معانيها حاسس بخيبه امل والياس طاويها
أخ لو الانتحار حلال مو أحسن,1,0,0,الانتحار حلال احسن,اخ لو الانتحار حلال مو احسن
اشعر ان الي فيني اكتئاب,1,0,0,اشعر الي فيني اكتئاب,اشعر ان الي فيني اكتئاب
شكل فيني هلع,1,0,0,شكل فيني هلع,شكل فيني هلع
والان انا بعمر اثنان وعشرون اعاني من ثنائي القطب نوبات هلع واكتئاب شديد اعاني من الرهاب الاجتماعي والقلق المزمن,1,0,0,والان انا بعمر اثنان وعشرون اعاني ثنائي القطب نوبات هلع واكتئاب شديد اعاني الرهاب الاجتماعي والقلق المزمن,والان انا بعمر اثنان وعشرون اعاني من ثنائي القطب نوبات هلع واكتئاب شديد اعاني من الرهاب الاجتماعي والقلق المزمن
أنا في عزلة والعزلة الداخلية أقوى وأشد من ذاك الذي يحشر نفسه في حجرة أنا أخالط العالم دون أن أخوض حوارًا حقيقيًا أو كاملاً حتى,1,0,0,انا عزله والعزله الداخليه اقوي واشد ذاك الذي يحشر نفسه حجره انا اخالط العالم دون اخوض حوارا حقيقيا كاملا حتي,انا في عزله والعزله الداخليه اقوي واشد من ذاك الذي يحشر نفسه في حجره انا اخالط العالم دون ان اخوض حوارا حقيقيا او كاملا حتي
أول شي أهنيك وأقولك انتي بطلة 🥺❤️ ثاني شي اله يسعدك يارب دنيا وآخرة الصراحة انا مثلك عندي اكتئاب ,1,0,0,اول اهنيك واقولك انتي بطله 🥺❤️ ثاني اله يسعدك يارب دنيا واخره الصراحه انا مثلك عندي اكتئاب,اول شي اهنيك واقولك انتي بطله 🥺❤️ ثاني شي اله يسعدك يارب دنيا واخره الصراحه انا مثلك عندي اكتئاب
ايوا للحين ابكي,1,0,0,ايوا للحين ابكي,ايوا للحين ابكي
الواحد مايدري هو مكتئب ولا قاعد يكتئب,1,0,0,الواحد مايدري مكتئب ولا قاعد يكتئب,الواحد مايدري هو مكتئب ولا قاعد يكتئب
بقيت بحس انى بتنفس كآبه وخوف وقلق مبيعديش 5 دقايق غير اما احس بخنقه لا إرادى كدا 🤦🏻‍♀️ المود↙️↙️↙️↙️↙️↙️↙️↙️,1,1,0,بقيت بحس اني بتنفس كابه وخوف وقلق مبيعديش دقايق غير اما احس بخنقه ارادي كدا 🤦🏻‍♀️,بقيت بحس اني بتنفس كابه وخوف وقلق مبيعديش <NUM> دقايق غير اما احس بخنقه لا ارادي كدا 🤦🏻♀️ المود↙️↙️↙️↙️↙️↙️↙️↙️
انا لستُ الأنسان المُناسب لأي شيء,1,0,0,انا لست الانسان المناسب لاي شيء,انا لست الانسان المناسب لاي شيء
اصعب ما في الاكتئاب انك بتكون ساكت مش عارف تخطط لبكرا ولا عارف ترجع تصلح الي فات,1,1,0,اصعب الاكتئاب انك بتكون ساكت عارف تخطط لبكرا ولا عارف ترجع تصلح الي فات,اصعب ما في الاكتئاب انك بتكون ساكت مش عارف تخطط لبكرا ولا عارف ترجع تصلح الي فات
مع احترامى لادوية مضادات الاكتئاب مفيش مضاد اكتئاب احسن من تمرينة رايقه ف الجيم,1,0,0,احترامي لادويه مضادات الاكتئاب مفيش مضاد اكتئاب احسن تمرينه رايقه الجيم,مع احترامي لادويه مضادات الاكتئاب مفيش مضاد اكتئاب احسن من تمرينه رايقه ف الجيم
دائمًا فكرة الانتحار حلوة😂,1,0,0,دائما فكره الانتحار حلوه😂,دائما فكره الانتحار حلوه😂
أنا مكتئب جامعي,1,0,0,انا مكتئب جامعي,انا مكتئب جامعي
اف كآبه كيف بختبر بكره خير,1,0,0,كابه بختبر بكره خير,اف كابه كيف بختبر بكره خير
الفراغ يكاد يبتلعنُي في عمُقه بالكامل,1,0,0,الفراغ يكاد يبتلعني عمقه بالكامل,الفراغ يكاد يبتلعني في عمقه بالكامل
أنا لحم و عظام و دم و قلق,1,0,0,انا لحم عظام قلق,انا لحم و عظام و دم و قلق
يعني صحيت من الموت و الصداع رابط حبل الانتحار في راسي و الدخان￼ هو خلاصي,1,0,0,يعني صحيت الموت الصداع رابط حبل الانتحار راسي الدخان￼ خلاصي,يعني صحيت من الموت و الصداع رابط حبل الانتحار في راسي و الدخان￼ هو خلاصي
ورب المصحف فيني حزن ما ابي البرنامج ي نتهي😭🥺💔,1,1,0,ورب المصحف فيني حزن ابي البرنامج نتهي😭🥺💔,ورب المصحف فيني حزن ما ابي البرنامج ي نتهي😭🥺💔
التيس فيه إكتئاب,1,0,0,التيس فيه اكتئاب,التيس فيه اكتئاب
حلىو مره واله بس الي فوق احسه اشد حزن شوي,1,0,0,حليو مره واله الي فوق احسه اشد حزن شوي,حليو مره واله بس الي فوق احسه اشد حزن شوي
الاكتئاب إلى بيجي وقت الامتحانات ده يبقا سخيف بجد,1,0,0,الاكتئاب الي بيجي وقت الامتحانات يبقا سخيف بجد,الاكتئاب الي بيجي وقت الامتحانات ده يبقا سخيف بجد
من بعد ماجربت الجانب السيئ بالحب احس مستحيل اوصل لمرحله هذي الي بالفيديو لان اذا جا بعدها خذلان بتواجهوا اكتئاب ص,1,0,0,ماجربت الجانب السيئ بالحب احس مستحيل اوصل لمرحله هذي الي بالفيديو لان اذا بعدها خذلان بتواجهوا اكتئاب,من بعد ماجربت الجانب السيئ بالحب احس مستحيل اوصل لمرحله هذي الي بالفيديو لان اذا جا بعدها خذلان بتواجهوا اكتئاب ص
عايز احكي حاجه بجد قبل م انتحر 💔 انا طالب في تالته ثانوي اهلي سبب رئيسي في الي انا في ده انا عارف كويس ان الانتحارحرام لكن مش قادر,1,0,0,عايز احكي حاجه بجد انتحر انا طالب تالته ثانوي اهلي سبب رئيسي الي انا انا عارف كويس الانتحارحرام قادر,عايز احكي حاجه بجد قبل م انتحر 💔 انا طالب في تالته ثانوي اهلي سبب رئيسي في الي انا في ده انا عارف كويس ان الانتحارحرام لكن مش قادر
"فكرت الف مره في الانتحار_x000D_
لاني ابتعدت عنها_x000D_
😂",1,0,0,فكرت الف مره الانتحار لاني ابتعدت عنها,فكرت الف مره في الانتحار_x<NUM>D_لاني ابتعدت عنها_x<NUM>D_😂
أنا خلاص قرت أروح لدكتور نفسي ومش عارفة ده هيفرق ولا لا وهل هبقى بضيع فلوس ع الفاضي او لا بس مفيش قدامي يا دكتور نفسي يا الانتحار,1,1,0,انا خلاص قرت اروح لدكتور نفسي ومش عارفه هيفرق ولا وهل هبقي بضيع فلوس الفاضي مفيش قدامي دكتور نفسي الانتحار,انا خلاص قرت اروح لدكتور نفسي ومش عارفه ده هيفرق ولا لا وهل هبقي بضيع فلوس ع الفاضي او لا بس مفيش قدامي يا دكتور نفسي يا الانتحار
"مو دايم يكون مريض من قبل الزواج_x000D_
النساء الي اعرفهم جالهم اكتئاب حمل و ومابعد الولادة امر طبيعي بس ز",1,0,0,دايم مريض الزواج النساء الي اعرفهم جالهم اكتئاب حمل ومابعد الولاده امر طبيعي,مو دايم يكون مريض من قبل الزواج_x<NUM>D_النساء الي اعرفهم جالهم اكتئاب حمل و ومابعد الولاده امر طبيعي بس ز
ابد بس زيادة اكتئاب على شوية اعتلالات ضيف خفيف لبى عينه😂💘,1,0,0,ابد زياده اكتئاب علي شويه اعتلالات ضيف خفيف لبي عينه😂💘,ابد بس زياده اكتئاب علي شويه اعتلالات ضيف خفيف لبي عينه😂💘
اكثر شي اكتئاب وصعوبات في النوم,1,0,0,اكثر اكتئاب وصعوبات النوم,اكثر شي اكتئاب وصعوبات في النوم
الموت افضل من هذي الحياه,1,0,0,الموت افضل هذي الحياه,الموت افضل من هذي الحياه
"نصيحة اليوم_x000D_
عندما تدخل بحاله اكتئاب لاتحارب لتخرج منها استسلم فقط",1,0,0,نصيحه اليوم عندما تدخل بحاله اكتئاب لاتحارب لتخرج منها استسلم فقط,نصيحه اليوم_x<NUM>D_عندما تدخل بحاله اكتئاب لاتحارب لتخرج منها استسلم فقط
يجب على الرجل يومياً أن يَجلُب لزوجته و أخته الحلويات كون الأناث تمر بحالات أكتئاب و فترات عصيبة و لا مانع من أحضار,1,1,0,يجب علي الرجل يوميا يجلب لزوجته اخته الحلويات كون الاناث تمر بحالات اكتئاب فترات عصيبه مانع احضار,يجب علي الرجل يوميا ان يجلب لزوجته و اخته الحلويات كون الاناث تمر بحالات اكتئاب و فترات عصيبه و لا مانع من احضار
هو ليه الانتحار حرام🙃,1,0,0,ليه الانتحار حرام🙃,هو ليه الانتحار حرام🙃
"مو حزن لكن حزين 💔_x000D_
 _x000D_
مظفر النواب",1,0,0,حزن حزين مظفر النواب,مو حزن لكن حزين 💔_x<NUM>D_ _x<NUM>D_مظفر النواب
ان كان الانِتحار بجسّدي مُحرم فان داخلي قد رمىٰ بنفسه الىٰ الهاوية مُنذ زمن,1,0,0,الانتحار بجسدي محرم فان داخلي رميٰ بنفسه اليٰ الهاويه منذ زمن,ان كان الانتحار بجسدي محرم فان داخلي قد رمي بنفسه الي الهاويه منذ زمن
عندي رهاب اجتماعي وجالسه اتكلم مع الدكتوره,1,0,0,عندي رهاب اجتماعي وجالسه اتكلم الدكتوره,عندي رهاب اجتماعي وجالسه اتكلم مع الدكتوره
عايشة عشان الانتحار حرام و مش هيبقى دنيا و اخرة,1,0,0,عايشه عشان الانتحار حرام هيبقي دنيا اخره,عايشه عشان الانتحار حرام و مش هيبقي دنيا و اخره
موت,1,0,0,موت,موت
داخلة أهو علي يومين اكتئاب بدون اي سب واضح في رعاية الله,1,1,0,داخله اهو علي يومين اكتئاب بدون واضح رعايه الله,داخله اهو علي يومين اكتئاب بدون اي سب واضح في رعايه الله
خلصتمن هنا وجالي اكتئاب من هنا,1,0,0,خلصتمن وجالي اكتئاب,خلصتمن هنا وجالي اكتئاب من هنا
محد مسبلي كآبة في حياتي غير هالجامعة الخرى,1,1,0,محد مسبلي كابه حياتي غير هالجامعه الخري,محد مسبلي كابه في حياتي غير هالجامعه الخري
احس اني مكتئب شوي الصدق تخرجت وماحتفلت ولا سويت شيء تحسون الموضوع يحزن ولا انا محزن نفسي غصب,1,0,0,احس اني مكتئب شوي الصدق تخرجت وماحتفلت ولا سويت شيء تحسون الموضوع يحزن ولا انا محزن نفسي غصب,احس اني مكتئب شوي الصدق تخرجت وماحتفلت ولا سويت شيء تحسون الموضوع يحزن ولا انا محزن نفسي غصب
قلق جداً على الأيام التي سوف تمُر صعبة جداً,1,0,1,قلق جدا علي الايام التي سوف تمر صعبه جدا,قلق جدا علي الايام التي سوف تمر صعبه جدا
ليه انتي شيفه كلهم عندهم اكتئاب 🙃,1,0,0,ليه انتي شيفه كلهم عندهم اكتئاب,ليه انتي شيفه كلهم عندهم اكتئاب 🙃
ليتني لا أشعر بشيء على الاطلاق,1,1,0,ليتني اشعر بشيء علي الاطلاق,ليتني لا اشعر بشيء علي الاطلاق
هدوء غاضب أو ربما إكتئاب هادئ أحدهما يحصرني الآن,1,0,0,هدوء غاضب ربما اكتئاب هادئ احدهما يحصرني الان,هدوء غاضب او ربما اكتئاب هادئ احدهما يحصرني الان
شكله اكتئاب الاجازة على الابواب,1,0,0,شكله اكتئاب الاجازه علي الابواب,شكله اكتئاب الاجازه علي الابواب
كُل حاجة باظت فـ الوقت إللي أنا معنديش فيه 1% طاقة اصلح أي حاجة.,1,0,0,حاجه باظت الوقت اللي انا معنديش فيه طاقه اصلح حاجه,كل حاجه باظت ف الوقت اللي انا معنديش فيه <NUM>% طاقه اصلح اي حاجه.
واله انا ما عارف هو اكتئاب ولا انطفاء ولا نضج ولا وحده ولا,1,1,0,واله انا عارف اكتئاب ولا انطفاء ولا نضج ولا وحده ولا,واله انا ما عارف هو اكتئاب ولا انطفاء ولا نضج ولا وحده ولا
مش عارفه لي فكره الانتحار بتراودني بقالها فتره خايفة وفي نفس الوقت حاسه ان الخوف ده مش هيكون شئ ابدي ممكن ينتهي,1,0,0,عارفه فكره الانتحار بتراودني بقالها فتره خايفه وفي نفس الوقت حاسه الخوف هيكون ابدي ممكن ينتهي,مش عارفه لي فكره الانتحار بتراودني بقالها فتره خايفه وفي نفس الوقت حاسه ان الخوف ده مش هيكون شئ ابدي ممكن ينتهي
أقسم بالله وبمن أحل القسم انا بهم وكربه وضيق الناس فرحانه بلعيد واحنا من الخوف والقلق ما بننام,1,1,0,اقسم بالله وبمن احل القسم انا بهم وكربه وضيق الناس فرحانه بلعيد واحنا الخوف والقلق بننام,اقسم بالله وبمن احل القسم انا بهم وكربه وضيق الناس فرحانه بلعيد واحنا من الخوف والقلق ما بننام
اشوفها جاني اكتئاب من الصبح 😔😳💔,1,0,0,اشوفها جاني اكتئاب الصبح 😔😳💔,اشوفها جاني اكتئاب من الصبح 😔😳💔
معاد فيني قوه اعيش,1,0,0,معاد فيني قوه اعيش,معاد فيني قوه اعيش
حتى النوم ماعاد مهربًا ، أصبح هارِبًا ايضاً,1,0,0,حتي النوم ماعاد مهربا اصبح هاربا ايضا,حتي النوم ماعاد مهربا ، اصبح هاربا ايضا
"البعد راحه ✅_x000D_
الوحده راحه ✅_x000D_
النفسيه كويسه ✅_x000D_
مفيش إكتئاب ✅_x000D_
حاسه بفرحه ✅_x000D_
بگذب 😂✅☑️✅☑️",1,0,0,البعد راحه الوحده راحه النفسيه كويسه مفيش اكتئاب حاسه بفرحه بگذب 😂✅☑️✅☑️,البعد راحه ✅_x<NUM>D_الوحده راحه ✅_x<NUM>D_النفسيه كويسه ✅_x<NUM>D_مفيش اكتئاب ✅_x<NUM>D_حاسه بفرحه ✅_x<NUM>D_بگذب 😂✅☑️✅☑️
نمت صحيت فجأه لقيت حالي مو كويس ومتألمه وجسمي يرجف وم فيني اصحي اهلي اروح المشفى ويدوبك اقدر اتقلب وما اقدر امشي خرا والله خرا قاعده ابكي,1,0,0,نمت صحيت فجاه لقيت حالي كويس ومتالمه وجسمي يرجف فيني اصحي اهلي اروح المشفي ويدوبك اقدر اتقلب وما اقدر امشي خرا والله خرا قاعده ابكي,نمت صحيت فجاه لقيت حالي مو كويس ومتالمه وجسمي يرجف وم فيني اصحي اهلي اروح المشفي ويدوبك اقدر اتقلب وما اقدر امشي خرا والله خرا قاعده ابكي
كئيب جدا,1,0,0,كئيب جدا,كئيب جدا
انا بضحك من الغلب والله من حق كل مكتئب مزاجه فاسد انه يضحك 😅😎,1,0,0,انا بضحك الغلب والله مكتئب مزاجه فاسد انه يضحك,انا بضحك من الغلب والله من حق كل مكتئب مزاجه فاسد انه يضحك 😅😎
نوبات هلع مستمره انفلات حاد بالعصبيه بكاء لمده طويله صداع طيله هذه الايام وانا اعاني من هذه الموجات ,1,0,0,نوبات هلع مستمره انفلات حاد بالعصبيه بكاء لمده طويله صداع طيله الايام وانا اعاني الموجات,نوبات هلع مستمره انفلات حاد بالعصبيه بكاء لمده طويله صداع طيله هذه الايام وانا اعاني من هذه الموجات
الواحد داخل في مود اكتئاب لوز,1,0,0,الواحد داخل مود اكتئاب لوز,الواحد داخل في مود اكتئاب لوز
انتي فيك فصام وثنائي القطب وانا فيني اكتئاب اذا حابه نتكلم ونتشارك الامنا سوا لان محد بيتفهم غير الي عندهم هالالم,1,1,0,انتي فيك فصام وثنائي القطب وانا فيني اكتئاب اذا حابه نتكلم ونتشارك الامنا سوا لان محد بيتفهم غير الي عندهم هالالم,انتي فيك فصام وثنائي القطب وانا فيني اكتئاب اذا حابه نتكلم ونتشارك الامنا سوا لان محد بيتفهم غير الي عندهم هالالم
الانتحار اسلم حل ,1,0,0,الانتحار اسلم,الانتحار اسلم حل
بقالي شهر بنام ١٥ ساعه كل يوم وانا اطول فتره كنت بنامها ٧ ساعات ان شاء اله انيميا مش اكتئاب ولا حاجة,1,0,0,بقالي شهر بنام ساعه يوم وانا اطول فتره كنت بنامها ساعات شاء اله انيميا اكتئاب ولا حاجه,بقالي شهر بنام <NUM><NUM> ساعه كل يوم وانا اطول فتره كنت بنامها <NUM> ساعات ان شاء اله انيميا مش اكتئاب ولا حاجه
عايشه في بيت مبيحترمش اقفل باب ولا اكتئاب ولا صداع,1,0,0,عايشه بيت مبيحترمش اقفل باب ولا اكتئاب ولا صداع,عايشه في بيت مبيحترمش اقفل باب ولا اكتئاب ولا صداع
فيه قلق نفسي وقالوا له لازم ياخذ ريست و يرتاح كويس لفترة عشان يتعالج💔,1,0,0,فيه قلق نفسي وقالوا لازم ياخذ ريست يرتاح كويس لفتره عشان يتعالج💔,فيه قلق نفسي وقالوا له لازم ياخذ ريست و يرتاح كويس لفتره عشان يتعالج💔
لدرجة انه ممكن اكون ببكي من التعب و الضغط بس بنفس الوقت مبسوطة لانه هاد الضغط انقذني من دوامة مشاعر و اكتئاب ,1,0,0,لدرجه انه ممكن اكون ببكي التعب الضغط بنفس الوقت مبسوطه لانه هاد الضغط انقذني دوامه مشاعر اكتئاب,لدرجه انه ممكن اكون ببكي من التعب و الضغط بس بنفس الوقت مبسوطه لانه هاد الضغط انقذني من دوامه مشاعر و اكتئاب
😂عشان فيني اكتئاب😂,1,0,0,😂عشان فيني اكتئاب😂,😂عشان فيني اكتئاب😂
مافي أحد مب تعبان وماعندو أكتئاب كلنا تعبانين,1,0,0,مافي احد تعبان وماعندو اكتئاب كلنا تعبانين,مافي احد مب تعبان وماعندو اكتئاب كلنا تعبانين
لما اقولهم في البيت اني مكتئب,1,0,0,لما اقولهم البيت اني مكتئب,لما اقولهم في البيت اني مكتئب
ياس 🥰,1,0,0,ياس,ياس 🥰
احس الي صار يجيني نوبات هلع من قوة الكبت واكتم بنفسي ما افضفض,1,1,0,احس الي صار يجيني نوبات هلع قوه الكبت واكتم بنفسي افضفض,احس الي صار يجيني نوبات هلع من قوه الكبت واكتم بنفسي ما افضفض
احتاج ابكي كثير و باعلى صوت,1,0,0,احتاج ابكي كثير باعلي صوت,احتاج ابكي كثير و باعلي صوت
بالمجتمع هذا حتى اكتئاب ماتقدر تكتئب على راحتك,1,0,0,بالمجتمع حتي اكتئاب ماتقدر تكتئب علي راحتك,بالمجتمع هذا حتي اكتئاب ماتقدر تكتئب علي راحتك
بالمُجتمع ده حتى اكتئاب ماتقدر تكتئب على راحتك,1,0,0,بالمجتمع حتي اكتئاب ماتقدر تكتئب علي راحتك,بالمجتمع ده حتي اكتئاب ماتقدر تكتئب علي راحتك
بقالى فترة كبيرة معنديش شغف مبقاش فيه حاجة ممكن تبهرنى مش كآبة ولا عزلة على قد ما هو تصالح منى تجاه الى شايفه,1,1,0,بقالي فتره كبيره معنديش شغف مبقاش فيه حاجه ممكن تبهرني كابه ولا عزله علي تصالح مني تجاه الي شايفه,بقالي فتره كبيره معنديش شغف مبقاش فيه حاجه ممكن تبهرني مش كابه ولا عزله علي قد ما هو تصالح مني تجاه الي شايفه
اكتئاب من كثر الشوق😔,1,0,0,اكتئاب كثر الشوق😔,اكتئاب من كثر الشوق😔
 يوجد هنا قلب منهك مشتت مبعثر ضائع ثم تائه يصاحبه أرق تفكير زائد حيرة أصوات خافتة صمت مرعب ومخيف,1,0,0,يوجد قلب منهك مشتت مبعثر ضائع تائه يصاحبه ارق تفكير زائد حيره اصوات خافته صمت مرعب ومخيف,يوجد هنا قلب منهك مشتت مبعثر ضائع ثم تائه يصاحبه ارق تفكير زائد حيره اصوات خافته صمت مرعب ومخيف
واله الواحد م عاد يدري هو اكتئاب ولا انطفاء ولا نضج ولا انعدام الشغف ولا تخلف ولا حاله نفسيه ولا هذي شخصيته الطبيعيه,1,0,0,واله الواحد عاد يدري اكتئاب ولا انطفاء ولا نضج ولا انعدام الشغف ولا تخلف ولا حاله نفسيه ولا هذي شخصيته الطبيعيه,واله الواحد م عاد يدري هو اكتئاب ولا انطفاء ولا نضج ولا انعدام الشغف ولا تخلف ولا حاله نفسيه ولا هذي شخصيته الطبيعيه
مىيت قلق,1,0,0,مييت قلق,مييت قلق
اكتئاب ما تصوره,1,1,0,اكتئاب تصوره,اكتئاب ما تصوره
عادت الضيقة على قلبي الحزين,1,0,0,عادت الضيقه علي قلبي الحزين,عادت الضيقه علي قلبي الحزين
والله كآبه,1,0,0,والله كابه,والله كابه
"عنيف اوي اكتئاب ال2 دا _x000D_
اطفال العيله بيراضو فيها 😂",1,0,0,عنيف اوي اكتئاب اطفال العيله بيراضو فيها,عنيف اوي اكتئاب ال<NUM> دا _x<NUM>D_اطفال العيله بيراضو فيها 😂
شكلها بداية اكتئاب 🤡,1,0,0,شكلها بدايه اكتئاب,شكلها بدايه اكتئاب 🤡
"🚩من الخاص_x000D_
من هو افضل طبيب نفسي مختص بعلاج الفصام والذهان",1,0,0,🚩من الخاص افضل طبيب نفسي مختص بعلاج الفصام والذهان,🚩من الخاص_x<NUM>D_من هو افضل طبيب نفسي مختص بعلاج الفصام والذهان
ياربي يا كآبة الصيف من الحين طاقه فيني,1,0,0,ياربي كابه الصيف الحين طاقه فيني,ياربي يا كابه الصيف من الحين طاقه فيني
يكون كئيب ولا يضحك وبنسبه له حزن,1,0,0,كئيب ولا يضحك وبنسبه حزن,يكون كئيب ولا يضحك وبنسبه له حزن
الاكتئاب لعب فينا🤦🏽‍♂️,1,0,0,الاكتئاب لعب فينا🤦🏽‍♂️,الاكتئاب لعب فينا🤦🏽♂️
حتى وانا مبسوطه تجيني نوبة هلع,1,0,0,حتي وانا مبسوطه تجيني نوبه هلع,حتي وانا مبسوطه تجيني نوبه هلع
هاذي اعراض اكتئاب لاتهملين نفسك,1,0,0,هاذي اعراض اكتئاب لاتهملين نفسك,هاذي اعراض اكتئاب لاتهملين نفسك
الحمدله مو موجود ولا جاني اكتئاب,1,0,0,الحمدله موجود ولا جاني اكتئاب,الحمدله مو موجود ولا جاني اكتئاب
"ماذا حصدت من التعليم عن بعد_x000D_
معلومات0_x000D_
استفادة0_x000D_
خبرات0_x000D_
صداع10_x000D_
أرق10_x000D_
اكتئاب10",1,0,0,ماذا حصدت التعليم معلومات استفاده خبرات صداع ارق اكتئاب,ماذا حصدت من التعليم عن بعد_x<NUM>D_معلومات<NUM>_x<NUM>D_استفاده<NUM>_x<NUM>D_خبرات<NUM>_x<NUM>D_صداع<NUM>_x<NUM>D_ارق<NUM>_x<NUM>D_اكتئاب<NUM>
كنت أحاول الأنتحار بشتئ الطرق نعم أنا حقا فاشل عجزت عن المواجهة فتعبت حقا من هذا العالم والواقع المشمئز لنفسيتي ,1,0,0,كنت احاول الانتحار بشتئ الطرق نعم انا حقا فاشل عجزت المواجهه فتعبت حقا العالم والواقع المشمئز لنفسيتي,كنت احاول الانتحار بشتئ الطرق نعم انا حقا فاشل عجزت عن المواجهه فتعبت حقا من هذا العالم والواقع المشمئز لنفسيتي
ودي أختفي حتى عن نفسي,1,0,0,ودي اختفي حتي نفسي,ودي اختفي حتي عن نفسي
حاجة بقت اخر كآبة والله يا اخى,1,0,0,حاجه بقت اخر كابه والله اخي,حاجه بقت اخر كابه والله يا اخي
يسطى كفايه جالي اكتئاب واله,1,0,0,يسطي كفايه جالي اكتئاب واله,يسطي كفايه جالي اكتئاب واله
يمه انا اذا اصحى 12 ساعه يصير عندي اكتئاب 🌚,1,0,0,يمه انا اذا اصحي ساعه يصير عندي اكتئاب,يمه انا اذا اصحي <NUM> ساعه يصير عندي اكتئاب 🌚
خلصت اختبارات ولحين مكتئب المشكله مو من الاختبارات المشكله فيني,1,0,0,خلصت اختبارات ولحين مكتئب المشكله الاختبارات المشكله فيني,خلصت اختبارات ولحين مكتئب المشكله مو من الاختبارات المشكله فيني
😂 والله كأبه,1,0,0,والله كابه,😂 والله كابه
اكتئاب مابعد الولادة جاني بأخر ولادة لي وكانت أسوأ ٤٠ يوم عشتها في حياتي 💔جحيم ومهما قاومت ما في فايدة,1,1,0,اكتئاب مابعد الولاده جاني باخر ولاده وكانت اسوا يوم عشتها حياتي 💔جحيم ومهما قاومت فايده,اكتئاب مابعد الولاده جاني باخر ولاده لي وكانت اسوا <NUM><NUM> يوم عشتها في حياتي 💔جحيم ومهما قاومت ما في فايده
تعبت وانا ابكي و افكر,1,0,0,تعبت وانا ابكي افكر,تعبت وانا ابكي و افكر
"يعني دا مش اكتئاب من الكورونا🤔_x000D_
تؤتؤ _x000D_
دي دموع فرحه 🙂😂",1,0,0,يعني اكتئاب الكورونا🤔 تؤتؤ دموع فرحه,يعني دا مش اكتئاب من الكورونا🤔_x<NUM>D_تؤتؤ _x<NUM>D_دي دموع فرحه 🙂😂
احس في ناس بس اجوف ويهم ايني اكتئاب,1,0,0,احس ناس اجوف ويهم ايني اكتئاب,احس في ناس بس اجوف ويهم ايني اكتئاب
جواتنا شغلات كتير مكتومة لا قادرين نساها ولا قادرين نحكيها لحدا بس هي بتحكي عن حالها بهيئة زهق عصبية اكتئاب من غير سب 💔,1,1,0,جواتنا شغلات كتير مكتومه قادرين نساها ولا قادرين نحكيها لحدا بتحكي حالها بهيئه زهق عصبيه اكتئاب غير,جواتنا شغلات كتير مكتومه لا قادرين نساها ولا قادرين نحكيها لحدا بس هي بتحكي عن حالها بهيئه زهق عصبيه اكتئاب من غير سب 💔
يمه شكل جاني رهاب اجتماعي مبالغ مدري شفيني اتوتر مره اذا كانو كثار,1,0,0,يمه شكل جاني رهاب اجتماعي مبالغ مدري شفيني اتوتر مره اذا كانو كثار,يمه شكل جاني رهاب اجتماعي مبالغ مدري شفيني اتوتر مره اذا كانو كثار
ربي لقد بذلت مابوسعي لئلّا انطفئ خذ بيدي إلى نجمٍ بعيد واغمرني بضوءٍ لا يخفت وهجه ولا ينكمش يعزّ عليّ هذا التعب,1,1,0,ربي لقد بذلت مابوسعي لئلا انطفئ بيدي الي نجم بعيد واغمرني بضوء يخفت وهجه ولا ينكمش يعز علي التعب,ربي لقد بذلت مابوسعي لئلا انطفئ خذ بيدي الي نجم بعيد واغمرني بضوء لا يخفت وهجه ولا ينكمش يعز علي هذا التعب
في هذه الساعات الثقيلة الخمول من عمق روحي إلى ذهني حزن مرهق لكل كائن تزداد المعاناة التي تغلغل في كل شيء,1,0,0,الساعات الثقيله الخمول عمق روحي الي ذهني حزن مرهق لكل كائن تزداد المعاناه التي تغلغل شيء,في هذه الساعات الثقيله الخمول من عمق روحي الي ذهني حزن مرهق لكل كائن تزداد المعاناه التي تغلغل في كل شيء
أبكي من الفراق وهو مابعد جه,1,0,0,ابكي الفراق وهو مابعد,ابكي من الفراق وهو مابعد جه
اكتئاب ☹️,1,0,0,اكتئاب,اكتئاب ☹️
وإياك أن تنخدع بمظهري وثباتي هذا أتعلم ياصديقي ولا أُخفي عليك إن الحزن يأكل قلبي طوال الوقت الخوف يبتلعني,1,0,0,واياك تنخدع بمظهري وثباتي اتعلم ياصديقي ولا اخفي عليك الحزن ياكل قلبي طوال الوقت الخوف يبتلعني,واياك ان تنخدع بمظهري وثباتي هذا اتعلم ياصديقي ولا اخفي عليك ان الحزن ياكل قلبي طوال الوقت الخوف يبتلعني
ودي ابكي لين تطلع كل الطاقه السلبيه,1,0,0,ودي ابكي لين تطلع الطاقه السلبيه,ودي ابكي لين تطلع كل الطاقه السلبيه
"الهِدوء ليس عُزلة _x000D_
العُزلة ليست كآبة _x000D_
و الإهتمام ليس فضول _x000D_
و الوحدة مع النفس ليست إنطوائية كل شخص له نكَهة",1,1,0,الهدوء ليس عزله العزله ليست كابه الاهتمام ليس فضول الوحده النفس ليست انطوائيه شخص نكهه,الهدوء ليس عزله _x<NUM>D_العزله ليست كابه _x<NUM>D_و الاهتمام ليس فضول _x<NUM>D_و الوحده مع النفس ليست انطوائيه كل شخص له نكهه
تدرون قبل سنه كامله بالضبط كان عندي اكتئاب حاد وما كان عندي اصحاب,1,0,0,تدرون سنه كامله بالضبط عندي اكتئاب حاد وما عندي اصحاب,تدرون قبل سنه كامله بالضبط كان عندي اكتئاب حاد وما كان عندي اصحاب
يع ماتوقعت تجي ايام ابكي فيها يع,1,0,0,ماتوقعت تجي ايام ابكي فيها,يع ماتوقعت تجي ايام ابكي فيها يع
عملت الاكونت دا من سنه و دخلت موجه اكتئاب بسب واحد محصلش بينا نصيب و اكتئبت و لما مبقناش بنتكلم قلبت يومي و ابتديت,1,0,0,عملت الاكونت سنه دخلت موجه اكتئاب بسب واحد محصلش بينا نصيب اكتئبت لما مبقناش بنتكلم قلبت يومي ابتديت,عملت الاكونت دا من سنه و دخلت موجه اكتئاب بسب واحد محصلش بينا نصيب و اكتئبت و لما مبقناش بنتكلم قلبت يومي و ابتديت
والله قلق,1,0,0,والله قلق,والله قلق
اوف انا مش بس بنتحر بحق رقم قياسي ف الانتحار بنتحر ب اقل من دقيقه🏃🏼‍♀️,1,0,0,اوف انا بنتحر بحق رقم قياسي الانتحار بنتحر اقل دقيقه🏃🏼‍♀️,اوف انا مش بس بنتحر بحق رقم قياسي ف الانتحار بنتحر ب اقل من دقيقه🏃🏼♀️
هل تعلم لماذا نحن نشعر بالضيق والحزن أحيانا دون اي سب هناك هرمون في الجسم يفرز خلايا على القلب عندمانلهى عن ذكر,1,0,0,تعلم لماذا نشعر بالضيق والحزن احيانا دون هرمون الجسم يفرز خلايا علي القلب عندمانلهي ذكر,هل تعلم لماذا نحن نشعر بالضيق والحزن احيانا دون اي سب هناك هرمون في الجسم يفرز خلايا علي القلب عندمانلهي عن ذكر
فسيتي مو اوكيه لسى عندي اكتئاب من اللي صارلي بالتحصيلي,1,0,0,فسيتي اوكيه لسي عندي اكتئاب اللي صارلي بالتحصيلي,فسيتي مو اوكيه لسي عندي اكتئاب من اللي صارلي بالتحصيلي
احس احتاج لطبيب نفسي اعاني من خنقة وبكاء مستمر,1,0,0,احس احتاج لطبيب نفسي اعاني خنقه وبكاء مستمر,احس احتاج لطبيب نفسي اعاني من خنقه وبكاء مستمر
الناس كلها الفتره دي بتعافر علشان متدخلش في مرحلة اكتئاب الكل مرهق وعلي اخره وكل واحد فيه الي مكفيه فتره,1,0,0,الناس كلها الفتره بتعافر علشان متدخلش مرحله اكتئاب الكل مرهق وعلي اخره وكل واحد فيه الي مكفيه فتره,الناس كلها الفتره دي بتعافر علشان متدخلش في مرحله اكتئاب الكل مرهق وعلي اخره وكل واحد فيه الي مكفيه فتره
مكتئب مستأء متعب جداً🚶🏻‍♂,1,0,0,مكتئب مستاء متعب جدا🚶🏻‍♂,مكتئب مستاء متعب جدا🚶🏻♂
رحت اشوف محادثتنا القديمه وجاني اكتئاب ليتني ما شفتها,1,1,0,رحت اشوف محادثتنا القديمه وجاني اكتئاب ليتني شفتها,رحت اشوف محادثتنا القديمه وجاني اكتئاب ليتني ما شفتها
عايز انام ما صحاش تاني,1,1,0,عايز انام صحاش تاني,عايز انام ما صحاش تاني
الله يالدنيا يا انا صرت ابكي من محادثه وش صاير,1,0,0,الله يالدنيا انا صرت ابكي محادثه صاير,الله يالدنيا يا انا صرت ابكي من محادثه وش صاير
اكيد عنده اكتئاب من الحزن علي اهله,1,0,0,اكيد عنده اكتئاب الحزن علي اهله,اكيد عنده اكتئاب من الحزن علي اهله
فكره الانتحار تدور براسي,1,0,0,فكره الانتحار تدور براسي,فكره الانتحار تدور براسي
أقسم باله وبمن أحل القسم انا بهم وكربه وضيق والله يعلم بحالنا الناس فرحانه بلعيد واحنا من الخوف والقلق الخ,1,0,0,اقسم باله وبمن احل القسم انا بهم وكربه وضيق والله يعلم بحالنا الناس فرحانه بلعيد واحنا الخوف والقلق الخ,اقسم باله وبمن احل القسم انا بهم وكربه وضيق والله يعلم بحالنا الناس فرحانه بلعيد واحنا من الخوف والقلق الخ
متعشمش بحاجه اوي خليك دايما وسط عشان لو محصلتش متزعلش ويجيلك اكتئاب,1,0,0,متعشمش بحاجه اوي خليك دايما وسط عشان محصلتش متزعلش ويجيلك اكتئاب,متعشمش بحاجه اوي خليك دايما وسط عشان لو محصلتش متزعلش ويجيلك اكتئاب
شعور بداخلي يعدم رغبه الحياه مابين اني بخير ومابين اني ميته لا اعلم من انا وماذا اريد  وهل هذا شي حقيقي ومتى ينتهي,1,1,0,شعور بداخلي يعدم رغبه الحياه مابين اني بخير ومابين اني ميته اعلم انا وماذا اريد وهل حقيقي ومتي ينتهي,شعور بداخلي يعدم رغبه الحياه مابين اني بخير ومابين اني ميته لا اعلم من انا وماذا اريد وهل هذا شي حقيقي ومتي ينتهي
"في كل يوم يصير العالم في عيني أكثر كآبة ألوانه تلطخ بألوان قاتمة بلا روح الحياة هنا لوحة رديئة الأدوات والجودة والخامات_x000D_
سيدعبدالحميد",1,0,0,يوم يصير العالم عيني اكثر كابه الوانه تلطخ بالوان قاتمه بلا روح الحياه لوحه رديئه الادوات والجوده والخامات سيدعبدالحميد,في كل يوم يصير العالم في عيني اكثر كابه الوانه تلطخ بالوان قاتمه بلا روح الحياه هنا لوحه رديئه الادوات والجوده والخامات_x<NUM>D_سيدعبدالحميد
زعلان ع حالي أكتر ما زعلان على غيري,1,1,0,زعلان حالي اكتر زعلان علي غيري,زعلان ع حالي اكتر ما زعلان علي غيري
واحس ابي ابكي,1,0,0,واحس ابي ابكي,واحس ابي ابكي
"كنت مفكرة اذا صرت اسهر لفجر رح يروح اكتئاب بعد الساعة ١٢ _x000D_
طلع في اكتئاب بعد الفجر😔",1,0,0,كنت مفكره اذا صرت اسهر لفجر يروح اكتئاب الساعه طلع اكتئاب الفجر😔,كنت مفكره اذا صرت اسهر لفجر رح يروح اكتئاب بعد الساعه <NUM><NUM> _x<NUM>D_طلع في اكتئاب بعد الفجر😔
لاسف داخلين في موجة قلق تانيه علي نادية ☻😭,1,0,0,لاسف داخلين موجه قلق تانيه علي ناديه,لاسف داخلين في موجه قلق تانيه علي ناديه ☻😭
امر بفتره فيها كميه ضغوطات وفيها كميه اكتئاب وطاقه سلبيه اله وحده الي عارف كيف بتنتهي وانا بكامل قوتي العصبيه والنفسيه,1,0,0,امر بفتره فيها كميه ضغوطات وفيها كميه اكتئاب وطاقه سلبيه اله وحده الي عارف بتنتهي وانا بكامل قوتي العصبيه والنفسيه,امر بفتره فيها كميه ضغوطات وفيها كميه اكتئاب وطاقه سلبيه اله وحده الي عارف كيف بتنتهي وانا بكامل قوتي العصبيه والنفسيه
يارب قد أبكي سراً وتعالى ضحكاتي جهراً,1,0,0,يارب ابكي سرا وتعالي ضحكاتي جهرا,يارب قد ابكي سرا وتعالي ضحكاتي جهرا
كآبة بس بجد,1,0,0,كابه بجد,كابه بس بجد
موضوع يجيني اكتئاب وانا افكر بجين متى يصبغ احمر ذا اسوء تضارب شفته بحياتي,1,0,0,موضوع يجيني اكتئاب وانا افكر بجين متي يصبغ احمر اسوء تضارب شفته بحياتي,موضوع يجيني اكتئاب وانا افكر بجين متي يصبغ احمر ذا اسوء تضارب شفته بحياتي
وبعدها ابدأوا قارنوا بين العلامات والحالة ممكن تكون بداية اكتئاب وممكن منتصف اكتئاب وممكن اكتئاب فعلاً او مكن حزن فقط او فقدان شغف حماس,1,0,0,وبعدها ابداوا قارنوا العلامات والحاله ممكن تكون بدايه اكتئاب وممكن منتصف اكتئاب وممكن اكتئاب فعلا مكن حزن فقط فقدان شغف حماس,وبعدها ابداوا قارنوا بين العلامات والحاله ممكن تكون بدايه اكتئاب وممكن منتصف اكتئاب وممكن اكتئاب فعلا او مكن حزن فقط او فقدان شغف حماس
يا جماعة انا عندي نوبات قلق مصطحباها وجع في القفص الصدري و عدم نوم فظيع .... دا الديلاين و لا الشغل الكتير الما عندي ليه زمن,1,1,0,جماعه انا عندي نوبات قلق مصطحباها وجع القفص الصدري عدم نوم فظيع الديلاين الشغل الكتير الما عندي ليه زمن,يا جماعه انا عندي نوبات قلق مصطحباها وجع في القفص الصدري و عدم نوم فظيع .... دا الديلاين و لا الشغل الكتير الما عندي ليه زمن
في موجة اكتئاب داخلة عليا ان شاء اله أن شاء اله هتبقي دي الي هتموتني بقي,1,0,0,موجه اكتئاب داخله عليا شاء اله شاء اله هتبقي الي هتموتني بقي,في موجه اكتئاب داخله عليا ان شاء اله ان شاء اله هتبقي دي الي هتموتني بقي
ما كانت النيه اكتم ولا ابكي و بلحظه ضعف بكيت,1,1,0,النيه اكتم ولا ابكي بلحظه ضعف بكيت,ما كانت النيه اكتم ولا ابكي و بلحظه ضعف بكيت
ببكي الان,1,0,0,ببكي الان,ببكي الان
والله شايفيتلك الناس كلها صاير عندها اكتئاب لازم يفكو الحظر بكفي,1,0,0,والله شايفيتلك الناس كلها صاير عندها اكتئاب لازم يفكو الحظر بكفي,والله شايفيتلك الناس كلها صاير عندها اكتئاب لازم يفكو الحظر بكفي
أنا مكتئب بس جالس أسوي نفسّي طبيعي,1,0,0,انا مكتئب جالس اسوي نفسي طبيعي,انا مكتئب بس جالس اسوي نفسي طبيعي
حاله الاكتئاب الي انا فيها مو طبيعيه,1,0,0,حاله الاكتئاب الي انا فيها طبيعيه,حاله الاكتئاب الي انا فيها مو طبيعيه
عندكو شامبو — لا عندنا اكتئاب😒🚶🏻‍♀️,1,1,0,عندكو شامبو عندنا اكتئاب😒🚶🏻‍♀️,عندكو شامبو - لا عندنا اكتئاب😒🚶🏻♀️
ضاقتُ بِي الحياةً ولا ادرِي الى ايِنُ اذهُب اضلمت طرقاتِي  واضللت طريق العوده، واغلقتُ الأبواب في نهايهً طريقِي.,1,0,0,ضاقت الحياه ولا ادري الي اين اذهب اضلمت طرقاتي واضللت طريق العوده، واغلقت الابواب نهايه طريقي,ضاقت بي الحياه ولا ادري الي اين اذهب اضلمت طرقاتي واضللت طريق العوده، واغلقت الابواب في نهايه طريقي.
واله اكتئاب الولاده ماله دخل هذا اكتئاب العيشه الي عايشتها,1,0,0,واله اكتئاب الولاده ماله دخل اكتئاب العيشه الي عايشتها,واله اكتئاب الولاده ماله دخل هذا اكتئاب العيشه الي عايشتها
"عندك اكتئاب _x000D_
طيب جربت تصلي على النبي أسبوع كامل وتشوف هيحصلك ايه بعدها",1,0,0,عندك اكتئاب طيب جربت تصلي علي النبي اسبوع كامل وتشوف هيحصلك ايه بعدها,عندك اكتئاب _x<NUM>D_طيب جربت تصلي علي النبي اسبوع كامل وتشوف هيحصلك ايه بعدها
نفسك والله هو ملل هو كأبه شي غريب,1,0,0,نفسك والله ملل كابه غريب,نفسك والله هو ملل هو كابه شي غريب
ها أنا أخيراً أغمض عيني لأصحو على أطلال الذكريات المسكونة بالألم الغارقة بالوجع والدموع والانهيار وحنانك المدمر ,1,0,0,انا اخيرا اغمض عيني لاصحو علي اطلال الذكريات المسكونه بالالم الغارقه بالوجع والدموع والانهيار وحنانك المدمر,ها انا اخيرا اغمض عيني لاصحو علي اطلال الذكريات المسكونه بالالم الغارقه بالوجع والدموع والانهيار وحنانك المدمر
"لا نحتاج النسيان لنتخطى كل هذه الهزائم نحتاج فقط أن نستعيد اليقين أن يتلاشى أثر ما أفزعنا حينما كنا بمأمن_x000D_
_x000D_
حزن",1,1,0,نحتاج النسيان لنتخطي الهزائم نحتاج فقط نستعيد اليقين يتلاشي اثر افزعنا حينما كنا بمامن حزن,لا نحتاج النسيان لنتخطي كل هذه الهزائم نحتاج فقط ان نستعيد اليقين ان يتلاشي اثر ما افزعنا حينما كنا بمامن_x<NUM>D__x<NUM>D_حزن
تكفون ما ابغى اطلع اواجه الناس انا الحين فيني الرهاب الاجتماعي,1,1,0,تكفون ابغي اطلع اواجه الناس انا الحين فيني الرهاب الاجتماعي,تكفون ما ابغي اطلع اواجه الناس انا الحين فيني الرهاب الاجتماعي
حزن 😢,1,0,0,حزن,حزن 😢
معنديش اي طاقه لاي حاجه,1,0,0,معنديش طاقه لاي حاجه,معنديش اي طاقه لاي حاجه
يمر علينا بعض الليالي الطويلة المحملة بالألم فتشغلنا كثيرا وتنسينا ليالي جميلة فيها سعادة وأمل,1,0,0,يمر علينا بعض الليالي الطويله المحمله بالالم فتشغلنا كثيرا وتنسينا ليالي جميله فيها سعاده وامل,يمر علينا بعض الليالي الطويله المحمله بالالم فتشغلنا كثيرا وتنسينا ليالي جميله فيها سعاده وامل
هو ملل بس تحسه ع شكل إكتئاب كدا,1,0,0,ملل تحسه شكل اكتئاب كدا,هو ملل بس تحسه ع شكل اكتئاب كدا
حزن الدنيا كله بقلبي من بعد موت ابوي 💔,1,0,0,حزن الدنيا كله بقلبي موت ابوي,حزن الدنيا كله بقلبي من بعد موت ابوي 💔
و الفراغ يسلبني عقلي ,1,0,0,الفراغ يسلبني عقلي,و الفراغ يسلبني عقلي
تأثير كآبة المنظر 😂,1,0,0,تاثير كابه المنظر,تاثير كابه المنظر 😂
"منزعج من تبرير نفسي ل غيري_x000D_
كل شي ابيه يروح منّي وانا ابيه _x000D_
_x000D_
 انقذوني من كآبة سريري _x000D_
الي يروح اليوم كلّه وانا فيه",1,0,0,منزعج تبرير نفسي غيري ابيه يروح مني وانا ابيه انقذوني كابه سريري الي يروح اليوم كله وانا فيه,منزعج من تبرير نفسي ل غيري_x<NUM>D_كل شي ابيه يروح مني وانا ابيه _x<NUM>D__x<NUM>D_ انقذوني من كابه سريري _x<NUM>D_الي يروح اليوم كله وانا فيه
كآبة و نكد,1,0,0,كابه نكد,كابه و نكد
يا رب اقدر ابكي البكية الوقفة لي في حلقي دي,1,0,0,اقدر ابكي البكيه الوقفه حلقي,يا رب اقدر ابكي البكيه الوقفه لي في حلقي دي
فيني الصيحة مره انتظر احد يقولي ا عشاني ابكي,1,0,0,فيني الصيحه مره انتظر احد يقولي عشاني ابكي,فيني الصيحه مره انتظر احد يقولي ا عشاني ابكي
مكتئب 😢,1,0,0,مكتئب,مكتئب 😢
تعدى وقت نومك ويخرب وصداع ومايجيك نوم اكتئاب,1,0,0,تعدي وقت نومك ويخرب وصداع ومايجيك نوم اكتئاب,تعدي وقت نومك ويخرب وصداع ومايجيك نوم اكتئاب
مبنامش مبذاكرش الغباء عندي عالي مكتئب بموت جوايا وببكي ع حالي ✅,1,0,0,مبنامش مبذاكرش الغباء عندي عالي مكتئب بموت جوايا وببكي حالي,مبنامش مبذاكرش الغباء عندي عالي مكتئب بموت جوايا وببكي ع حالي ✅
اعتقد انه اكتئاب,1,0,0,اعتقد انه اكتئاب,اعتقد انه اكتئاب
قلق لاخر لحظة,1,0,0,قلق لاخر لحظه,قلق لاخر لحظه
اكتئاب زياده اجل,1,0,0,اكتئاب زياده اجل,اكتئاب زياده اجل
الفتره دي صاير يجيني شعور اني بموت كثير و في كل مره انهار بكي و بديت اختف الصراحه — راجعي طبيب نفسي ضروري يمكن هلع,1,0,0,الفتره صاير يجيني شعور اني بموت كثير مره انهار بكي بديت اختف الصراحه راجعي طبيب نفسي ضروري يمكن هلع,الفتره دي صاير يجيني شعور اني بموت كثير و في كل مره انهار بكي و بديت اختف الصراحه - راجعي طبيب نفسي ضروري يمكن هلع
كل حزن الدنيا في قلبي وانا ما اقدر اكون مع الي احبهم في وقت زعلهم,1,1,0,حزن الدنيا قلبي وانا اقدر اكون الي احبهم وقت زعلهم,كل حزن الدنيا في قلبي وانا ما اقدر اكون مع الي احبهم في وقت زعلهم
قد يبدو الانتحار طريقة منطقيه لجميع الأمور فتنتهي وانتهي,1,0,0,يبدو الانتحار طريقه منطقيه لجميع الامور فتنتهي وانتهي,قد يبدو الانتحار طريقه منطقيه لجميع الامور فتنتهي وانتهي
اكتئاب انتهاء الاجازة 🚶🏻‍♂️,1,0,0,اكتئاب انتهاء الاجازه 🚶🏻‍♂️,اكتئاب انتهاء الاجازه 🚶🏻♂️
انا امر في حالة اكتئاب لايفهمها الا اله فا ي اله اني متعب جداً💔,1,0,0,انا امر حاله اكتئاب لايفهمها الا اله اله اني متعب جدا💔,انا امر في حاله اكتئاب لايفهمها الا اله فا ي اله اني متعب جدا💔
ياله كيف ادخل تويتر وتجيني كأبه وضيقه ليش السلبيه ذي ويع تجيبون الهموم زياده,1,0,0,ياله ادخل تويتر وتجيني كابه وضيقه ليش السلبيه ويع تجيبون الهموم زياده,ياله كيف ادخل تويتر وتجيني كابه وضيقه ليش السلبيه ذي ويع تجيبون الهموم زياده
ابكي على حال بلادي وتعز علي أحزانها يا عناية الله المشددة التفي حول وطني بسم اله على فلسطين حتى يطمئن فؤادها ⁦🇵🇸🥺 •❥,1,0,0,ابكي علي حال بلادي وتعز علي احزانها عنايه الله المشدده التفي حول وطني بسم اله علي فلسطين حتي يطمئن فؤادها ⁦🇵🇸🥺,ابكي علي حال بلادي وتعز علي احزانها يا عنايه الله المشدده التفي حول وطني بسم اله علي فلسطين حتي يطمئن فؤادها 🇵🇸🥺 •❥
ابكي 😩💔,1,0,0,ابكي,ابكي 😩💔
الهُم إني أعوذ بك من قلق وخوف الإنتظار,1,0,0,الهم اني اعوذ قلق وخوف الانتظار,الهم اني اعوذ بك من قلق وخوف الانتظار
"كنت قاعده اقول لاختي عن المرات الي دخلت فيها ب اكتئاب وانا صغيره وانهرت احس _x000D_
_x000D_
المهم عقمو عين",1,0,0,كنت قاعده اقول لاختي المرات الي دخلت فيها اكتئاب وانا صغيره وانهرت احس المهم عقمو عين,كنت قاعده اقول لاختي عن المرات الي دخلت فيها ب اكتئاب وانا صغيره وانهرت احس _x<NUM>D__x<NUM>D_المهم عقمو عين
فعلا ضيقة واكتئاب وضغوطات وهوشات وحاليا ابكي واسكت 💔 تعبت من كثر ماكبت الغضب والزعل تعبت,1,0,0,فعلا ضيقه واكتئاب وضغوطات وهوشات وحاليا ابكي واسكت تعبت كثر ماكبت الغضب والزعل تعبت,فعلا ضيقه واكتئاب وضغوطات وهوشات وحاليا ابكي واسكت 💔 تعبت من كثر ماكبت الغضب والزعل تعبت
ياله لما الحين ملازمني اكتئاب الخريجة😔🎓,1,0,0,ياله لما الحين ملازمني اكتئاب الخريجه😔🎓,ياله لما الحين ملازمني اكتئاب الخريجه😔🎓
واله الواحد ما بيعرف هو اكتئاب ولا انطفاء ولا نضج ولا انعدام شغف ولا حالة نفسية,1,1,0,واله الواحد بيعرف اكتئاب ولا انطفاء ولا نضج ولا انعدام شغف ولا حاله نفسيه,واله الواحد ما بيعرف هو اكتئاب ولا انطفاء ولا نضج ولا انعدام شغف ولا حاله نفسيه
قبل شهرين ختمت مسلسل وجاني اكتئاب وضيقه مو طبيعيه والى الآن احس أني مكتئبه💔,1,0,0,شهرين ختمت مسلسل وجاني اكتئاب وضيقه طبيعيه والي الان احس اني مكتئبه💔,قبل شهرين ختمت مسلسل وجاني اكتئاب وضيقه مو طبيعيه والي الان احس اني مكتئبه💔
كيف راح اقضي هالنهار الكئيب مره مو عاجبني نظام نومي بس مضطره مع انه زاد الاكتئاب عليّ,1,0,0,راح اقضي هالنهار الكئيب مره عاجبني نظام نومي مضطره انه زاد الاكتئاب علي,كيف راح اقضي هالنهار الكئيب مره مو عاجبني نظام نومي بس مضطره مع انه زاد الاكتئاب علي
دخلتيني ف اكتئاب يشيخه حسبي اله ونعم الوكيل,1,0,0,دخلتيني اكتئاب يشيخه حسبي اله ونعم الوكيل,دخلتيني ف اكتئاب يشيخه حسبي اله ونعم الوكيل
الوحدة رصاصة بلاصوت تكون مناجاة لروح وإستفراد بالذات أحياناً وقاتلة مُميتة غالباً ,1,0,0,الوحده رصاصه بلاصوت تكون مناجاه لروح واستفراد بالذات احيانا وقاتله مميته غالبا,الوحده رصاصه بلاصوت تكون مناجاه لروح واستفراد بالذات احيانا وقاتله مميته غالبا
عُزلة طويلة,1,0,0,عزله طويله,عزله طويله
يارب يارب 😩💜 والله جالسه اعاني نفسياً هاليومين وبس ابكي 🥺,1,0,0,يارب يارب والله جالسه اعاني نفسيا هاليومين وبس ابكي,يارب يارب 😩💜 والله جالسه اعاني نفسيا هاليومين وبس ابكي 🥺
فضفضة ثم مشاكل ثم انتحار,1,0,0,فضفضه مشاكل انتحار,فضفضه ثم مشاكل ثم انتحار
ترا في شي اسمه اكتئاب رمضاني,1,0,0,ترا اسمه اكتئاب رمضاني,ترا في شي اسمه اكتئاب رمضاني
"بكيتُ وهل بكاءُ القلبِ يجدي _x000D_
فِراق أحبّتي وحنينُ وجدي _x000D_
فما معنى الحياةَ إذا افترقنا _x000D_
وهل يُجدي النحيب فلستُ أدري",1,0,0,بكيت وهل بكاء القلب يجدي فراق احبتي وحنين وجدي فما معني الحياه اذا افترقنا وهل يجدي النحيب فلست ادري,بكيت وهل بكاء القلب يجدي _x<NUM>D_فراق احبتي وحنين وجدي _x<NUM>D_فما معني الحياه اذا افترقنا _x<NUM>D_وهل يجدي النحيب فلست ادري
حقيقي انا مرعوبه من تحور الفيرس وانتشاره والفزع الي بدأ يرجع بقوة دا وبجد داخله ف موجة اكتئاب وحزن مش لطاف رب,1,0,0,حقيقي انا مرعوبه تحور الفيرس وانتشاره والفزع الي بدا يرجع بقوه وبجد داخله موجه اكتئاب وحزن لطاف,حقيقي انا مرعوبه من تحور الفيرس وانتشاره والفزع الي بدا يرجع بقوه دا وبجد داخله ف موجه اكتئاب وحزن مش لطاف رب
"الاكتئاب يجعلك تفقد الرغبة في الحياة_x000D_
 وكأنه ينتزعك منها_x000D_
 يجعلك تعيش بقلب ينهشهُ الألم",1,0,0,الاكتئاب يجعلك تفقد الرغبه الحياه وكانه ينتزعك منها يجعلك تعيش بقلب ينهشه الالم,الاكتئاب يجعلك تفقد الرغبه في الحياه_x<NUM>D_ وكانه ينتزعك منها_x<NUM>D_ يجعلك تعيش بقلب ينهشه الالم
المسلسل بقى يجيبلي اكتئاب و مش مقتنعه بالهبل الي بيحصل ده,1,0,0,المسلسل بقي يجيبلي اكتئاب مقتنعه بالهبل الي بيحصل,المسلسل بقي يجيبلي اكتئاب و مش مقتنعه بالهبل الي بيحصل ده
ياساتر جاي لي اكتئاب من التيزر بس🥺💔,1,0,0,ياساتر جاي اكتئاب التيزر بس🥺💔,ياساتر جاي لي اكتئاب من التيزر بس🥺💔
ماشي كلامك كله صح وهو فعلا فكرته مختلفه وحوارته حلوه اوي بس حرام بجد جابلي اكتئاب من كل الناس ال بتموت دي😂,1,0,0,ماشي كلامك كله وهو فعلا فكرته مختلفه وحوارته حلوه اوي حرام بجد جابلي اكتئاب الناس بتموت دي😂,ماشي كلامك كله صح وهو فعلا فكرته مختلفه وحوارته حلوه اوي بس حرام بجد جابلي اكتئاب من كل الناس ال بتموت دي😂
اكتئاب بلا هدف,1,0,0,اكتئاب بلا هدف,اكتئاب بلا هدف
"قلقٌ كأن الريح تحتي_x000D_
_x000D_
المتنبي",1,0,0,قلق الريح تحتي المتنبي,قلق كان الريح تحتي_x<NUM>D__x<NUM>D_المتنبي
قلق والله,1,0,0,قلق والله,قلق والله
كل يوم ابكي عليه,1,0,0,يوم ابكي عليه,كل يوم ابكي عليه
ابكي وربي,1,0,0,ابكي وربي,ابكي وربي
هو الجو كئيب ولا انا الي مكتئب لوحدي,1,0,0,الجو كئيب ولا انا الي مكتئب لوحدي,هو الجو كئيب ولا انا الي مكتئب لوحدي
أنا مش سعيده ولا حزينه أنا تايهه,1,0,0,انا سعيده ولا حزينه انا تايهه,انا مش سعيده ولا حزينه انا تايهه
بداية اكتئاب وأشياء أخرى يارب نجِّنا بس,1,0,0,بدايه اكتئاب واشياء اخري يارب نجنا,بدايه اكتئاب واشياء اخري يارب نجنا بس
الواحد اصبح مكتئب في عالم موازي,1,0,0,الواحد اصبح مكتئب عالم موازي,الواحد اصبح مكتئب في عالم موازي
الي قاعده اعيشه هو اكتئاب ولا انطفاء ولا نضج ولا انعدام شغف ولا تخلف ولا حاله نفسيه ولا هذي شخصيتي,1,0,0,الي قاعده اعيشه اكتئاب ولا انطفاء ولا نضج ولا انعدام شغف ولا تخلف ولا حاله نفسيه ولا هذي شخصيتي,الي قاعده اعيشه هو اكتئاب ولا انطفاء ولا نضج ولا انعدام شغف ولا تخلف ولا حاله نفسيه ولا هذي شخصيتي
اكتئاب باقي علي اختبار كيمياء وخلصت وباقي المراجعة ربك يعين بس😭,1,0,0,اكتئاب باقي علي اختبار كيمياء وخلصت وباقي المراجعه ربك يعين بس😭,اكتئاب باقي علي اختبار كيمياء وخلصت وباقي المراجعه ربك يعين بس😭
ابوي يسألني كيفني وهو قبل ثلاث اسابيع يوم رجعت من المستشفى وقال لي الطبيب اكتئاب قال صلي اني لك من الناصحين يعني اكيد كيفني فهو خره,1,0,0,ابوي يسالني كيفني وهو ثلاث اسابيع يوم رجعت المستشفي وقال الطبيب اكتئاب قال صلي اني الناصحين يعني اكيد كيفني فهو خره,ابوي يسالني كيفني وهو قبل ثلاث اسابيع يوم رجعت من المستشفي وقال لي الطبيب اكتئاب قال صلي اني لك من الناصحين يعني اكيد كيفني فهو خره
حزنٌ حوّله لكتلة صمت,1,0,0,حزن حوله لكتله صمت,حزن حوله لكتله صمت
"هدوء غاضب أو ربما إكتئاب هادىء أحدهما بي الآن _x000D_
_x000D_
او مقاومة البكاء 💤",1,0,0,هدوء غاضب ربما اكتئاب هاديء احدهما الان مقاومه البكاء,هدوء غاضب او ربما اكتئاب هاديء احدهما بي الان _x<NUM>D__x<NUM>D_او مقاومه البكاء 💤
انا عايز اموت تعبت,1,0,0,انا عايز اموت تعبت,انا عايز اموت تعبت
مطلوب طريقه انتحار اسلاميه,1,0,0,مطلوب طريقه انتحار اسلاميه,مطلوب طريقه انتحار اسلاميه
"أشد الألم وجعاً _x000D_
حزن لا نستطيع الإفصاح عنه ولا حتى إحتوائه _x000D_
رغم أنا نعلم يقيناً ما السب _x000D_
إلا أنه لا يحكى",1,1,0,اشد الالم وجعا حزن نستطيع الافصاح عنه ولا حتي احتوائه رغم انا نعلم يقينا السب الا انه يحكي,اشد الالم وجعا _x<NUM>D_حزن لا نستطيع الافصاح عنه ولا حتي احتوائه _x<NUM>D_رغم انا نعلم يقينا ما السب _x<NUM>D_الا انه لا يحكي
عارف لمّا تبئا تعبان أوي وعايز تنام بس إنت مكتئب أوي إنك تنام,1,0,0,عارف لما تبئا تعبان اوي وعايز تنام انت مكتئب اوي انك تنام,عارف لما تبئا تعبان اوي وعايز تنام بس انت مكتئب اوي انك تنام
حتى العائلة قد تكون سبب اكتئابك ايضاً,1,0,0,حتي العائله تكون سبب اكتئابك ايضا,حتي العائله قد تكون سبب اكتئابك ايضا
"هاي _x000D_
شكلي كدا هستسلم وادخل في اكتئاب تاني عشان اعرف اذاكر وانعزل عن البشر حبه _x000D_
باي",1,0,0,هاي شكلي كدا هستسلم وادخل اكتئاب تاني عشان اعرف اذاكر وانعزل البشر حبه باي,هاي _x<NUM>D_شكلي كدا هستسلم وادخل في اكتئاب تاني عشان اعرف اذاكر وانعزل عن البشر حبه _x<NUM>D_باي
"البكاء انواع _x000D_
بكاء فقد _x000D_
بكاء اكتئاب _x000D_
بكاء الصمت _x000D_
بكاء رحمه _x000D_
بكاء الخوف والخشيه واوا _x000D_
وصدقتي اختي سلطانه علينا بالقراه",1,0,0,البكاء انواع بكاء فقد بكاء اكتئاب بكاء الصمت بكاء رحمه بكاء الخوف والخشيه واوا وصدقتي اختي سلطانه علينا بالقراه,البكاء انواع _x<NUM>D_بكاء فقد _x<NUM>D_بكاء اكتئاب _x<NUM>D_بكاء الصمت _x<NUM>D_بكاء رحمه _x<NUM>D_بكاء الخوف والخشيه واوا _x<NUM>D_وصدقتي اختي سلطانه علينا بالقراه
جاني أكتئاب شكلي باخذ صيفي,1,0,0,جاني اكتئاب شكلي باخذ صيفي,جاني اكتئاب شكلي باخذ صيفي
كورونا عبارة عن غيمة كآبة غطت على الكل,1,0,0,كورونا عباره غيمه كابه غطت علي الكل,كورونا عباره عن غيمه كابه غطت علي الكل
أنا بجد محتاجة إيمان اللي بتحب الحياة وكانت أكتر شخص متفائل ع سطح الكوكب حقيقي محتاجاها 🥺,1,0,0,انا بجد محتاجه ايمان اللي بتحب الحياه وكانت اكتر شخص متفائل سطح الكوكب حقيقي محتاجاها,انا بجد محتاجه ايمان اللي بتحب الحياه وكانت اكتر شخص متفائل ع سطح الكوكب حقيقي محتاجاها 🥺
انعل ابو دي كآبة ياخ,1,0,0,انعل ابو كابه ياخ,انعل ابو دي كابه ياخ
اكتئاب رمضاني حاد مزمن,1,0,0,اكتئاب رمضاني حاد مزمن,اكتئاب رمضاني حاد مزمن
   خيبة امل,1,0,0,خيبه امل,خيبه امل
واله حزن حزن,1,0,0,واله حزن حزن,واله حزن حزن
لم أستطع أن أبكي ، و لكن روحي كانت تتمزق..,1,1,0,استطع ابكي روحي تتمزق,لم استطع ان ابكي ، و لكن روحي كانت تتمزق..
مطر المفروض انبسط بس جاني اكتئاب وضيقه مدري من فين,1,0,0,مطر المفروض انبسط جاني اكتئاب وضيقه مدري فين,مطر المفروض انبسط بس جاني اكتئاب وضيقه مدري من فين
بفكر بقوة ف الانتحار,1,0,0,بفكر بقوه الانتحار,بفكر بقوه ف الانتحار
جاني اكتئاب حاد,1,0,0,جاني اكتئاب حاد,جاني اكتئاب حاد
ياس🙊,1,0,0,ياس🙊,ياس🙊
"انا كلش تعبت من الحياة الجامعية الي والعباس ولا بيها حياة خلصتها اكتئاب وكرهت نفسي خسرت ثقتي بنفسي _x000D_
اختفيت وصو",1,0,0,انا كلش تعبت الحياه الجامعيه الي والعباس ولا بيها حياه خلصتها اكتئاب وكرهت نفسي خسرت ثقتي بنفسي اختفيت وصو,انا كلش تعبت من الحياه الجامعيه الي والعباس ولا بيها حياه خلصتها اكتئاب وكرهت نفسي خسرت ثقتي بنفسي _x<NUM>D_اختفيت وصو
في قلبي وجعٌ هادئٌ يحرقُ الروح,1,0,0,قلبي وجع هادئ يحرق الروح,في قلبي وجع هادئ يحرق الروح
مافيش طريقه انتحار اسلاميه ☹️,1,0,0,مافيش طريقه انتحار اسلاميه,مافيش طريقه انتحار اسلاميه ☹️
يارب لا تجعل حزن قلبي يبان على وجهي,1,1,0,يارب تجعل حزن قلبي يبان علي وجهي,يارب لا تجعل حزن قلبي يبان علي وجهي
مادري متى بيجي يوم وافرح بالعيد الله يلعن الرهاب الاجتماعي و التاتاة,1,0,0,مادري متي بيجي يوم وافرح بالعيد الله يلعن الرهاب الاجتماعي التاتاه,مادري متي بيجي يوم وافرح بالعيد الله يلعن الرهاب الاجتماعي و التاتاه
مسلسل ده بقى بيجبلي اكتئاب,1,0,0,مسلسل بقي بيجبلي اكتئاب,مسلسل ده بقي بيجبلي اكتئاب
انا بقيت زاهده الحياة بشكل عام والله ما اعرف بقي ده نضج و لا اكتئاب,1,1,0,انا بقيت زاهده الحياه بشكل عام والله اعرف بقي نضج اكتئاب,انا بقيت زاهده الحياه بشكل عام والله ما اعرف بقي ده نضج و لا اكتئاب
حاجة تحزن والله بروح من الشيفت مكتئب,1,0,0,حاجه تحزن والله بروح الشيفت مكتئب,حاجه تحزن والله بروح من الشيفت مكتئب
اه قلق انتظار المعدل 😭,1,0,0,قلق انتظار المعدل,اه قلق انتظار المعدل 😭
لعلي ابكي فينادي الله ملائكه ويقول اقبضو عبدي فانه متعب 💔 🥺,1,0,0,لعلي ابكي فينادي الله ملائكه ويقول اقبضو عبدي فانه متعب,لعلي ابكي فينادي الله ملائكه ويقول اقبضو عبدي فانه متعب 💔 🥺
أنا في داخلي فوضى حزن وأوجاع مختلطه,1,0,0,انا داخلي فوضي حزن واوجاع مختلطه,انا في داخلي فوضي حزن واوجاع مختلطه
ليه لازم ابكي على كلشي,1,0,0,ليه لازم ابكي علي كلشي,ليه لازم ابكي علي كلشي
لما تدور علي طرق انتحار حلال ومتلاقيش,1,0,0,لما تدور علي طرق انتحار حلال ومتلاقيش,لما تدور علي طرق انتحار حلال ومتلاقيش
حزن 😞,1,0,0,حزن,حزن 😞
انا بقيت باخد مضادات اكتئاب وقلق يا جماعة متخيلين,1,0,0,انا بقيت باخد مضادات اكتئاب وقلق جماعه متخيلين,انا بقيت باخد مضادات اكتئاب وقلق يا جماعه متخيلين
جو قلق 😢,1,0,0,قلق,جو قلق 😢
الاجواء لا تخلوا من كآبه بشكل عام,1,1,0,الاجواء تخلوا كابه بشكل عام,الاجواء لا تخلوا من كابه بشكل عام
ابغا ابكي الحاله متدهوره,1,0,0,ابغا ابكي الحاله متدهوره,ابغا ابكي الحاله متدهوره
الي يعرف طريقة انتحار بدون مادخل النار يعطيني لاهنتوا,1,1,0,الي يعرف طريقه انتحار بدون مادخل النار يعطيني لاهنتوا,الي يعرف طريقه انتحار بدون مادخل النار يعطيني لاهنتوا
توني ما كملت ٦ ساعات بدون ماد وجاني اكتئاب اكره اتعود على شي ويختفي فجأة اف شوي وابكي,1,1,0,توني كملت ساعات بدون ماد وجاني اكتئاب اكره اتعود علي ويختفي فجاه شوي وابكي,توني ما كملت <NUM> ساعات بدون ماد وجاني اكتئاب اكره اتعود علي شي ويختفي فجاه اف شوي وابكي
اتمنى الرب ينجيني من كل هذا لان واضح فيني اكتئاب ومو عارفه اطلع,1,0,0,اتمني الرب ينجيني لان واضح فيني اكتئاب ومو عارفه اطلع,اتمني الرب ينجيني من كل هذا لان واضح فيني اكتئاب ومو عارفه اطلع
مكتئب اوي,1,0,0,مكتئب اوي,مكتئب اوي
انتحار بسببهم 🤦‍♂️🤦‍♂️🤦‍♂️,1,0,0,انتحار بسببهم 🤦‍♂️🤦‍♂️🤦‍♂️,انتحار بسببهم 🤦♂️🤦♂️🤦♂️
يا إن صوت المنبه يجيب لي حالة اكتئاب حتى لو مو بجوالي,1,0,0,صوت المنبه يجيب حاله اكتئاب حتي بجوالي,يا ان صوت المنبه يجيب لي حاله اكتئاب حتي لو مو بجوالي
وربي جاني اكتئاب من رمضان اني 🙏🏿,1,0,0,وربي جاني اكتئاب رمضان اني,وربي جاني اكتئاب من رمضان اني 🙏🏿
اضحك وكأن لا حُزنَ في قلبي 💔,1,1,0,اضحك وكان حزن قلبي,اضحك وكان لا حزن في قلبي 💔
كلكم عندكم اكتئاب وانطفاء اجل مين المبسوط انا🙂,1,0,0,كلكم عندكم اكتئاب وانطفاء اجل مين المبسوط انا🙂,كلكم عندكم اكتئاب وانطفاء اجل مين المبسوط انا🙂
اشتقت لأصحابي الوحدة تعور,1,0,0,اشتقت لاصحابي الوحده تعور,اشتقت لاصحابي الوحده تعور
الله واعلم انها بوادر اكتئاب الله يستر,1,0,0,الله واعلم انها بوادر اكتئاب الله يستر,الله واعلم انها بوادر اكتئاب الله يستر
لم تكن مجرد نوبات إكتئاب كان إنطفاء تدريجي❤️,1,1,0,تكن مجرد نوبات اكتئاب انطفاء تدريجي❤️,لم تكن مجرد نوبات اكتئاب كان انطفاء تدريجي❤️
الخوف ..الخوف من نفسي الخوف من الجميع فقط اخاف أريد الأختباء ,1,0,0,الخوف الخوف نفسي الخوف الجميع فقط اخاف اريد الاختباء,الخوف ..الخوف من نفسي الخوف من الجميع فقط اخاف اريد الاختباء
اخوي جزاك الله خير مكن تسأل المتابعين احتاج طبيب يعالج الرهاب الاجتماعي عن تجربه وشكرا,1,0,0,اخوي جزاك الله خير مكن تسال المتابعين احتاج طبيب يعالج الرهاب الاجتماعي تجربه وشكرا,اخوي جزاك الله خير مكن تسال المتابعين احتاج طبيب يعالج الرهاب الاجتماعي عن تجربه وشكرا
اي بربي صدقتي صرلي اسبوع ماعم احسن نام وصفولي دواء تربزول مضاد اكتئاب ومنوم 14 ساعة💔,1,0,0,بربي صدقتي صرلي اسبوع ماعم احسن نام وصفولي دواء تربزول مضاد اكتئاب ومنوم ساعه💔,اي بربي صدقتي صرلي اسبوع ماعم احسن نام وصفولي دواء تربزول مضاد اكتئاب ومنوم <NUM> ساعه💔
لا واله انا الي محد صبر عالحجر كثري مريت بحجرين حجر مخالط ١٤ يوم وحجر مصاب ١٠ ايام و غير ٤ ايام بجابر دشيت في اكتئاب,1,1,0,واله انا الي محد صبر عالحجر كثري مريت بحجرين حجر مخالط يوم وحجر مصاب ايام غير ايام بجابر دشيت اكتئاب,لا واله انا الي محد صبر عالحجر كثري مريت بحجرين حجر مخالط <NUM><NUM> يوم وحجر مصاب <NUM><NUM> ايام و غير <NUM> ايام بجابر دشيت في اكتئاب
ثم واله لن نعفيكم عند ربنّا بسبب لمعة حزن بعيونا فما بالكم بكاء,1,1,0,واله نعفيكم ربنا بسبب لمعه حزن بعيونا فما بالكم بكاء,ثم واله لن نعفيكم عند ربنا بسبب لمعه حزن بعيونا فما بالكم بكاء
تذوق الوحده امر مر,1,0,0,تذوق الوحده امر,تذوق الوحده امر مر
يالله شهر كامل ادعي مايرجع لي الاكتئاب ويبدو انه مابقي الا٢٠٪ ويرجع عليه بشكل كامل💔,1,0,0,يالله شهر كامل ادعي مايرجع الاكتئاب ويبدو انه مابقي الا٢٠٪ ويرجع عليه بشكل كامل💔,يالله شهر كامل ادعي مايرجع لي الاكتئاب ويبدو انه مابقي الا<NUM><NUM>٪ ويرجع عليه بشكل كامل💔
اكتئاب قلق بعد الولادة احتاج مساعدة طبيب نفسي,1,0,0,اكتئاب قلق الولاده احتاج مساعده طبيب نفسي,اكتئاب قلق بعد الولاده احتاج مساعده طبيب نفسي
انا الحزين الي مايدرون انه حزينّ وانا الفطين الي تظاهر من شقاه انه غبي,1,0,0,انا الحزين الي مايدرون انه حزين وانا الفطين الي تظاهر شقاه انه غبي,انا الحزين الي مايدرون انه حزين وانا الفطين الي تظاهر من شقاه انه غبي
ده انا بصطبح بخلق دكاترة تجيب لواحد اكتئاب اكتر مهو مكتئب 🙂,1,0,0,انا بصطبح بخلق دكاتره تجيب لواحد اكتئاب اكتر مهو مكتئب,ده انا بصطبح بخلق دكاتره تجيب لواحد اكتئاب اكتر مهو مكتئب 🙂
سعيده جدا لسماع قصتك وانتي فعلا قوية صبرتي خمس سنوات😥 انا جلست سنة فقط وماقدرت اتحمل ولجئت لطبيب نفسي,1,0,0,سعيده جدا لسماع قصتك وانتي فعلا قويه صبرتي خمس سنوات😥 انا جلست سنه فقط وماقدرت اتحمل ولجئت لطبيب نفسي,سعيده جدا لسماع قصتك وانتي فعلا قويه صبرتي خمس سنوات😥 انا جلست سنه فقط وماقدرت اتحمل ولجئت لطبيب نفسي
أنا حياتي كلها ضحك وفرفشه ومعرفش يعني أي اكتئاب حتي اسأل صحابي,1,0,0,انا حياتي كلها ضحك وفرفشه ومعرفش يعني اكتئاب حتي اسال صحابي,انا حياتي كلها ضحك وفرفشه ومعرفش يعني اي اكتئاب حتي اسال صحابي
اشياء اعاني منها بحياتي  ارق  قلق  خوف  نوبات اكتئاب,1,0,0,اشياء اعاني منها بحياتي ارق قلق خوف نوبات اكتئاب,اشياء اعاني منها بحياتي ارق قلق خوف نوبات اكتئاب
بكرا العيد و من زمان ماقابلت احدالرهاب وقته وقته,1,0,0,بكرا العيد زمان ماقابلت احدالرهاب وقته وقته,بكرا العيد و من زمان ماقابلت احدالرهاب وقته وقته
لو الانتحار مب حرام كنت مت من زمان 👩‍🦯,1,0,0,الانتحار حرام كنت زمان 👩‍🦯,لو الانتحار مب حرام كنت مت من زمان 👩🦯
انا بعد اخذته من اول حبه كرهته وجابلي اكتئاب واهي حبه وحده,1,0,0,انا اخذته اول حبه كرهته وجابلي اكتئاب واهي حبه وحده,انا بعد اخذته من اول حبه كرهته وجابلي اكتئاب واهي حبه وحده
اصارع الاكتئاب منذ مده ولكني لا اريد الاعتراف به,1,1,0,اصارع الاكتئاب منذ مده ولكني اريد الاعتراف,اصارع الاكتئاب منذ مده ولكني لا اريد الاعتراف به
الماضي يحاضرني والشعور بالذنب يقتلني ,1,0,0,الماضي يحاضرني والشعور بالذنب يقتلني,الماضي يحاضرني والشعور بالذنب يقتلني
انا مهملة ومش مهمة ,1,0,0,انا مهمله ومش مهمه,انا مهمله ومش مهمه
بروزاك اكثر دواء بالحياه ماله فايده,1,0,0,بروزاك اكثر دواء بالحياه ماله فايده,بروزاك اكثر دواء بالحياه ماله فايده
نرجع لوقت ما سويت هالاختبار وطلع عندي اكتئاب,1,1,0,نرجع لوقت سويت هالاختبار وطلع عندي اكتئاب,نرجع لوقت ما سويت هالاختبار وطلع عندي اكتئاب
عُزلة ما بين دموع عين,1,1,0,عزله دموع عين,عزله ما بين دموع عين
شكد كابةاريد اروح لتركيا 😔,1,0,0,شكد كابهاريد اروح لتركيا,شكد كابهاريد اروح لتركيا 😔
"هذه الوحشةُ التي وُضِعت بِي _x000D_
أكبر من أن يتسلها الإطمئنان _x000D_
_x000D_
حزن عبارات بوح خواطر اكتئاب",1,0,0,الوحشه التي وضعت اكبر يتسلها الاطمئنان حزن عبارات بوح خواطر اكتئاب,هذه الوحشه التي وضعت بي _x<NUM>D_اكبر من ان يتسلها الاطمئنان _x<NUM>D__x<NUM>D_حزن عبارات بوح خواطر اكتئاب
يميني متخرجين ويساري ماجزين وانا في النص مكتئبه اكتئاب حاد جدًا,1,0,0,يميني متخرجين ويساري ماجزين وانا النص مكتئبه اكتئاب حاد جدا,يميني متخرجين ويساري ماجزين وانا في النص مكتئبه اكتئاب حاد جدا
"اصبحت احب الصمت _x000D_
حتى مع اصدقائي اخفي حزني وراء ابتسامتي _x000D_
اشعر بالوحده في كل مكان اطلب من أمي أن تغمرني بحنانها",1,0,0,اصبحت احب الصمت حتي اصدقائي اخفي حزني وراء ابتسامتي اشعر بالوحده مكان اطلب امي تغمرني بحنانها,اصبحت احب الصمت _x<NUM>D_حتي مع اصدقائي اخفي حزني وراء ابتسامتي _x<NUM>D_اشعر بالوحده في كل مكان اطلب من امي ان تغمرني بحنانها
ليه اخواني ما اقدر اشوفهم وليه ابوي مايكلمني ولا يحس اصلا ان عنده بنت وليه مقدر اكمل جامعه وليه لازم اشتغل ٩ ولا ١٠,1,1,0,ليه اخواني اقدر اشوفهم وليه ابوي مايكلمني ولا يحس اصلا عنده بنت وليه مقدر اكمل جامعه وليه لازم اشتغل ولا,ليه اخواني ما اقدر اشوفهم وليه ابوي مايكلمني ولا يحس اصلا ان عنده بنت وليه مقدر اكمل جامعه وليه لازم اشتغل <NUM> ولا <NUM><NUM>
التفكير الزائد عباره عن قلق وتوتر وكلهم عباره عن اوهاق نفسي ذاتي ارهاق بكل شي,1,0,0,التفكير الزائد عباره قلق وتوتر وكلهم عباره اوهاق نفسي ذاتي ارهاق بكل,التفكير الزائد عباره عن قلق وتوتر وكلهم عباره عن اوهاق نفسي ذاتي ارهاق بكل شي
واله الواحد معد يدري هو اكتئاب ولا انطفاء ولا نضج ولا انعدام الشغف ولا تخلف ولا حاله نفسيه ولا هذي شخصيته🚶🏻‍♀️,1,0,0,واله الواحد معد يدري اكتئاب ولا انطفاء ولا نضج ولا انعدام الشغف ولا تخلف ولا حاله نفسيه ولا هذي شخصيته🚶🏻‍♀️,واله الواحد معد يدري هو اكتئاب ولا انطفاء ولا نضج ولا انعدام الشغف ولا تخلف ولا حاله نفسيه ولا هذي شخصيته🚶🏻♀️
 مره مكتئب لدرجة مافيني اقوم من سريري والله😭,1,0,0,مره مكتئب لدرجه مافيني اقوم سريري والله😭,مره مكتئب لدرجه مافيني اقوم من سريري والله😭
يعني اكتئاب,1,0,0,يعني اكتئاب,يعني اكتئاب
منبطح القامة أبكي 😜,1,0,0,منبطح القامه ابكي,منبطح القامه ابكي 😜
ترى الهالات اليّ تحت عيوني مش مرض هذا قلة راحة وملامحي الباهته مش كره لناس هذي فرط حزن وعصبيتي مش غباء هذا ضغط ,1,0,0,تري الهالات الي تحت عيوني مرض قله راحه وملامحي الباهته كره لناس هذي فرط حزن وعصبيتي غباء ضغط,تري الهالات الي تحت عيوني مش مرض هذا قله راحه وملامحي الباهته مش كره لناس هذي فرط حزن وعصبيتي مش غباء هذا ضغط
ليه الواحد اذا تعدا وقت نومته ومانام يجيه قلق,1,0,0,ليه الواحد اذا تعدا وقت نومته ومانام يجيه قلق,ليه الواحد اذا تعدا وقت نومته ومانام يجيه قلق
الإنتحار أفضل حل في هالمرحلة بس مدري ليه متردد,1,0,0,الانتحار افضل هالمرحله مدري ليه متردد,الانتحار افضل حل في هالمرحله بس مدري ليه متردد
تخيل تعب وتسعى وبعدها توصل و تحق كل اهدافك وطموحك واحلامك المضحكة و تفضل مكتئب بردو,1,0,0,تخيل تعب وتسعي وبعدها توصل تحق اهدافك وطموحك واحلامك المضحكه تفضل مكتئب بردو,تخيل تعب وتسعي وبعدها توصل و تحق كل اهدافك وطموحك واحلامك المضحكه و تفضل مكتئب بردو
اكتئاب شديد,1,0,0,اكتئاب شديد,اكتئاب شديد
شعور الي ودي ابكي وافرغ الي بداخلي بالبكاء اصعب شعور وابشع شعور انك تبكي على الصامت,1,0,0,شعور الي ودي ابكي وافرغ الي بداخلي بالبكاء اصعب شعور وابشع شعور انك تبكي علي الصامت,شعور الي ودي ابكي وافرغ الي بداخلي بالبكاء اصعب شعور وابشع شعور انك تبكي علي الصامت
"بقى حزن السِؤال يدور فبالي_x000D_
علىَ كثر المواجع ليه منتظِرك",1,0,0,بقي حزن السؤال يدور فبالي علي كثر المواجع ليه منتظرك,بقي حزن السؤال يدور فبالي_x<NUM>D_علي كثر المواجع ليه منتظرك
وربي حزن ماتوقعت بكي لذي الدرجه معد بقي لخضر احد من الاصدقاء القدماء غير شاهين,1,1,0,وربي حزن ماتوقعت بكي لذي الدرجه معد بقي لخضر احد الاصدقاء القدماء غير شاهين,وربي حزن ماتوقعت بكي لذي الدرجه معد بقي لخضر احد من الاصدقاء القدماء غير شاهين
اكتئاب ما بعد التخرج توهان,1,1,0,اكتئاب التخرج توهان,اكتئاب ما بعد التخرج توهان
بحالة اكتئاب شديده وانهيار ودموع,1,0,0,بحاله اكتئاب شديده وانهيار ودموع,بحاله اكتئاب شديده وانهيار ودموع
مكتئب 😞,1,0,0,مكتئب,مكتئب 😞
"الواحد مش فاهم هو مكتئب ولا متوتر ولا في إيه_x000D_
ربنا يجبر بخاطرنا بحق الأيام المفترجة 💙",1,0,0,الواحد فاهم مكتئب ولا متوتر ولا ايه ربنا يجبر بخاطرنا بحق الايام المفترجه,الواحد مش فاهم هو مكتئب ولا متوتر ولا في ايه_x<NUM>D_ربنا يجبر بخاطرنا بحق الايام المفترجه 💙
الواحد ماعاد يدري هو كسلان ولا مكتئب ولا منفس,1,0,0,الواحد ماعاد يدري كسلان ولا مكتئب ولا منفس,الواحد ماعاد يدري هو كسلان ولا مكتئب ولا منفس
إني مجبر على العيش لا أحب الحياة ولا أود الانتحار أشعر بالاكتئاب والألم والضجر القاتل 🖤,1,1,0,اني مجبر علي العيش احب الحياه ولا اود الانتحار اشعر بالاكتئاب والالم والضجر القاتل,اني مجبر علي العيش لا احب الحياه ولا اود الانتحار اشعر بالاكتئاب والالم والضجر القاتل 🖤
  كل معالم الفرحه في وطني تم هدمها 😔,1,0,0,معالم الفرحه وطني هدمها,كل معالم الفرحه في وطني تم هدمها 😔
اعتقد الرهاب الي عندي من الجروبات الي بتعمل هنا في محله,1,0,0,اعتقد الرهاب الي عندي الجروبات الي بتعمل محله,اعتقد الرهاب الي عندي من الجروبات الي بتعمل هنا في محله
حاشني اكتئاب من ذا الانمي معد بشوفه,1,0,0,حاشني اكتئاب الانمي معد بشوفه,حاشني اكتئاب من ذا الانمي معد بشوفه
انا فيفا جبتلي اكتئاب من اول يوم اجازة,1,0,0,انا فيفا جبتلي اكتئاب اول يوم اجازه,انا فيفا جبتلي اكتئاب من اول يوم اجازه
كآبه انو بلش الصيف 😥 وميلادي الشهر الي بعدو 🙃 لقدهرمنا,1,0,0,كابه انو بلش الصيف وميلادي الشهر الي بعدو لقدهرمنا,كابه انو بلش الصيف 😥 وميلادي الشهر الي بعدو 🙃 لقدهرمنا
مرات احس اني سعيدة ومرات زعلانة وحزينة وناقمة على كل شي ما احس بطعم شي حرفياً وفي راسي الف فكرة وفكرة ما ا,1,1,0,مرات احس اني سعيده ومرات زعلانه وحزينه وناقمه علي احس بطعم حرفيا وفي راسي الف فكره وفكره,مرات احس اني سعيده ومرات زعلانه وحزينه وناقمه علي كل شي ما احس بطعم شي حرفيا وفي راسي الف فكره وفكره ما ا
يوجع الشعور الي ودي اصرخ بكل مافيني لكن مابي أحد يسمعني و ودي أبكي بكل حرقه لكن مابي احد يشوف دموعي و ودي ابلع غصتي,1,0,0,يوجع الشعور الي ودي اصرخ بكل مافيني مابي احد يسمعني ودي ابكي بكل حرقه مابي احد يشوف دموعي ودي ابلع غصتي,يوجع الشعور الي ودي اصرخ بكل مافيني لكن مابي احد يسمعني و ودي ابكي بكل حرقه لكن مابي احد يشوف دموعي و ودي ابلع غصتي
حد يعرف طريقة انتحار ماتكونش بتوجع,1,0,0,يعرف طريقه انتحار ماتكونش بتوجع,حد يعرف طريقه انتحار ماتكونش بتوجع
بعد الولادة جاني اكتئاب فظيع كرهتها وكرهت أبوها وكرهت حياتي كلها ويمكن مرتين ضربتها وكان يوجعني قلبي 💔ا,1,0,0,الولاده جاني اكتئاب فظيع كرهتها وكرهت ابوها وكرهت حياتي كلها ويمكن مرتين ضربتها وكان يوجعني قلبي,بعد الولاده جاني اكتئاب فظيع كرهتها وكرهت ابوها وكرهت حياتي كلها ويمكن مرتين ضربتها وكان يوجعني قلبي 💔ا
اكتئاب حاد باي,1,0,0,اكتئاب حاد باي,اكتئاب حاد باي
اكتئاب شديد اعيشه 💔 ,1,0,0,اكتئاب شديد اعيشه,اكتئاب شديد اعيشه 💔
تفكير صداع ملل اكتئاب 💔,1,0,0,تفكير صداع ملل اكتئاب,تفكير صداع ملل اكتئاب 💔
ربي لا احد يعلم مافي قلبي فإنهم يرون ابتسامتي وانت ترى ما يؤلم قلبي يرون ظاهري وانت ترى قلق داخلي ف يارب ارحني بما انت اعلم به,1,1,0,ربي احد يعلم مافي قلبي فانهم يرون ابتسامتي وانت تري يؤلم قلبي يرون ظاهري وانت تري قلق داخلي يارب ارحني بما انت اعلم,ربي لا احد يعلم مافي قلبي فانهم يرون ابتسامتي وانت تري ما يؤلم قلبي يرون ظاهري وانت تري قلق داخلي ف يارب ارحني بما انت اعلم به
لاتحاول ابكي انتهى عمر الدموع,1,0,0,لاتحاول ابكي انتهي عمر الدموع,لاتحاول ابكي انتهي عمر الدموع
احسني بدخل في اكتئاب من الحزن الي انا فيه حاليًا على المسلسل,1,0,0,احسني بدخل اكتئاب الحزن الي انا فيه حاليا علي المسلسل,احسني بدخل في اكتئاب من الحزن الي انا فيه حاليا علي المسلسل
اخدت بروزاك وكويس جدا,1,0,0,اخدت بروزاك وكويس جدا,اخدت بروزاك وكويس جدا
لقد أهلك الحُزن قلبي ,1,0,0,لقد اهلك الحزن قلبي,لقد اهلك الحزن قلبي
ليه أبكي من أغنية وش هالهشاشة,1,0,0,ليه ابكي اغنيه هالهشاشه,ليه ابكي من اغنيه وش هالهشاشه
بجانبي حين كنت أبكي قبل نومي عيناي أوجعتني ذبلت ملامحِي حتى تمنيت ألموت حتى نبضات قلبي لم تعد مُنتظمة أصبحت تألم,1,1,0,بجانبي حين كنت ابكي نومي عيناي اوجعتني ذبلت ملامحي حتي تمنيت الموت حتي نبضات قلبي تعد منتظمه اصبحت تالم,بجانبي حين كنت ابكي قبل نومي عيناي اوجعتني ذبلت ملامحي حتي تمنيت الموت حتي نبضات قلبي لم تعد منتظمه اصبحت تالم
لن انسي انني كنت اقاوم هذا الانطفاء وحدي,1,1,0,انسي انني كنت اقاوم الانطفاء وحدي,لن انسي انني كنت اقاوم هذا الانطفاء وحدي
ابي احس اني تخرجت ليش الحياه ركض ركض بدون اي احتفال او تكون كآبه مافي شي حلو تحس بطعمه,1,1,0,ابي احس اني تخرجت ليش الحياه ركض ركض بدون احتفال تكون كابه مافي حلو تحس بطعمه,ابي احس اني تخرجت ليش الحياه ركض ركض بدون اي احتفال او تكون كابه مافي شي حلو تحس بطعمه
قلق اله يصجهم,1,0,0,قلق اله يصجهم,قلق اله يصجهم
"فعلاً مشهد مزدحم بكل شيء_x000D_
أنا وقفت عاجزة عن وصف ما أشاهد_x000D_
مدري فخر وإعجاب _x000D_
مدري حزن وغصة _x000D_
ولحظات كرهت حياتنا المرفه",1,1,0,فعلا مشهد مزدحم بكل شيء انا وقفت عاجزه وصف اشاهد مدري فخر واعجاب مدري حزن وغصه ولحظات كرهت حياتنا المرفه,فعلا مشهد مزدحم بكل شيء_x<NUM>D_انا وقفت عاجزه عن وصف ما اشاهد_x<NUM>D_مدري فخر واعجاب _x<NUM>D_مدري حزن وغصه _x<NUM>D_ولحظات كرهت حياتنا المرفه
أعاني من رهاب اجتماعي من زمان هل سورة البقرة تشفي من الرهاب بفضل اله ابي قص لناس تشافوا من الرهاب,1,0,0,اعاني رهاب اجتماعي زمان سوره البقره تشفي الرهاب بفضل اله ابي لناس تشافوا الرهاب,اعاني من رهاب اجتماعي من زمان هل سوره البقره تشفي من الرهاب بفضل اله ابي قص لناس تشافوا من الرهاب
ربنا يخليك انا فى قلق اكتر من المستشفي بسب المناعة هى وقعت باخد القاح وربنا يستر يومين واشوف,1,0,0,ربنا يخليك انا قلق اكتر المستشفي بسب المناعه وقعت باخد القاح وربنا يستر يومين واشوف,ربنا يخليك انا في قلق اكتر من المستشفي بسب المناعه هي وقعت باخد القاح وربنا يستر يومين واشوف
شعور اكتئاب,1,0,0,شعور اكتئاب,شعور اكتئاب
ف اكتئاب بسبك اعمل ايه بحبك💞,1,0,0,اكتئاب بسبك اعمل ايه بحبك💞,ف اكتئاب بسبك اعمل ايه بحبك💞
عادي بس فيه اكتئاب لدرجة مش طبيعية,1,0,0,عادي فيه اكتئاب لدرجه طبيعيه,عادي بس فيه اكتئاب لدرجه مش طبيعيه
حاس بدور اكتئاب ربنا يعديه على خير,1,0,0,حاس بدور اكتئاب ربنا يعديه علي خير,حاس بدور اكتئاب ربنا يعديه علي خير
احس صدعت من كأبة حياتي احس لو صارت لي الحريه اسوي كل شي بحر القدس من الفرحه,1,0,0,احس صدعت كابه حياتي احس صارت الحريه اسوي بحر القدس الفرحه,احس صدعت من كابه حياتي احس لو صارت لي الحريه اسوي كل شي بحر القدس من الفرحه
تغريدات الامطار بدت تجيبلي اكتئاب 😷,1,0,0,تغريدات الامطار بدت تجيبلي اكتئاب,تغريدات الامطار بدت تجيبلي اكتئاب 😷
بعد الفجر التاسع عشر فالهم إني أعوذ بك من قلق وخوف الإنتظار,1,0,0,الفجر التاسع عشر فالهم اني اعوذ قلق وخوف الانتظار,بعد الفجر التاسع عشر فالهم اني اعوذ بك من قلق وخوف الانتظار
كنت حاسه بالحزن اوي نحيتها بجد انا جربت ان حاسه الشم تروح من عندي مقدرتش استحمل يومين علي بعض و كنت علي وشك الانتحار,1,0,0,كنت حاسه بالحزن اوي نحيتها بجد انا جربت حاسه الشم تروح عندي مقدرتش استحمل يومين علي بعض كنت علي وشك الانتحار,كنت حاسه بالحزن اوي نحيتها بجد انا جربت ان حاسه الشم تروح من عندي مقدرتش استحمل يومين علي بعض و كنت علي وشك الانتحار
بروزاك ما بين تدميري وما بين إحيائي من جديد,1,1,0,بروزاك تدميري وما احيائي جديد,بروزاك ما بين تدميري وما بين احيائي من جديد
هم غريب نوعًا مّا بعد التفكير احتمال يكون اكتئاب موسمي,1,0,0,غريب نوعا التفكير احتمال اكتئاب موسمي,هم غريب نوعا ما بعد التفكير احتمال يكون اكتئاب موسمي
إكتئاب على البحر ⁦👍🏻⁩,1,0,0,اكتئاب علي البحر ⁦👍🏻⁩,اكتئاب علي البحر 👍🏻
احس عندي اكتئاب مو قادره اسيطر عليه مع ذلك احس اني فرحانه كيف مدري 🌚💔,1,0,0,احس عندي اكتئاب قادره اسيطر عليه احس اني فرحانه مدري,احس عندي اكتئاب مو قادره اسيطر عليه مع ذلك احس اني فرحانه كيف مدري 🌚💔
أبكي من العزلة و من الحياة من الكتف الذي لن أستطيع امتلاكه أبداً الأشياء التي حلمت بها و تلك التي فكرت بها و ما تمّ نسيانه بداخلي,1,1,1,ابكي العزله الحياه الكتف الذي استطيع امتلاكه ابدا الاشياء التي حلمت بها التي فكرت بها نسيانه بداخلي,ابكي من العزله و من الحياه من الكتف الذي لن استطيع امتلاكه ابدا الاشياء التي حلمت بها و تلك التي فكرت بها و ما تم نسيانه بداخلي
خذلك اكتئاب عصبح منيح اني بديش ادرس ليوم💔🙂,1,0,0,خذلك اكتئاب عصبح منيح اني بديش ادرس ليوم💔🙂,خذلك اكتئاب عصبح منيح اني بديش ادرس ليوم💔🙂
"لاجدوى من هذا الكم الهائل من الأصدقاء طالما انك تعيش لحظات حزنك لوحدك وتقضي اليل كله تشتم حزنك لوحدك _x000D_
_x000D_
حزن عبارات بوح خواطر اكتئاب",1,0,0,لاجدوي الكم الهائل الاصدقاء طالما انك تعيش لحظات حزنك لوحدك وتقضي اليل كله تشتم حزنك لوحدك حزن عبارات بوح خواطر اكتئاب,لاجدوي من هذا الكم الهائل من الاصدقاء طالما انك تعيش لحظات حزنك لوحدك وتقضي اليل كله تشتم حزنك لوحدك _x<NUM>D__x<NUM>D_حزن عبارات بوح خواطر اكتئاب
ملامحي المقفولة مش كره لناس دي فرط حزن وعصبيتي مش غباء ده ضغط بحاول اعديه وزعلي مش كأبة ده تراكم أحزان ,1,0,0,ملامحي المقفوله كره لناس فرط حزن وعصبيتي غباء ضغط بحاول اعديه وزعلي كابه تراكم احزان,ملامحي المقفوله مش كره لناس دي فرط حزن وعصبيتي مش غباء ده ضغط بحاول اعديه وزعلي مش كابه ده تراكم احزان
كل حزن يستدعي الأحزان القديمة ويضاعفها,1,0,0,حزن يستدعي الاحزان القديمه ويضاعفها,كل حزن يستدعي الاحزان القديمه ويضاعفها
دايم افكر بشعور القط الي بأقفاص خارج عن فطرتها مقفول عليها لا تلعب ولا تمشى بالارض احسها حزينه مره وفيها اكتئاب,1,1,0,دايم افكر بشعور القط الي باقفاص خارج فطرتها مقفول عليها تلعب ولا تمشي بالارض احسها حزينه مره وفيها اكتئاب,دايم افكر بشعور القط الي باقفاص خارج عن فطرتها مقفول عليها لا تلعب ولا تمشي بالارض احسها حزينه مره وفيها اكتئاب
امانه يارب لا احس وقتها بدخل بحالة إكتئاب😢,1,1,0,امانه يارب احس وقتها بدخل بحاله اكتئاب😢,امانه يارب لا احس وقتها بدخل بحاله اكتئاب😢
مرور الشخص بأزمات تنقص ثقته في نفسه وتدخله في مرحلة اكتئاب,1,0,0,مرور الشخص بازمات تنقص ثقته نفسه وتدخله مرحله اكتئاب,مرور الشخص بازمات تنقص ثقته في نفسه وتدخله في مرحله اكتئاب
كيف اتغلب على كأبة السبت,1,0,0,اتغلب علي كابه السبت,كيف اتغلب علي كابه السبت
مكتئب من علاقاتي ومكتئب من اهلي ومكتئب من نفسي,1,0,0,مكتئب علاقاتي ومكتئب اهلي ومكتئب نفسي,مكتئب من علاقاتي ومكتئب من اهلي ومكتئب من نفسي
بتيجى عليا لحظات واحس بضعف قلبى وبكون عاوزة اعيط جدا ولولا رمضان واله كان زمان الواحد دخل فى اكتئاب الحمد ل,1,0,0,بتيجي عليا لحظات واحس بضعف قلبي وبكون عاوزه اعيط جدا ولولا رمضان واله زمان الواحد دخل اكتئاب الحمد,بتيجي عليا لحظات واحس بضعف قلبي وبكون عاوزه اعيط جدا ولولا رمضان واله كان زمان الواحد دخل في اكتئاب الحمد ل
صباح الاكتئاب💔,1,0,0,صباح الاكتئاب💔,صباح الاكتئاب💔
لعل حُزني ينتهي بتوقف دقات قلبي,1,0,0,لعل حزني ينتهي بتوقف دقات قلبي,لعل حزني ينتهي بتوقف دقات قلبي
"لو أنَّني أعرفُ كلمةً أعمقُ من كلمةِ .. ""انطفأتُ"".. لقلتهآ , أنا لم أشعُر من قبلُ بِانطِفآءِ رُوحي مثلمآ أشعُرُ بهآ الآن ",1,1,0,انني اعرف كلمه اعمق كلمه انطفات لقلتها انا اشعر بانطفاء روحي مثلما اشعر بها الان,"لو انني اعرف كلمه اعمق من كلمه .. ""انطفات"".. لقلتها , انا لم اشعر من قبل بانطفاء روحي مثلما اشعر بها الان"
أوقات بتجيلي رغبة عارمة ف عدم التّواجد مَش كآبه ولا حاجة بس ال هو فالحظة دي أنا مش عايزة أكُون موجودة ,1,0,0,اوقات بتجيلي رغبه عارمه عدم التواجد كابه ولا حاجه فالحظه انا عايزه اكون موجوده,اوقات بتجيلي رغبه عارمه ف عدم التواجد مش كابه ولا حاجه بس ال هو فالحظه دي انا مش عايزه اكون موجوده
لما تكون مكتئب ومحد ملاحظ ونظرتك سوداويه لحياه وتبغى تنتحر بس ماتقدر وما تقدر تطلع نوبة الاكتئاب الي صار لها سنين,1,0,0,لما تكون مكتئب ومحد ملاحظ ونظرتك سوداويه لحياه وتبغي تنتحر ماتقدر وما تقدر تطلع نوبه الاكتئاب الي صار لها سنين,لما تكون مكتئب ومحد ملاحظ ونظرتك سوداويه لحياه وتبغي تنتحر بس ماتقدر وما تقدر تطلع نوبه الاكتئاب الي صار لها سنين
معناته أنا مكتئب 😂,1,0,0,معناته انا مكتئب,معناته انا مكتئب 😂
اكيد هيجي يوم ويروح الاكتئاب المستمر عندي ده,1,0,0,اكيد هيجي يوم ويروح الاكتئاب المستمر عندي,اكيد هيجي يوم ويروح الاكتئاب المستمر عندي ده
حزن حزن,1,0,0,حزن حزن,حزن حزن
اكتئاب ألف,1,0,0,اكتئاب الف,اكتئاب الف
أما أنا فأفكر كيف سأمر هذه اليلة متجاوزة رغباتي في الإنتحار,1,0,0,اما انا فافكر سامر اليله متجاوزه رغباتي الانتحار,اما انا فافكر كيف سامر هذه اليله متجاوزه رغباتي في الانتحار
لماذا لا تعرفون معنى الالم الذي في قلبي,1,1,0,لماذا تعرفون معني الالم الذي قلبي,لماذا لا تعرفون معني الالم الذي في قلبي
اكتئاب النضوج يجي اذا ختمتي الحياة,1,0,0,اكتئاب النضوج يجي اذا ختمتي الحياه,اكتئاب النضوج يجي اذا ختمتي الحياه
"يمسّها ضيق فيمسّني أضعافه_x000D_
فأوقن حينها أن حُزن الصديق مُعدي",1,0,0,يمسها ضيق فيمسني اضعافه فاوقن حينها حزن الصديق معدي,يمسها ضيق فيمسني اضعافه_x<NUM>D_فاوقن حينها ان حزن الصديق معدي
لي قريب يعاني الان من انتكاسة ثنائي القطب من هوس وذهان بسب ترك العلاج ما يجعل المريض وأهل البيت في حالة صعبة,1,1,0,قريب يعاني الان انتكاسه ثنائي القطب هوس وذهان بسب ترك العلاج يجعل المريض واهل البيت حاله صعبه,لي قريب يعاني الان من انتكاسه ثنائي القطب من هوس وذهان بسب ترك العلاج ما يجعل المريض واهل البيت في حاله صعبه
جواتنا شغلات كثيرة لا قادرين نساها ولا قادرين نحكيها لحدا بس هي بتحكي عن حالها على هيئة زهق عصبية إكتئاب وحزن من غير سبب📵,1,1,0,جواتنا شغلات كثيره قادرين نساها ولا قادرين نحكيها لحدا بتحكي حالها علي هيئه زهق عصبيه اكتئاب وحزن غير سبب📵,جواتنا شغلات كثيره لا قادرين نساها ولا قادرين نحكيها لحدا بس هي بتحكي عن حالها علي هيئه زهق عصبيه اكتئاب وحزن من غير سبب📵
 مشاكل نفسية اكتئاب توتراضطراب ما بعد الصدمة,1,1,0,مشاكل نفسيه اكتئاب توتراضطراب الصدمه,مشاكل نفسيه اكتئاب توتراضطراب ما بعد الصدمه
موجة اكتئاب جديدة 🙂💔,1,0,0,موجه اكتئاب جديده,موجه اكتئاب جديده 🙂💔
بابا مخلي لمبات البيت كلها بيضاء فقعت راسي يقول الصفرا تجيب اكتئاب يعم الاكتئاب فينا من اول جيب بس,1,0,0,بابا مخلي لمبات البيت كلها بيضاء فقعت راسي يقول الصفرا تجيب اكتئاب يعم الاكتئاب فينا اول جيب,بابا مخلي لمبات البيت كلها بيضاء فقعت راسي يقول الصفرا تجيب اكتئاب يعم الاكتئاب فينا من اول جيب بس
عندي قلق دائم من المستقبل قلق مزمن ما سيحدث غداً,1,1,0,عندي قلق دائم المستقبل قلق مزمن سيحدث غدا,عندي قلق دائم من المستقبل قلق مزمن ما سيحدث غدا
انا وزني زاد من الاكتئاب عماله اكل مش عارفة ابطل اكل,1,0,0,انا وزني زاد الاكتئاب عماله اكل عارفه ابطل اكل,انا وزني زاد من الاكتئاب عماله اكل مش عارفه ابطل اكل
ادمان اكتئاب نوبات قلق,1,0,0,ادمان اكتئاب نوبات قلق,ادمان اكتئاب نوبات قلق
ياريت اخبار من دى علطول ى مصرى ى اخويا اصل الواحد عنده اكتئاب 😊,1,0,0,ياريت اخبار علطول مصري اخويا اصل الواحد عنده اكتئاب,ياريت اخبار من دي علطول ي مصري ي اخويا اصل الواحد عنده اكتئاب 😊
لقد كنا نغرق رويدًا رويدًا في عزلة لا قرار لها,1,1,0,لقد كنا نغرق رويدا رويدا عزله قرار لها,لقد كنا نغرق رويدا رويدا في عزله لا قرار لها
لن يذكرك الناس كثيراً بعد الموت,1,1,0,يذكرك الناس كثيرا الموت,لن يذكرك الناس كثيرا بعد الموت
ياخي عطوا الناس اختصاصها هذا الي تشتكي منه الاخت اكتئاب الضيق بدون سب والبكاء وضيق الصدر وتقول انه يدوم فترات طويلة,1,1,0,ياخي عطوا الناس اختصاصها الي تشتكي منه الاخت اكتئاب الضيق بدون والبكاء وضيق الصدر وتقول انه يدوم فترات طويله,ياخي عطوا الناس اختصاصها هذا الي تشتكي منه الاخت اكتئاب الضيق بدون سب والبكاء وضيق الصدر وتقول انه يدوم فترات طويله
واله ما أنا عارف هو اكتئابولا انطفاء ولا نضجولا وحدةولا توحد ولا,1,1,0,واله انا عارف اكتئابولا انطفاء ولا نضجولا وحدهولا توحد ولا,واله ما انا عارف هو اكتئابولا انطفاء ولا نضجولا وحدهولا توحد ولا
رسميا اقدر اقول دخلت مرحلة اكتئاب الاختبار,1,0,0,رسميا اقدر اقول دخلت مرحله اكتئاب الاختبار,رسميا اقدر اقول دخلت مرحله اكتئاب الاختبار
كل حُزن هو مبالغه في نظر النّاجين,1,0,0,حزن مبالغه نظر الناجين,كل حزن هو مبالغه في نظر الناجين
أنا حاليا بفكر في الانتحار,1,0,0,انا حاليا بفكر الانتحار,انا حاليا بفكر في الانتحار
خوف قلق فقدان,1,0,0,خوف قلق فقدان,خوف قلق فقدان
حياتي هالفترة صايرة كلها مزاجية ضغط اكتئاب عصبية قلة نوم ومل وقرف وعياط وصراخ😪💔,1,0,0,حياتي هالفتره صايره كلها مزاجيه ضغط اكتئاب عصبيه قله نوم ومل وقرف وعياط وصراخ😪💔,حياتي هالفتره صايره كلها مزاجيه ضغط اكتئاب عصبيه قله نوم ومل وقرف وعياط وصراخ😪💔
العيد كئابته غير تجيب الهم والحزن تحس كأنه عزاء وقسم فوق انك مكتئب يزيده عليك,1,1,0,العيد كئابته غير تجيب الهم والحزن تحس كانه عزاء وقسم فوق انك مكتئب يزيده عليك,العيد كئابته غير تجيب الهم والحزن تحس كانه عزاء وقسم فوق انك مكتئب يزيده عليك
نوبات اكتئاب متتالية متكررة مؤلمة لا تملك شفقه تجاهي تنهش في ما تبقي من تلك الروح المتهالكة !,1,1,0,نوبات اكتئاب متتاليه متكرره مؤلمه تملك شفقه تجاهي تنهش تبقي الروح المتهالكه,نوبات اكتئاب متتاليه متكرره مؤلمه لا تملك شفقه تجاهي تنهش في ما تبقي من تلك الروح المتهالكه !
عجباً لقلب بحجم قبضة اليد ، ويحمل شعوراً كالجبال,1,0,0,عجبا لقلب بحجم قبضه اليد ويحمل شعورا كالجبال,عجبا لقلب بحجم قبضه اليد ، ويحمل شعورا كالجبال
"مود الإكتئاب المفاجئ الي بيظهرلك وانت بتظبط المنبه تاني ع مواعيد الشغل تاني أقذر إحساس ف الوجود_x000D_
💔😔",1,0,0,مود الاكتئاب المفاجئ الي بيظهرلك وانت بتظبط المنبه تاني مواعيد الشغل تاني اقذر احساس الوجود,مود الاكتئاب المفاجئ الي بيظهرلك وانت بتظبط المنبه تاني ع مواعيد الشغل تاني اقذر احساس ف الوجود_x<NUM>D_💔😔
وحيد و حزين,1,0,0,وحيد حزين,وحيد و حزين
مؤلم الصداع اعاني منه  اود الانتحار منه والله ,1,0,0,مؤلم الصداع اعاني منه اود الانتحار منه والله,مؤلم الصداع اعاني منه اود الانتحار منه والله
أحياناً يكون الانتحار الحل الامثل😅,1,0,0,احيانا الانتحار الحل الامثل😅,احيانا يكون الانتحار الحل الامثل😅
اكتئاب رمضاني,1,0,0,اكتئاب رمضاني,اكتئاب رمضاني
"لا تستطيع _x000D_
الانصات دون حزن ٍ",1,1,0,تستطيع الانصات دون حزن,لا تستطيع _x<NUM>D_الانصات دون حزن
الاكتئاب قاعد يقتلني,1,0,0,الاكتئاب قاعد يقتلني,الاكتئاب قاعد يقتلني
وش تحس الان مكتئب وقرفان,1,0,0,تحس الان مكتئب وقرفان,وش تحس الان مكتئب وقرفان
لمن مارد ع احد ومني طايقه بني ادم هذا اكتئاب,1,0,0,لمن مارد احد ومني طايقه بني ادم اكتئاب,لمن مارد ع احد ومني طايقه بني ادم هذا اكتئاب
الله يعينك هذا شي غصب حتى انا يجيني قلق وهلع لارادي واحيان يصحيني من نومي مايجي الا من التراكمات,1,0,0,الله يعينك غصب حتي انا يجيني قلق وهلع لارادي واحيان يصحيني نومي مايجي الا التراكمات,الله يعينك هذا شي غصب حتي انا يجيني قلق وهلع لارادي واحيان يصحيني من نومي مايجي الا من التراكمات
الجو كآبة,1,0,0,الجو كابه,الجو كابه
قلق من البقاءخائف من الذهاب,1,0,0,قلق البقاءخائف الذهاب,قلق من البقاءخائف من الذهاب
الرهاب مو مخليني اتكلم بالسبيس,1,0,0,الرهاب مخليني اتكلم بالسبيس,الرهاب مو مخليني اتكلم بالسبيس
"مُكتئب _x000D_
مثل حبل يَبحث عن عُنق",1,0,0,مكتئب مثل حبل يبحث عنق,مكتئب _x<NUM>D_مثل حبل يبحث عن عنق
اكتئاب 🤮,1,0,0,اكتئاب,اكتئاب 🤮
ياعم انتحار انتحار يعني دي عيشة الي احنا عايشنها,1,0,0,ياعم انتحار انتحار يعني عيشه الي احنا عايشنها,ياعم انتحار انتحار يعني دي عيشه الي احنا عايشنها
داخل علي دور اكتئاب محترم,1,0,0,داخل علي دور اكتئاب محترم,داخل علي دور اكتئاب محترم
اكتئاب صباح رمضان لازم يُدرج في قائمة الأمراض,1,0,0,اكتئاب صباح رمضان لازم يدرج قائمه الامراض,اكتئاب صباح رمضان لازم يدرج في قائمه الامراض
أنا حالياً في اسوأ مراحل الاكتئاب لدرجه اني اخاف افكر في الانتحار في يوم من الأيام 💔,1,0,0,انا حاليا اسوا مراحل الاكتئاب لدرجه اني اخاف افكر الانتحار يوم الايام,انا حاليا في اسوا مراحل الاكتئاب لدرجه اني اخاف افكر في الانتحار في يوم من الايام 💔
اكتئاب الحظر 9,1,0,0,اكتئاب الحظر,اكتئاب الحظر <NUM>
عُزلة روحية 🕊🤍,1,0,0,عزله روحيه,عزله روحيه 🕊🤍
اني اتألم الم لا اقدر على ان اصفه اتألم من الوحدة اتألم من افكاري من وجع ذكرياتي اتألم لاني لم اعد قادرة على ان احيا,1,1,0,اني اتالم الم اقدر علي اصفه اتالم الوحده اتالم افكاري وجع ذكرياتي اتالم لاني اعد قادره علي احيا,اني اتالم الم لا اقدر علي ان اصفه اتالم من الوحده اتالم من افكاري من وجع ذكرياتي اتالم لاني لم اعد قادره علي ان احيا
وعن الحال انا حزين ,1,0,0,وعن الحال انا حزين,وعن الحال انا حزين
اكره محالاوت الانتحار اكره اني اعيش,1,0,0,اكره محالاوت الانتحار اكره اني اعيش,اكره محالاوت الانتحار اكره اني اعيش
والله الواحد مايدري وش يصير فيه مدري هو اكتئاب ولا انطفاء ولا نضج ولا فقدان شغف ولا تخلف ولا حاله نفسيه واله عجزت احد وش يصيرلي,1,0,0,والله الواحد مايدري يصير فيه مدري اكتئاب ولا انطفاء ولا نضج ولا فقدان شغف ولا تخلف ولا حاله نفسيه واله عجزت احد يصيرلي,والله الواحد مايدري وش يصير فيه مدري هو اكتئاب ولا انطفاء ولا نضج ولا فقدان شغف ولا تخلف ولا حاله نفسيه واله عجزت احد وش يصيرلي
أحتاج عزلة بوسط العزلة الي أنا فيها,1,0,0,احتاج عزله بوسط العزله الي انا فيها,احتاج عزله بوسط العزله الي انا فيها
هما سبب اكتئاب فعلا بس مش كل الوقت 😂,1,0,0,هما سبب اكتئاب فعلا الوقت,هما سبب اكتئاب فعلا بس مش كل الوقت 😂
اوقات الكلام بيقف في حنجرتك مابيرداش يطلع ولا يعبر عن الي جواك خوف قلق رعب مش عارفين,1,0,0,اوقات الكلام بيقف حنجرتك مابيرداش يطلع ولا يعبر الي جواك خوف قلق رعب عارفين,اوقات الكلام بيقف في حنجرتك مابيرداش يطلع ولا يعبر عن الي جواك خوف قلق رعب مش عارفين
طب علي فكره بقي البس الاسود مش كآبه,1,0,0,علي فكره بقي البس الاسود كابه,طب علي فكره بقي البس الاسود مش كابه
هل عانيتي من اكتئاب ما بعد الحادث سالفهسناء,1,1,0,عانيتي اكتئاب الحادث سالفهسناء,هل عانيتي من اكتئاب ما بعد الحادث سالفهسناء
أحتاج عزلة في مكان هادئ تسكنهُ النجوم والجو البارد بعيدًا كل البعد عن ضجيج الناس والشوارع,1,0,0,احتاج عزله مكان هادئ تسكنه النجوم والجو البارد بعيدا البعد ضجيج الناس والشوارع,احتاج عزله في مكان هادئ تسكنه النجوم والجو البارد بعيدا كل البعد عن ضجيج الناس والشوارع
خاطري اروح مع طبيب نفسي واكلمه واخبره كل شي احس حلوات جلسات الثريبي شفت مسلسل البطل ياخذ جلسات ثريبي وحسيت انه حلو 🥵🤍,1,0,0,خاطري اروح طبيب نفسي واكلمه واخبره احس حلوات جلسات الثريبي شفت مسلسل البطل ياخذ جلسات ثريبي وحسيت انه حلو,خاطري اروح مع طبيب نفسي واكلمه واخبره كل شي احس حلوات جلسات الثريبي شفت مسلسل البطل ياخذ جلسات ثريبي وحسيت انه حلو 🥵🤍
تكفين لاتختفين ترا يجيني اكتئاب وادخل بدوامة من الاحزان,1,0,0,تكفين لاتختفين ترا يجيني اكتئاب وادخل بدوامه الاحزان,تكفين لاتختفين ترا يجيني اكتئاب وادخل بدوامه من الاحزان
الوحدة والملل↗️↗️↗️,1,0,0,الوحده والملل↗️↗️↗️,الوحده والملل↗️↗️↗️
جاني اكتئاب مابعد التخرج,1,0,0,جاني اكتئاب مابعد التخرج,جاني اكتئاب مابعد التخرج
نوبة هلع صعوبة بالتنفس كل شي اعذروني اغرد كثير بس والله تويتر قاعد يهديني,1,0,0,نوبه هلع صعوبه بالتنفس اعذروني اغرد كثير والله تويتر قاعد يهديني,نوبه هلع صعوبه بالتنفس كل شي اعذروني اغرد كثير بس والله تويتر قاعد يهديني
ومفتقده ان اكون شغوفه ومتحمسه ان اعمب حاجه لان كل حاجه انطفت في عنيا مش اكتئاب ولا حزن ولا بكاء ع اطلال بس اسلوب,1,0,0,ومفتقده اكون شغوفه ومتحمسه اعمب حاجه لان حاجه انطفت عنيا اكتئاب ولا حزن ولا بكاء اطلال اسلوب,ومفتقده ان اكون شغوفه ومتحمسه ان اعمب حاجه لان كل حاجه انطفت في عنيا مش اكتئاب ولا حزن ولا بكاء ع اطلال بس اسلوب
الصامتون موتى بطريقة ما,1,1,0,الصامتون موتي بطريقه,الصامتون موتي بطريقه ما
اكتئاب 😆,1,0,0,اكتئاب,اكتئاب 😆
لو كان الانتحار ليس طريق لنار لودعتكم منذ زمن ☘️,1,1,0,الانتحار ليس طريق لنار لودعتكم منذ زمن,لو كان الانتحار ليس طريق لنار لودعتكم منذ زمن ☘️
حلوه الأحلام والطموح الي عندي دي بس مش عايزاه ابهركم انا بفكر في الانتحار كل يوم,1,0,0,حلوه الاحلام والطموح الي عندي عايزاه ابهركم انا بفكر الانتحار يوم,حلوه الاحلام والطموح الي عندي دي بس مش عايزاه ابهركم انا بفكر في الانتحار كل يوم
ابكي انام,1,0,0,ابكي انام,ابكي انام
انتظريني لحين ماعرف اسولف احس صار عندي هلع لما اكلم اوادم😞,1,0,0,انتظريني لحين ماعرف اسولف احس صار عندي هلع لما اكلم اوادم😞,انتظريني لحين ماعرف اسولف احس صار عندي هلع لما اكلم اوادم😞
الانتحار هو الحل 👍🏻,1,0,0,الانتحار الحل,الانتحار هو الحل 👍🏻
"اغنية المقدمة حقت الشقيري جابت لي اكتئاب _x000D_
مادورك في التحسين واله كنت من جيل الثمنينات كان التحسين عندنا انه عيب نسوي شي 🥲",1,0,0,اغنيه المقدمه حقت الشقيري جابت اكتئاب مادورك التحسين واله كنت جيل الثمنينات التحسين عندنا انه عيب نسوي,اغنيه المقدمه حقت الشقيري جابت لي اكتئاب _x<NUM>D_مادورك في التحسين واله كنت من جيل الثمنينات كان التحسين عندنا انه عيب نسوي شي 🥲
قلق لانهائي,1,0,0,قلق لانهائي,قلق لانهائي
بحاجتك فأنا في حزنٍ شديد,1,0,0,بحاجتك فانا حزن شديد,بحاجتك فانا في حزن شديد
ماذا بعد الجامعه اكتئاب يكتم دين ام امك وضغط الشغل يعادل ضغط 20 جامعه,1,0,0,ماذا الجامعه اكتئاب يكتم دين امك وضغط الشغل يعادل ضغط جامعه,ماذا بعد الجامعه اكتئاب يكتم دين ام امك وضغط الشغل يعادل ضغط <NUM> جامعه
الانتحَار بالحبوب إنتحار مُسالم لن تشعر بالالم سوف تغفو فقط ولن تستيقظ مره اخرى,1,1,0,الانتحار بالحبوب انتحار مسالم تشعر بالالم سوف تغفو فقط ولن تستيقظ مره اخري,الانتحار بالحبوب انتحار مسالم لن تشعر بالالم سوف تغفو فقط ولن تستيقظ مره اخري
وله مره مقهوره بطلو تكسرونا بعدين تجون تقولون اسف ترا م يفيد كلمه من ثلاث حروف بتجبر كسر,1,0,0,وله مره مقهوره بطلو تكسرونا بعدين تجون تقولون اسف ترا يفيد كلمه ثلاث حروف بتجبر كسر,وله مره مقهوره بطلو تكسرونا بعدين تجون تقولون اسف ترا م يفيد كلمه من ثلاث حروف بتجبر كسر
الاكتئاب هخلف عيال عندهم توحد انا عارف,1,0,0,الاكتئاب هخلف عيال عندهم توحد انا عارف,الاكتئاب هخلف عيال عندهم توحد انا عارف
النفسيه انتحار والله,1,0,0,النفسيه انتحار والله,النفسيه انتحار والله
مدري ليه الانتحار حرام كان الواحد يقدر ينهي حياته ويرتاح,1,0,0,مدري ليه الانتحار حرام الواحد يقدر ينهي حياته ويرتاح,مدري ليه الانتحار حرام كان الواحد يقدر ينهي حياته ويرتاح
كأبة المنظر,1,0,0,كابه المنظر,كابه المنظر
الحبكه ذي جابتلي اكتئاب,1,0,0,الحبكه جابتلي اكتئاب,الحبكه ذي جابتلي اكتئاب
احيانًا تُدهشني هشاشتي، كيف يمكن لكلمةٍ أن تجعلني حزينًا,1,0,0,احيانا تدهشني هشاشتي، يمكن لكلمه تجعلني حزينا,احيانا تدهشني هشاشتي، كيف يمكن لكلمه ان تجعلني حزينا
منجد كآبه,1,0,0,منجد كابه,منجد كابه
هاري ماحدث من شهر فيني اكتئاب حاد اكثر منك,1,0,0,هاري ماحدث شهر فيني اكتئاب حاد اكثر منك,هاري ماحدث من شهر فيني اكتئاب حاد اكثر منك
الهم إنَّا نرجو جبرك ونرتقبُ فرجك لا نعوّل إلّا عليك ولا نؤمِّل إلا فيك هبنا الرّضا وألبِسنا السكينة نعوذ بع,1,1,0,الهم انا نرجو جبرك ونرتقب فرجك نعول الا عليك ولا نؤمل الا فيك هبنا الرضا والبسنا السكينه نعوذ,الهم انا نرجو جبرك ونرتقب فرجك لا نعول الا عليك ولا نؤمل الا فيك هبنا الرضا والبسنا السكينه نعوذ بع
"لأول مرة في حياتي أفهم تماماً تعبير ""يعتصر الألم قلبه"" لأنني أعيشه، استيقظ ليلاً عشر مرات على الأقل أشعر فيها أن قلبي لن يصمد أكثر",1,1,1,لاول مره حياتي افهم تماما تعبير يعتصر الالم قلبه لانني اعيشه، استيقظ ليلا عشر مرات علي الاقل اشعر فيها قلبي يصمد اكثر,"لاول مره في حياتي افهم تماما تعبير ""يعتصر الالم قلبه"" لانني اعيشه، استيقظ ليلا عشر مرات علي الاقل اشعر فيها ان قلبي لن يصمد اكثر"
نفسي اعرف اذا في احد مريض مختل زي ينام طبيعي بس يحزن نفسه وهو نايم ويصحى مكتئب وقلبه يتألم ومايعرف من ايش ,1,0,0,نفسي اعرف اذا احد مريض مختل ينام طبيعي يحزن نفسه وهو نايم ويصحي مكتئب وقلبه يتالم ومايعرف ايش,نفسي اعرف اذا في احد مريض مختل زي ينام طبيعي بس يحزن نفسه وهو نايم ويصحي مكتئب وقلبه يتالم ومايعرف من ايش
الف حزن والف ذكرى والف ضيق وقلب واحد,1,0,0,الف حزن والف ذكري والف ضيق وقلب واحد,الف حزن والف ذكري والف ضيق وقلب واحد
احس احتاج طبيب نفسي,1,0,0,احس احتاج طبيب نفسي,احس احتاج طبيب نفسي
بعد اقتناع أهلي كلمت دكتوري الي يعالجني وبعد جلسة نقاش مع دكتورة كانت فاهمتني جداً شخصوني تشخيص مبدئي بإني اعاني من الاكتئاب,1,0,1,اقتناع اهلي كلمت دكتوري الي يعالجني وبعد جلسه نقاش دكتوره فاهمتني جدا شخصوني تشخيص مبدئي باني اعاني الاكتئاب,بعد اقتناع اهلي كلمت دكتوري الي يعالجني وبعد جلسه نقاش مع دكتوره كانت فاهمتني جدا شخصوني تشخيص مبدئي باني اعاني من الاكتئاب
الواحد لما بقعد لوحدي بفتكر سنه ٢٠١٩ لان مكنتش لوحدي كانت اختي بتشاركني كل حاجه فرحتنا و زعلنا و الكلام و كل حاجه ,1,0,0,الواحد لما بقعد لوحدي بفتكر سنه ٢٠١٩ لان مكنتش لوحدي اختي بتشاركني حاجه فرحتنا زعلنا الكلام حاجه,الواحد لما بقعد لوحدي بفتكر سنه <NUM><NUM><NUM><NUM> لان مكنتش لوحدي كانت اختي بتشاركني كل حاجه فرحتنا و زعلنا و الكلام و كل حاجه
فقدت السيطرة على الوضع وقمت ابكي,1,0,0,فقدت السيطره علي الوضع وقمت ابكي,فقدت السيطره علي الوضع وقمت ابكي
تاكدت اني بنت الصباح لان جايني اكتئاب لاني ماقوم الصباح واكل واجلس واكيف🥲,1,0,0,تاكدت اني بنت الصباح لان جايني اكتئاب لاني ماقوم الصباح واكل واجلس واكيف🥲,تاكدت اني بنت الصباح لان جايني اكتئاب لاني ماقوم الصباح واكل واجلس واكيف🥲
نوبه اكتئاب,1,0,0,نوبه اكتئاب,نوبه اكتئاب
الحزن أكل روحي,1,0,0,الحزن اكل روحي,الحزن اكل روحي
السنين من بعد ٢٠١٥ كلها شبه بعضها حزن و كآبة 😂,1,0,0,السنين ٢٠١٥ كلها شبه بعضها حزن كابه,السنين من بعد <NUM><NUM><NUM><NUM> كلها شبه بعضها حزن و كابه 😂
كأبه ونكد وبؤس وشويه حجات فوء بعض🦦,1,0,0,كابه ونكد وبؤس وشويه حجات فوء بعض🦦,كابه ونكد وبؤس وشويه حجات فوء بعض🦦
اعيش حالة اكتئاب بسبب ان رياكشناتي كلها انحذفت 🥺 انا كيف اعيش وكيف اعبر بدونهم,1,0,0,اعيش حاله اكتئاب بسبب رياكشناتي كلها انحذفت انا اعيش وكيف اعبر بدونهم,اعيش حاله اكتئاب بسبب ان رياكشناتي كلها انحذفت 🥺 انا كيف اعيش وكيف اعبر بدونهم
الوحده في هذا الوقت مؤلمة ، اتذكر ان احدهم كان يشاركني وحدتي في هذا الوقت لكنه ذهب و تركني وحيداً.,1,0,0,الوحده الوقت مؤلمه اتذكر احدهم يشاركني وحدتي الوقت لكنه ذهب تركني وحيدا,الوحده في هذا الوقت مؤلمه ، اتذكر ان احدهم كان يشاركني وحدتي في هذا الوقت لكنه ذهب و تركني وحيدا.
حاله هلع,1,0,0,حاله هلع,حاله هلع
وربي احس اني تعبانه ومعاي قلق ولا جاني النوم 💔😭,1,0,0,وربي احس اني تعبانه ومعاي قلق ولا جاني النوم,وربي احس اني تعبانه ومعاي قلق ولا جاني النوم 💔😭
اكبر ضرر سببته لي الاباحية هو الرهاب الاجتماعي هذا الي اعدم حياتي بدون مبالغه هذا غير الاضرار الثانيه لكن هذا الاكبر,1,1,0,اكبر ضرر سببته الاباحيه الرهاب الاجتماعي الي اعدم حياتي بدون مبالغه غير الاضرار الثانيه الاكبر,اكبر ضرر سببته لي الاباحيه هو الرهاب الاجتماعي هذا الي اعدم حياتي بدون مبالغه هذا غير الاضرار الثانيه لكن هذا الاكبر
بسم اله نبدأ حملة كآبه جديدة,1,0,0,بسم اله نبدا حمله كابه جديده,بسم اله نبدا حمله كابه جديده
مرهقه متكسره تعبانه اكتئاب موت دمار كل عضله بجسمي تصرخ,1,0,0,مرهقه متكسره تعبانه اكتئاب موت دمار عضله بجسمي تصرخ,مرهقه متكسره تعبانه اكتئاب موت دمار كل عضله بجسمي تصرخ
كآبه كآبه كآبه,1,0,0,كابه كابه كابه,كابه كابه كابه
ماعاد لي نفس ابكي يأس من كل شي,1,0,0,ماعاد نفس ابكي ياس,ماعاد لي نفس ابكي ياس من كل شي
اعوذ بك من كآبة المنظر وسوء المنقلب 🚶🏻‍♂️,1,0,0,اعوذ كابه المنظر وسوء المنقلب 🚶🏻‍♂️,اعوذ بك من كابه المنظر وسوء المنقلب 🚶🏻♂️
بل بل شالاكتئاب وانا مب حول الاكتئاب ولا اعرفه🤣,1,0,0,شالاكتئاب وانا حول الاكتئاب ولا اعرفه🤣,بل بل شالاكتئاب وانا مب حول الاكتئاب ولا اعرفه🤣
إكتئاب بعد السحور هو ألعن شي في الكون,1,0,0,اكتئاب السحور العن الكون,اكتئاب بعد السحور هو العن شي في الكون
السواد الي تحت عيني مش مرض ده قلة راحة وملامحي المقفولة مش كره لناس دي فرط حزن وعصبيتي مش غباء ده ضغط بحاول اعديه,1,0,0,السواد الي تحت عيني مرض قله راحه وملامحي المقفوله كره لناس فرط حزن وعصبيتي غباء ضغط بحاول اعديه,السواد الي تحت عيني مش مرض ده قله راحه وملامحي المقفوله مش كره لناس دي فرط حزن وعصبيتي مش غباء ده ضغط بحاول اعديه
"حرفياً لا نوم ولا دراسة_x000D_
بس تفكير و قلق",1,1,0,حرفيا نوم ولا دراسه تفكير قلق,حرفيا لا نوم ولا دراسه_x<NUM>D_بس تفكير و قلق
تخيل تبقي مكتئب ومتراكم عليك مواد مش عارف تخلصها يعني حزين وهتسقط,1,0,0,تخيل تبقي مكتئب ومتراكم عليك مواد عارف تخلصها يعني حزين وهتسقط,تخيل تبقي مكتئب ومتراكم عليك مواد مش عارف تخلصها يعني حزين وهتسقط
الاكتئاب الي يجيني بدون سبب هو ثاني اسوء شي بحياتي ورا حياتي نفسها,1,1,0,الاكتئاب الي يجيني بدون سبب ثاني اسوء بحياتي ورا حياتي نفسها,الاكتئاب الي يجيني بدون سبب هو ثاني اسوء شي بحياتي ورا حياتي نفسها
أبكي لأني في فترةٍ سيئةٍ لا أقدر على تخطي مرارتها وحدي,1,1,0,ابكي لاني فتره سيئه اقدر علي تخطي مرارتها وحدي,ابكي لاني في فتره سيئه لا اقدر علي تخطي مرارتها وحدي
حزن 😔💔,1,0,0,حزن,حزن 😔💔
اف جي تجن وكيوتي احبها موىت طلعتني من كآبه كينقدوم,1,0,0,تجن وكيوتي احبها مويت طلعتني كابه كينقدوم,اف جي تجن وكيوتي احبها مويت طلعتني من كابه كينقدوم
يجيني نوبة هلع لمن اتأخر على مواعيد المستشفيات 😖,1,0,0,يجيني نوبه هلع لمن اتاخر علي مواعيد المستشفيات,يجيني نوبه هلع لمن اتاخر علي مواعيد المستشفيات 😖
"أنا في الشغل انا اتخنقت بجد عايزة اجازة مش قادرة اكمل _x000D_
أنا في الإجازة انا جالي اكتئاب خلاص عايزة انزل مش قادرة اقعد في البيت",1,0,0,انا الشغل انا اتخنقت بجد عايزه اجازه قادره اكمل انا الاجازه انا جالي اكتئاب خلاص عايزه انزل قادره اقعد البيت,انا في الشغل انا اتخنقت بجد عايزه اجازه مش قادره اكمل _x<NUM>D_انا في الاجازه انا جالي اكتئاب خلاص عايزه انزل مش قادره اقعد في البيت
واله الواحد معد يدري هو اكتئاب ولا انطفاء ولا نضج ولا حاله نفسيه ولا هذي شخصيته,1,0,0,واله الواحد معد يدري اكتئاب ولا انطفاء ولا نضج ولا حاله نفسيه ولا هذي شخصيته,واله الواحد معد يدري هو اكتئاب ولا انطفاء ولا نضج ولا حاله نفسيه ولا هذي شخصيته
اليوم احس فيني اكتئاب ودي اطير من فوق البنايه ✋🏽,1,0,0,اليوم احس فيني اكتئاب ودي اطير فوق البنايه,اليوم احس فيني اكتئاب ودي اطير من فوق البنايه ✋🏽
"ياربّ أمطِر عليَّ بِعَفوٍ إنِّي مُكتئِبٌ _x000D_
فالذَّنبُ أرهَقنِي والقَلبُ أواب",1,0,0,يارب امطر علي بعفو اني مكتئب فالذنب ارهقني والقلب اواب,يارب امطر علي بعفو اني مكتئب _x<NUM>D_فالذنب ارهقني والقلب اواب
في مسلسل اسمه ملوك الجدعنة موت البنت الي اسمها حبيبة ولما غسلوها ودفنوها وكدة انا انهرت عياط بمعنى ك,1,0,0,مسلسل اسمه ملوك الجدعنه موت البنت الي اسمها حبيبه ولما غسلوها ودفنوها وكده انا انهرت عياط بمعني,في مسلسل اسمه ملوك الجدعنه موت البنت الي اسمها حبيبه ولما غسلوها ودفنوها وكده انا انهرت عياط بمعني ك
اكتئاب مابعده اكتئاب,1,0,0,اكتئاب مابعده اكتئاب,اكتئاب مابعده اكتئاب
احس أبي ابكي من دون سبب 🕴️,1,0,0,احس ابي ابكي دون سبب,احس ابي ابكي من دون سبب 🕴️
الجو ده يجيب إكتئاب بجد,1,0,0,الجو يجيب اكتئاب بجد,الجو ده يجيب اكتئاب بجد
كنتُ اغرق في بحر الاسود وضغط هواءُ في صدري وكأنهُ انتحارًُ بطيئ,1,0,0,كنت اغرق بحر الاسود وضغط هواء صدري وكانه انتحار بطيئ,كنت اغرق في بحر الاسود وضغط هواء في صدري وكانه انتحار بطيئ
الحزن مظله يندمج تحتها مشاعر كثيره ومسميات كثيره ضيق اكتئاب تبلد طفش وحده فقدان لشغف فقدان لذه الحياه كلها تندرج تحت الحزن كنبة السبت,1,0,0,الحزن مظله يندمج تحتها مشاعر كثيره ومسميات كثيره ضيق اكتئاب تبلد طفش وحده فقدان لشغف فقدان لذه الحياه كلها تندرج تحت الحزن كنبه السبت,الحزن مظله يندمج تحتها مشاعر كثيره ومسميات كثيره ضيق اكتئاب تبلد طفش وحده فقدان لشغف فقدان لذه الحياه كلها تندرج تحت الحزن كنبه السبت
هالفتره ماتنبلع بجميع الأشكال تكفون كآبه,1,0,0,هالفتره ماتنبلع بجميع الاشكال تكفون كابه,هالفتره ماتنبلع بجميع الاشكال تكفون كابه
"٠_x000D_
٠_x000D_
_x000D_
عُزلة آخر اليل اعادة ترتيب لحياة💛",1,0,0,عزله اخر اليل اعاده ترتيب لحياه💛,<NUM>_x<NUM>D_<NUM>_x<NUM>D__x<NUM>D_عزله اخر اليل اعاده ترتيب لحياه💛
مفيش اسوأ من لما تبقا مكتئب و مش عايز تقول لحد فلما حد يسألك تقوله سبب سخيف و بيبقا شكلك اهبل,1,0,0,مفيش اسوا لما تبقا مكتئب عايز تقول لحد فلما يسالك تقوله سبب سخيف بيبقا شكلك اهبل,مفيش اسوا من لما تبقا مكتئب و مش عايز تقول لحد فلما حد يسالك تقوله سبب سخيف و بيبقا شكلك اهبل
انا كل لبسى اسود وبلاقينى فيه مش شرط كآبه شياكه بلس انى خدت عليه وبرتاح فيه,1,0,0,انا لبسي اسود وبلاقيني فيه شرط كابه شياكه بلس اني خدت عليه وبرتاح فيه,انا كل لبسي اسود وبلاقيني فيه مش شرط كابه شياكه بلس اني خدت عليه وبرتاح فيه
أبكي بلا سبب واضح,1,0,0,ابكي بلا سبب واضح,ابكي بلا سبب واضح
الواحد مايدري اكتئاب ولا انطفاء ولا نضج ولا انعدام شغف ولا حاله نفسيه ولا هذي شخصيته,1,0,0,الواحد مايدري اكتئاب ولا انطفاء ولا نضج ولا انعدام شغف ولا حاله نفسيه ولا هذي شخصيته,الواحد مايدري اكتئاب ولا انطفاء ولا نضج ولا انعدام شغف ولا حاله نفسيه ولا هذي شخصيته
هذا اكتئاب مابعد تسديد الفاتوره,1,0,0,اكتئاب مابعد تسديد الفاتوره,هذا اكتئاب مابعد تسديد الفاتوره
مايمدي اموت بدون مايعتبر انتحار وادخل النار,1,1,0,مايمدي اموت بدون مايعتبر انتحار وادخل النار,مايمدي اموت بدون مايعتبر انتحار وادخل النار
اي شخص ما عنده اكتئاب احس ما عنده هم ابداً سوا الدلع,1,1,0,شخص عنده اكتئاب احس عنده ابدا سوا الدلع,اي شخص ما عنده اكتئاب احس ما عنده هم ابدا سوا الدلع
هو انا لو قعدت ساعتين من غير قلق هياخدوني غياب,1,1,0,انا قعدت ساعتين غير قلق هياخدوني غياب,هو انا لو قعدت ساعتين من غير قلق هياخدوني غياب
وصح لاني كمان قبل لا انام رجعت ابكي,1,1,0,وصح لاني كمان انام رجعت ابكي,وصح لاني كمان قبل لا انام رجعت ابكي
فعلاً لذلك مهم جداً فترة عُزلة وتنظيف عميق بعد أي موقف ترك فيك أثر مُش لطيف,1,0,1,فعلا مهم جدا فتره عزله وتنظيف عميق موقف ترك فيك اثر لطيف,فعلا لذلك مهم جدا فتره عزله وتنظيف عميق بعد اي موقف ترك فيك اثر مش لطيف
انا أبكي ايضًا لكني أبكي بلا دمع بلا شهقة حزن ولا انطفاء وهذا ما جعلني ابدو بخير تمامًا بينما قلبي يحترق💔😔,1,1,0,انا ابكي ايضا لكني ابكي بلا دمع بلا شهقه حزن ولا انطفاء وهذا جعلني ابدو بخير تماما بينما قلبي يحترق💔😔,انا ابكي ايضا لكني ابكي بلا دمع بلا شهقه حزن ولا انطفاء وهذا ما جعلني ابدو بخير تماما بينما قلبي يحترق💔😔
"_x000D_انا المطر والمساحات المفتوحه والغابات والاماكن الي فيها غابات والصحراء الواسعه تسب لي اكتئاب وهلع 
_x000D_
",1,0,0,انا المطر والمساحات المفتوحه والغابات والاماكن الي فيها غابات والصحراء الواسعه تسب اكتئاب وهلع,_x<NUM>D_انا المطر والمساحات المفتوحه والغابات والاماكن الي فيها غابات والصحراء الواسعه تسب لي اكتئاب وهلع _x<NUM>D_
ماعاد لي طاقه اتحمل! تعبت من هالحياه وهالبشر!,1,0,0,ماعاد طاقه اتحمل تعبت هالحياه وهالبشر,ماعاد لي طاقه اتحمل! تعبت من هالحياه وهالبشر!
قاعدة امسك دموعي وانتظر اختلي بغرفتي عشان أبكي,1,0,0,قاعده امسك دموعي وانتظر اختلي بغرفتي عشان ابكي,قاعده امسك دموعي وانتظر اختلي بغرفتي عشان ابكي
حتى انا اي يومين ماقدر انام قلق,1,0,0,حتي انا يومين ماقدر انام قلق,حتي انا اي يومين ماقدر انام قلق
لا الأجواء فيها كآبة 😪,1,1,0,الاجواء فيها كابه,لا الاجواء فيها كابه 😪
ومفش احقر من انك تمشي لشخص تحكيله شي واجعك وتكون مكتئب وياخذ موضوعك ب استهزاء وما يحسش ولا حتى يكتئب معاك,1,0,0,ومفش احقر انك تمشي لشخص تحكيله واجعك وتكون مكتئب وياخذ موضوعك استهزاء وما يحسش ولا حتي يكتئب معاك,ومفش احقر من انك تمشي لشخص تحكيله شي واجعك وتكون مكتئب وياخذ موضوعك ب استهزاء وما يحسش ولا حتي يكتئب معاك
يمكن تمر بفترة اكتئاب او فيها مس او اي سب آخر وشكراً لك كل ذوق حبيت ردودك اله يزيدك نور 💞,1,0,0,يمكن تمر بفتره اكتئاب فيها اخر وشكرا ذوق حبيت ردودك اله يزيدك نور,يمكن تمر بفتره اكتئاب او فيها مس او اي سب اخر وشكرا لك كل ذوق حبيت ردودك اله يزيدك نور 💞
الحياه قاعده تمردغني من كل جه احتاج طريقة انتحار اسلاميه,1,0,0,الحياه قاعده تمردغني احتاج طريقه انتحار اسلاميه,الحياه قاعده تمردغني من كل جه احتاج طريقه انتحار اسلاميه
عندما يعجز الإنسان عن إخراج مابداخله، يبكي,1,0,0,عندما يعجز الانسان اخراج مابداخله، يبكي,عندما يعجز الانسان عن اخراج مابداخله، يبكي
النمر انا ف مرحلة اكتئاب رهيبة رهيبه حاس قلبي بينزف حد يتكلم معايا,1,0,0,النمر انا مرحله اكتئاب رهيبه رهيبه حاس قلبي بينزف يتكلم معايا,النمر انا ف مرحله اكتئاب رهيبه رهيبه حاس قلبي بينزف حد يتكلم معايا
اكتئاب مؤقت✋🏻,1,0,0,اكتئاب مؤقت✋🏻,اكتئاب مؤقت✋🏻
حياتي بقت عباره عن ميكس اكتئاب علي خوازيق,1,0,0,حياتي بقت عباره ميكس اكتئاب علي خوازيق,حياتي بقت عباره عن ميكس اكتئاب علي خوازيق
عشان انا واد مكتئب😂,1,0,0,عشان انا واد مكتئب😂,عشان انا واد مكتئب😂
عالأغلب اكتئاب,1,0,0,عالاغلب اكتئاب,عالاغلب اكتئاب
اكتئاب نوبه هلع,1,0,0,اكتئاب نوبه هلع,اكتئاب نوبه هلع
عُزله طويله,1,0,0,عزله طويله,عزله طويله
و صارت وايد اشياء بعدها و طلع هذا الشيء كله اكتئاب,1,0,0,صارت وايد اشياء بعدها طلع الشيء كله اكتئاب,و صارت وايد اشياء بعدها و طلع هذا الشيء كله اكتئاب
تخيل اصلا تبقي مكتئب ومفروض تكمل حياتك عادي وتذاكر اناتومي وهيدرو ومواد اساسا تجيب اكتئاب لوحدها,1,0,0,تخيل اصلا تبقي مكتئب ومفروض تكمل حياتك عادي وتذاكر اناتومي وهيدرو ومواد اساسا تجيب اكتئاب لوحدها,تخيل اصلا تبقي مكتئب ومفروض تكمل حياتك عادي وتذاكر اناتومي وهيدرو ومواد اساسا تجيب اكتئاب لوحدها
ليه ربنا ميعجلش بموتي ,1,0,0,ليه ربنا ميعجلش بموتي,ليه ربنا ميعجلش بموتي
قعدتنا بتجيب اكتئاب أكتر ماحنا مكتئبين💔,1,0,0,قعدتنا بتجيب اكتئاب اكتر ماحنا مكتئبين💔,قعدتنا بتجيب اكتئاب اكتر ماحنا مكتئبين💔
بعدين اقول لي يجيني اكتئاب و ابكي قبل مانام استاهل🙂👌🏼,1,0,0,بعدين اقول يجيني اكتئاب ابكي مانام استاهل🙂👌🏼,بعدين اقول لي يجيني اكتئاب و ابكي قبل مانام استاهل🙂👌🏼
حزينه وفاقده كل الحنان والحزن في حياتي مطلقه له العنان وكل من شافني أشر بالبنان ويقول هالبنت مليانه كآبه بالاطنان,1,0,0,حزينه وفاقده الحنان والحزن حياتي مطلقه العنان وكل شافني اشر بالبنان ويقول هالبنت مليانه كابه بالاطنان,حزينه وفاقده كل الحنان والحزن في حياتي مطلقه له العنان وكل من شافني اشر بالبنان ويقول هالبنت مليانه كابه بالاطنان
اه اكره كذا لمن دخلت اكتئاب اكره هالسالفة اله ياخذها 💔,1,0,0,اكره كذا لمن دخلت اكتئاب اكره هالسالفه اله ياخذها,اه اكره كذا لمن دخلت اكتئاب اكره هالسالفه اله ياخذها 💔
"انا مرهق جسد يا رب انا من طين _x000D_
انا كعبة حزن فيها الحزين يطوف",1,0,0,انا مرهق جسد انا طين انا كعبه حزن فيها الحزين يطوف,انا مرهق جسد يا رب انا من طين _x<NUM>D_انا كعبه حزن فيها الحزين يطوف
ليلة باردة وأنا مُكتئب الطريق بعيد والقدمان مُتعبان ثمة ظلام والسراج ميت,1,0,0,ليله بارده وانا مكتئب الطريق بعيد والقدمان متعبان ثمه ظلام والسراج ميت,ليله بارده وانا مكتئب الطريق بعيد والقدمان متعبان ثمه ظلام والسراج ميت
خصوصا المبات الطويله ذي تجيب اكتئاب وتوتر وطاقه سلبيع,1,0,0,خصوصا المبات الطويله تجيب اكتئاب وتوتر وطاقه سلبيع,خصوصا المبات الطويله ذي تجيب اكتئاب وتوتر وطاقه سلبيع
عايز اموت بس خايف علي اهلي من بعدي,1,0,0,عايز اموت خايف علي اهلي بعدي,عايز اموت بس خايف علي اهلي من بعدي
الواحد ما يعرف هذا اكتئاب ولا انطفاء ولا نضج ولا انعدام شغف ولا تخلف ولا مل ولا,1,1,0,الواحد يعرف اكتئاب ولا انطفاء ولا نضج ولا انعدام شغف ولا تخلف ولا ولا,الواحد ما يعرف هذا اكتئاب ولا انطفاء ولا نضج ولا انعدام شغف ولا تخلف ولا مل ولا
لا مقرفه مو ناقصه اكتئاب بعد,1,1,0,مقرفه ناقصه اكتئاب,لا مقرفه مو ناقصه اكتئاب بعد
واله منا عارف هو اكتئاب ولا انطفاء ولا نضج ولا واحده,1,0,0,واله منا عارف اكتئاب ولا انطفاء ولا نضج ولا واحده,واله منا عارف هو اكتئاب ولا انطفاء ولا نضج ولا واحده
جتني نوبة كآبة فجائية,1,0,0,جتني نوبه كابه فجائيه,جتني نوبه كابه فجائيه
حزن 😩💔بكي,1,0,0,حزن 😩💔بكي,حزن 😩💔بكي
تفكير مهلك ، نوم بعمق ، أكل معدوم ، وأبتسامه مزيفه ، بكل بساطه سيستمر ألامر هكذا.,1,0,0,تفكير مهلك نوم بعمق اكل معدوم وابتسامه مزيفه بكل بساطه سيستمر الامر هكذا,تفكير مهلك ، نوم بعمق ، اكل معدوم ، وابتسامه مزيفه ، بكل بساطه سيستمر الامر هكذا.
احسني جالسه ادخل حاله اكتئاب اله يستر,1,0,0,احسني جالسه ادخل حاله اكتئاب اله يستر,احسني جالسه ادخل حاله اكتئاب اله يستر
اكتئاب تاني هو انا خلصت الي معايا طيب,1,0,0,اكتئاب تاني انا خلصت الي معايا طيب,اكتئاب تاني هو انا خلصت الي معايا طيب
اه حزن,1,0,0,حزن,اه حزن
حاس بخنقه كبيره و ٢٤ ساعة عايز ابكي قلبي تقيل اوي واحساس العجز والغضب متملكني ,1,0,0,حاس بخنقه كبيره ساعه عايز ابكي قلبي تقيل اوي واحساس العجز والغضب متملكني,حاس بخنقه كبيره و <NUM><NUM> ساعه عايز ابكي قلبي تقيل اوي واحساس العجز والغضب متملكني
يارب حضوري الدراسة عن بعد عبارة عن اكتئاب وصداع نصفي,1,0,0,يارب حضوري الدراسه عباره اكتئاب وصداع نصفي,يارب حضوري الدراسه عن بعد عباره عن اكتئاب وصداع نصفي
اخ ليتني ماشفت بناتا فيش اكتئاب لسما😣😔,1,0,0,ليتني ماشفت بناتا فيش اكتئاب لسما😣😔,اخ ليتني ماشفت بناتا فيش اكتئاب لسما😣😔
والله اكتئاب استغفر الله,1,0,0,والله اكتئاب استغفر الله,والله اكتئاب استغفر الله
واله ما أنا عارف هو اكتئابولا انطفاء ولا نضجولا وحدةولا توحد ولا😂,1,1,0,واله انا عارف اكتئابولا انطفاء ولا نضجولا وحدهولا توحد ولا😂,واله ما انا عارف هو اكتئابولا انطفاء ولا نضجولا وحدهولا توحد ولا😂
احنا ناخد الاسبوع ده اكتئاب والاسبوع الجاي ناخده اكتئاب برده يعني مفيهاش حاجه,1,0,0,احنا ناخد الاسبوع اكتئاب والاسبوع الجاي ناخده اكتئاب برده يعني مفيهاش حاجه,احنا ناخد الاسبوع ده اكتئاب والاسبوع الجاي ناخده اكتئاب برده يعني مفيهاش حاجه
انا واحد مش فاهمنى ومخنوق ومكتئب ومش عارف مكتئب ليه,1,0,0,انا واحد فاهمني ومخنوق ومكتئب ومش عارف مكتئب ليه,انا واحد مش فاهمني ومخنوق ومكتئب ومش عارف مكتئب ليه
احس ابغى ابكي او شي,1,0,0,احس ابغي ابكي,احس ابغي ابكي او شي
"هاتف مغلق عزلة بحر صوت الأمواج هدوء ذهن يخلو من أي شيء_x000D_
هكذا تكون أقصا أمانينا أحيانا",1,0,0,هاتف مغلق عزله بحر صوت الامواج هدوء ذهن يخلو شيء هكذا تكون اقصا امانينا احيانا,هاتف مغلق عزله بحر صوت الامواج هدوء ذهن يخلو من اي شيء_x<NUM>D_هكذا تكون اقصا امانينا احيانا
"ام الوايجي انا معي اكتئاب بسب نقص فيتامين دال مكن تسالي البنات افضل حبوب لنقص الفيتامين ايش هي — _x000D_
بسأل لك بس اسأ",1,0,0,الوايجي انا معي اكتئاب بسب نقص فيتامين دال مكن تسالي البنات افضل حبوب لنقص الفيتامين ايش بسال اسا,ام الوايجي انا معي اكتئاب بسب نقص فيتامين دال مكن تسالي البنات افضل حبوب لنقص الفيتامين ايش هي - _x<NUM>D_بسال لك بس اسا
شكله تأثير بروزاك .. توي أذكر اني مدبلتهم اليوم .. وأنا أقول وش هالشعور الحلو والحين بس أتبوسم وأضحك بدون سبب,1,1,0,شكله تاثير بروزاك توي اذكر اني مدبلتهم اليوم وانا اقول هالشعور الحلو والحين اتبوسم واضحك بدون سبب,شكله تاثير بروزاك .. توي اذكر اني مدبلتهم اليوم .. وانا اقول وش هالشعور الحلو والحين بس اتبوسم واضحك بدون سبب
الاكتئاب بدا يعمل عمايلو,1,0,0,الاكتئاب بدا يعمل عمايلو,الاكتئاب بدا يعمل عمايلو
في لحظة حُزن بتحس بيها لما تعب جدا وتسعى بشدة علشان توصل لحاجة ومتجيش لحظة الزعل دي بتكون فيها كمية طاقة انك عا,1,0,1,لحظه حزن بتحس بيها لما تعب جدا وتسعي بشده علشان توصل لحاجه ومتجيش لحظه الزعل بتكون فيها كميه طاقه انك,في لحظه حزن بتحس بيها لما تعب جدا وتسعي بشده علشان توصل لحاجه ومتجيش لحظه الزعل دي بتكون فيها كميه طاقه انك عا
لي ساعه ابكي مو قاده اوقف,1,0,0,ساعه ابكي قاده اوقف,لي ساعه ابكي مو قاده اوقف
فُقدان الشغف أسوء من الاكتئاب 💔😊,1,0,0,فقدان الشغف اسوء الاكتئاب,فقدان الشغف اسوء من الاكتئاب 💔😊
كيف أتخلص من عقدة الانتقاد صاير كل ما اتابع شيء مو قادر استمتع فيه بسب افكار المستحنكين الي زرعوها في راسي مو قادرة,1,1,0,اتخلص عقده الانتقاد صاير اتابع شيء قادر استمتع فيه بسب افكار المستحنكين الي زرعوها راسي قادره,كيف اتخلص من عقده الانتقاد صاير كل ما اتابع شيء مو قادر استمتع فيه بسب افكار المستحنكين الي زرعوها في راسي مو قادره
ناس تلاقيها مبسوطه وناس تلاقيها حزينه وناس بدارى وراه الضحكه حزن عشان تكمل حياتها وناس تلاقيها حزينه ومستنيه فرحه ك,1,0,0,ناس تلاقيها مبسوطه وناس تلاقيها حزينه وناس بداري وراه الضحكه حزن عشان تكمل حياتها وناس تلاقيها حزينه ومستنيه فرحه,ناس تلاقيها مبسوطه وناس تلاقيها حزينه وناس بداري وراه الضحكه حزن عشان تكمل حياتها وناس تلاقيها حزينه ومستنيه فرحه ك
اله يبشرك بالخير انا شخصيا اصبح عندي اكتئاب بسب الملف هذا,1,0,0,اله يبشرك بالخير انا شخصيا اصبح عندي اكتئاب بسب الملف,اله يبشرك بالخير انا شخصيا اصبح عندي اكتئاب بسب الملف هذا
في مود كآبه مسيطر عليا ومش عايزه استستلم,1,0,0,مود كابه مسيطر عليا ومش عايزه استستلم,في مود كابه مسيطر عليا ومش عايزه استستلم
صديقتي فيها اكتئاب وخوف واكبر خوف مسب لها ازمة ان عمرها يكون طويل مدري وش اسوي كل ماتكلمت اقعد ابكي ,1,0,0,صديقتي فيها اكتئاب وخوف واكبر خوف مسب لها ازمه عمرها طويل مدري اسوي ماتكلمت اقعد ابكي,صديقتي فيها اكتئاب وخوف واكبر خوف مسب لها ازمه ان عمرها يكون طويل مدري وش اسوي كل ماتكلمت اقعد ابكي
وش دعوه ليه ابكي ماقدر😭,1,0,0,دعوه ليه ابكي ماقدر😭,وش دعوه ليه ابكي ماقدر😭
الاكتئاب بقي جزء منا😂😇😔😪😓,1,0,0,الاكتئاب بقي جزء منا😂😇😔😪😓,الاكتئاب بقي جزء منا😂😇😔😪😓
اقوى حزن,1,0,0,اقوي حزن,اقوي حزن
احس نفسي ابكي بس تعبت من النكد 😔💔,1,0,0,احس نفسي ابكي تعبت النكد,احس نفسي ابكي بس تعبت من النكد 😔💔
قاعده ابكي شفت صوري بداية 2018 كان شعري حلو وبشرتي حتى عيوني فيها لمعه لاني وقتها كنت مرتاحه نفسيا 😭,1,0,0,قاعده ابكي شفت صوري بدايه شعري حلو وبشرتي حتي عيوني فيها لمعه لاني وقتها كنت مرتاحه نفسيا,قاعده ابكي شفت صوري بدايه <NUM> كان شعري حلو وبشرتي حتي عيوني فيها لمعه لاني وقتها كنت مرتاحه نفسيا 😭
حسبى اله ونعم الوكيل فالى خلى الإنسان يخاف يطلع من البيت عشان مايرجعش مكتئب,1,0,0,حسبي اله ونعم الوكيل فالي خلي الانسان يخاف يطلع البيت عشان مايرجعش مكتئب,حسبي اله ونعم الوكيل فالي خلي الانسان يخاف يطلع من البيت عشان مايرجعش مكتئب
اكتئاب ما بعد الاجازة,1,1,0,اكتئاب الاجازه,اكتئاب ما بعد الاجازه
أشعر بأن هناك نوعاً من الركود في روحي كل شيء أصبح باهتاً .,1,0,0,اشعر بان نوعا الركود روحي شيء اصبح باهتا,اشعر بان هناك نوعا من الركود في روحي كل شيء اصبح باهتا .
"طب انا مكتئب _x000D_
الفديو ده إيه 😂🤔",1,0,0,انا مكتئب الفديو ايه,طب انا مكتئب _x<NUM>D_الفديو ده ايه 😂🤔
ده اكتئاب صح😒,1,0,0,اكتئاب صح😒,ده اكتئاب صح😒
اليوم جلست اتأمل آخر محاولة انتحار لي لحظه اجى بالي اني بهذيك الفتره كان عندي اشياء اتمسك فيها او اتمسك بالحياه ,1,0,0,اليوم جلست اتامل اخر محاوله انتحار لحظه اجي بالي اني بهذيك الفتره عندي اشياء اتمسك فيها اتمسك بالحياه,اليوم جلست اتامل اخر محاوله انتحار لي لحظه اجي بالي اني بهذيك الفتره كان عندي اشياء اتمسك فيها او اتمسك بالحياه
اريد طبيب نفسي عيادته في الخرطوم اعاني من نوبات هلع,1,0,0,اريد طبيب نفسي عيادته الخرطوم اعاني نوبات هلع,اريد طبيب نفسي عيادته في الخرطوم اعاني من نوبات هلع
يارب احميني من نفسي بجد انا عندي طاقة اكتئاب رهيبة و كل العوامل الي تساعدني عليه كمان,1,0,0,يارب احميني نفسي بجد انا عندي طاقه اكتئاب رهيبه العوامل الي تساعدني عليه كمان,يارب احميني من نفسي بجد انا عندي طاقه اكتئاب رهيبه و كل العوامل الي تساعدني عليه كمان
سويلي وطرشيلي داخله ف اكتئاب بسبه امتحان اليوم,1,0,0,سويلي وطرشيلي داخله اكتئاب بسبه امتحان اليوم,سويلي وطرشيلي داخله ف اكتئاب بسبه امتحان اليوم
عزلة لترتيب ماتبعثر من أوراق الحياة استودعكم اله الذي لاتضيع ودائعه  وفي حفظ اله ورعايته,1,0,0,عزله لترتيب ماتبعثر اوراق الحياه استودعكم اله الذي لاتضيع ودائعه وفي حفظ اله ورعايته,عزله لترتيب ماتبعثر من اوراق الحياه استودعكم اله الذي لاتضيع ودائعه وفي حفظ اله ورعايته
التويكستور جابلي اكتئاب,1,0,0,التويكستور جابلي اكتئاب,التويكستور جابلي اكتئاب
اهلي هم السب الوحيد لامراضي النفسيه مثل الرهاب الاجتماعي واضطراب مابعد الصدمه الاشخاص الي المفروض يكونون مصدر الدعم,1,0,0,اهلي السب الوحيد لامراضي النفسيه مثل الرهاب الاجتماعي واضطراب مابعد الصدمه الاشخاص الي المفروض يكونون مصدر الدعم,اهلي هم السب الوحيد لامراضي النفسيه مثل الرهاب الاجتماعي واضطراب مابعد الصدمه الاشخاص الي المفروض يكونون مصدر الدعم
اكتئاب ما بعد السعاده,1,1,0,اكتئاب السعاده,اكتئاب ما بعد السعاده
حزن الصاحب معدي ي جماعه,1,0,0,حزن الصاحب معدي جماعه,حزن الصاحب معدي ي جماعه
"كلنا ك صحاب بلا استثناء عندنا مصايب _x000D_
واله مش مجرد خنقة و اكتئاب دي بلاوي فعلآ _x000D_
 و كلنا بنطبطب ع بعض واله _x000D_
الي بأ",1,0,0,كلنا صحاب بلا استثناء عندنا مصايب واله مجرد خنقه اكتئاب بلاوي فعلا كلنا بنطبطب بعض واله الي,كلنا ك صحاب بلا استثناء عندنا مصايب _x<NUM>D_واله مش مجرد خنقه و اكتئاب دي بلاوي فعلا _x<NUM>D_ و كلنا بنطبطب ع بعض واله _x<NUM>D_الي با
يارب ما ابكي بكفي خلص,1,1,0,يارب ابكي بكفي خلص,يارب ما ابكي بكفي خلص
اذكر قعدت فترة وانا مكتئب بعده وبعده يجي,1,0,0,اذكر قعدت فتره وانا مكتئب بعده وبعده يجي,اذكر قعدت فتره وانا مكتئب بعده وبعده يجي
🙂💔 كآبه,1,0,0,كابه,🙂💔 كابه
اذا طلعت اي مكان ابرجع البيت بسرعه وهذا شكله بداية اكتئاب,1,0,0,اذا طلعت مكان ابرجع البيت بسرعه وهذا شكله بدايه اكتئاب,اذا طلعت اي مكان ابرجع البيت بسرعه وهذا شكله بدايه اكتئاب
ماعرف بس عندنا اكتئاب الي نايم والي توه صاحي مافيه حياة تحسين😭,1,0,0,ماعرف عندنا اكتئاب الي نايم والي توه صاحي مافيه حياه تحسين😭,ماعرف بس عندنا اكتئاب الي نايم والي توه صاحي مافيه حياه تحسين😭
وخلاني على طول اراجع عند طبيب نفسي 🙄,1,0,0,وخلاني علي طول اراجع طبيب نفسي,وخلاني علي طول اراجع عند طبيب نفسي 🙄
لست على م يرام اشعر ب كآبه وارق هدوء ملل تفكيرانفاس مضطربة دقات قلب حزينة مزاج معكر تفتقد طعم الأيام ترتدي وجها بائس,1,0,0,لست علي يرام اشعر كابه وارق هدوء ملل تفكيرانفاس مضطربه دقات قلب حزينه مزاج معكر تفتقد طعم الايام ترتدي وجها بائس,لست علي م يرام اشعر ب كابه وارق هدوء ملل تفكيرانفاس مضطربه دقات قلب حزينه مزاج معكر تفتقد طعم الايام ترتدي وجها بائس
والله الواحد ما عارف هو مكتئب ولا منطفي ولا وحيد ولا,1,1,0,والله الواحد عارف مكتئب ولا منطفي ولا وحيد ولا,والله الواحد ما عارف هو مكتئب ولا منطفي ولا وحيد ولا
مره الكل مكتئب 😭,1,0,0,مره الكل مكتئب,مره الكل مكتئب 😭
من زمان ما غردت بتويتر صار وقتي نوم اكتئاب ومرض شهالحياه,1,1,0,زمان غردت بتويتر صار وقتي نوم اكتئاب ومرض شهالحياه,من زمان ما غردت بتويتر صار وقتي نوم اكتئاب ومرض شهالحياه
سلام عليكم انا عندي اكتئاب اظطربات شخصيه وسواس غيره مرضيه هل انقبل بالاعانه تكفون ردو علي,1,0,0,سلام عليكم انا عندي اكتئاب اظطربات شخصيه وسواس غيره مرضيه انقبل بالاعانه تكفون ردو علي,سلام عليكم انا عندي اكتئاب اظطربات شخصيه وسواس غيره مرضيه هل انقبل بالاعانه تكفون ردو علي
خذ دواء اسمه بروزاك,1,0,0,دواء اسمه بروزاك,خذ دواء اسمه بروزاك
"أَنَا الحُزْنُ الَّذيِ لا حُزْنَ بَعْدِي_x000D_
وَلاٰ يُغْنِي حَنِينٌ عَنْ حَنِينِي_x000D_
_x000D_
حامدزيد",1,1,0,انا الحزن الذي حزن بعدي ولاٰ يغني حنين حنيني حامدزيد,انا الحزن الذي لا حزن بعدي_x<NUM>D_ولا يغني حنين عن حنيني_x<NUM>D__x<NUM>D_حامدزيد
أيام حزينة وخذلان وليالي اكتئاب ويا ديني على الكومبيانيشين الي يخليك عاوز تنتحر دا,1,0,0,ايام حزينه وخذلان وليالي اكتئاب ويا ديني علي الكومبيانيشين الي يخليك عاوز تنتحر,ايام حزينه وخذلان وليالي اكتئاب ويا ديني علي الكومبيانيشين الي يخليك عاوز تنتحر دا
الانتحار هو الحلال الانسب,1,0,0,الانتحار الحلال الانسب,الانتحار هو الحلال الانسب
حسيت الصور فيها اكتئاب شويه 😕🙃,1,0,0,حسيت الصور فيها اكتئاب شويه,حسيت الصور فيها اكتئاب شويه 😕🙃
اكره اني ابكي من كلشي وازعل من كلشي تافه اكره,1,0,0,اكره اني ابكي كلشي وازعل كلشي تافه اكره,اكره اني ابكي من كلشي وازعل من كلشي تافه اكره
صارلي ايام اعاني واحس بتعب وجنت مكتأبة واحس الضغوطات النفسة اتجاوزتني بس اليوم شفت امي فخورة بية وتحجي وعيونها تحجي  ,1,0,0,صارلي ايام اعاني واحس بتعب وجنت مكتابه واحس الضغوطات النفسه اتجاوزتني اليوم شفت امي فخوره بيه وتحجي وعيونها تحجي,صارلي ايام اعاني واحس بتعب وجنت مكتابه واحس الضغوطات النفسه اتجاوزتني بس اليوم شفت امي فخوره بيه وتحجي وعيونها تحجي
أول مرة احس كآبة برمضان 🤦‍♀️,1,0,0,اول مره احس كابه برمضان 🤦‍♀️,اول مره احس كابه برمضان 🤦♀️
شكله معايا رهاب ما وقفت ارجف وانا اقول الطلب,1,1,0,شكله معايا رهاب وقفت ارجف وانا اقول الطلب,شكله معايا رهاب ما وقفت ارجف وانا اقول الطلب
شكلي كده هدخل ف مود اكتئاب,1,0,0,شكلي كده هدخل مود اكتئاب,شكلي كده هدخل ف مود اكتئاب
جتني نوبة هلع,1,0,0,جتني نوبه هلع,جتني نوبه هلع
ما اتوقع الي قاعده اعيشه طبيعي واحسني احتاج طبيب نفسي بسرعه,1,1,0,اتوقع الي قاعده اعيشه طبيعي واحسني احتاج طبيب نفسي بسرعه,ما اتوقع الي قاعده اعيشه طبيعي واحسني احتاج طبيب نفسي بسرعه
صاير عندي رهاب اجتماعي نسيت كيف اتعامل مع العالم الخارجي والناس,1,0,0,صاير عندي رهاب اجتماعي نسيت اتعامل العالم الخارجي والناس,صاير عندي رهاب اجتماعي نسيت كيف اتعامل مع العالم الخارجي والناس
وأنت عندك متلازمة تحذلق المراقبه وهي حالة قلق وتوتر وسواس قهري يصاب بها من يشاهد من صح الخطأ الإمل,1,0,0,وانت عندك متلازمه تحذلق المراقبه وهي حاله قلق وتوتر وسواس قهري يصاب بها يشاهد الخطا الامل,وانت عندك متلازمه تحذلق المراقبه وهي حاله قلق وتوتر وسواس قهري يصاب بها من يشاهد من صح الخطا الامل
رهاب اجتماعي ✌🏻✌🏻✌🏻,1,0,0,رهاب اجتماعي ✌🏻✌🏻✌🏻,رهاب اجتماعي ✌🏻✌🏻✌🏻
الحمدله على نعمة اكتئاب كل عيد❤,1,0,0,الحمدله علي نعمه اكتئاب عيد❤,الحمدله علي نعمه اكتئاب كل عيد❤
وقسما باله اكتئاب حاد بدرجه قويه,1,0,0,وقسما باله اكتئاب حاد بدرجه قويه,وقسما باله اكتئاب حاد بدرجه قويه
كآبه عادى,1,0,0,كابه عادي,كابه عادي
ترا البروزاك مفعوله سحر,1,0,0,ترا البروزاك مفعوله سحر,ترا البروزاك مفعوله سحر
الأحزان التي تتراكم على صدري أثقل من أنَ تنزلق بتنهيدة واحدة ,1,0,0,الاحزان التي تتراكم علي صدري اثقل تنزلق بتنهيده واحده,الاحزان التي تتراكم علي صدري اثقل من ان تنزلق بتنهيده واحده
"جت فى وقتها اقسم باله_x000D_
أنا الحزن بيقتلنى بالبطىء _x000D_
وبقيت فحالة اكتئاب حاد 💔😢",1,0,0,وقتها اقسم باله انا الحزن بيقتلني بالبطيء وبقيت فحاله اكتئاب حاد,جت في وقتها اقسم باله_x<NUM>D_انا الحزن بيقتلني بالبطيء _x<NUM>D_وبقيت فحاله اكتئاب حاد 💔😢
أسوء ليلة قد ينام بِها المرء هي تلك الليلة التي يفقد بِها من يُحب من الدنيا ، إنها إنطفاء للروح.,1,0,0,اسوء ليله ينام بها المرء الليله التي يفقد بها يحب الدنيا انها انطفاء للروح,اسوء ليله قد ينام بها المرء هي تلك الليله التي يفقد بها من يحب من الدنيا ، انها انطفاء للروح.
عاوز طريقة انتحار مش حرام,1,0,0,عاوز طريقه انتحار حرام,عاوز طريقه انتحار مش حرام
لكن الانطفاء هذه المرة كان ابدياً,1,0,0,الانطفاء المره ابديا,لكن الانطفاء هذه المره كان ابديا
ما انا مكتئب انت الي نفسك مش حلوه,1,1,0,انا مكتئب انت الي نفسك حلوه,ما انا مكتئب انت الي نفسك مش حلوه
مؤلم جداً حين ابكي ولا احد يسمع بكائي ابتسم رغم دموعي التي تنهش عيني  اواسي من حولي رغم ان بداخلي مدينة مُدمرة  ,1,0,1,مؤلم جدا حين ابكي ولا احد يسمع بكائي ابتسم رغم دموعي التي تنهش عيني اواسي حولي رغم بداخلي مدينه مدمره,مؤلم جدا حين ابكي ولا احد يسمع بكائي ابتسم رغم دموعي التي تنهش عيني اواسي من حولي رغم ان بداخلي مدينه مدمره
اشتقت لحياه قبل رمضان خلاص ياربي جاتني كآبه من ذا الروتينيه,1,0,0,اشتقت لحياه رمضان خلاص ياربي جاتني كابه الروتينيه,اشتقت لحياه قبل رمضان خلاص ياربي جاتني كابه من ذا الروتينيه
ونعم بالله بس الواحد بصراحة يأس مفيش اى أمل الوضع من سئ إلى أسوء,1,0,0,ونعم بالله الواحد بصراحه ياس مفيش امل الوضع الي اسوء,ونعم بالله بس الواحد بصراحه ياس مفيش اي امل الوضع من سئ الي اسوء
شوية حزن و قلق,1,0,0,شويه حزن قلق,شويه حزن و قلق
تكفين قلق,1,0,0,تكفين قلق,تكفين قلق
مش ناقصه كآبه,1,0,0,ناقصه كابه,مش ناقصه كابه
"ه_x000D_
صح من زود الحلاوه يجيك اكتئاب",1,0,0,زود الحلاوه يجيك اكتئاب,ه_x<NUM>D_صح من زود الحلاوه يجيك اكتئاب
ياخي مع نفسك جاني اكتئاب منك من نومك ه كلامي لصديقتي😭,1,0,0,ياخي نفسك جاني اكتئاب منك نومك كلامي لصديقتي😭,ياخي مع نفسك جاني اكتئاب منك من نومك ه كلامي لصديقتي😭
مُكتئب,1,0,0,مكتئب,مكتئب
الحالة الي انا فيها مدري هي نضج ولا اكتئاب ولا توحد ولا ملل ولا ايش,1,0,0,الحاله الي انا فيها مدري نضج ولا اكتئاب ولا توحد ولا ملل ولا ايش,الحاله الي انا فيها مدري هي نضج ولا اكتئاب ولا توحد ولا ملل ولا ايش
الجو شبه الجو اللى بدات اخد فيه بروزاك,1,0,0,الجو شبه الجو اللي بدات اخد فيه بروزاك,الجو شبه الجو اللي بدات اخد فيه بروزاك
ربي ثبّت دموعي ثبّت صبري ثبّت إيماني عندما استعيد ذكريات فقيدي ثبّت يقيني انك قد اخترته ضيف في رحابك في جنات الخلود,1,0,0,ربي ثبت دموعي ثبت صبري ثبت ايماني عندما استعيد ذكريات فقيدي ثبت يقيني انك اخترته ضيف رحابك جنات الخلود,ربي ثبت دموعي ثبت صبري ثبت ايماني عندما استعيد ذكريات فقيدي ثبت يقيني انك قد اخترته ضيف في رحابك في جنات الخلود
اعاني من رهاب اجتماعي خطير,1,0,0,اعاني رهاب اجتماعي خطير,اعاني من رهاب اجتماعي خطير
اهخ حزن حزن 💔,1,0,0,اهخ حزن حزن,اهخ حزن حزن 💔
كميه رهاب وضغط ورعب,1,0,0,كميه رهاب وضغط ورعب,كميه رهاب وضغط ورعب
وانا احاول اهرب من الرهاب الاجتماعي والصوت الي فيه صيحه ورجفه اليد واعيد طبيعي,1,0,0,وانا احاول اهرب الرهاب الاجتماعي والصوت الي فيه صيحه ورجفه اليد واعيد طبيعي,وانا احاول اهرب من الرهاب الاجتماعي والصوت الي فيه صيحه ورجفه اليد واعيد طبيعي
بطلع الي بقلبي وخاطري هنا دخلت اكتئاب لمن كان عمري ١٠سنين لمن صار عمري١٤سنه بدأ اخوي الي اكبر مني بسنتين ,1,0,0,بطلع الي بقلبي وخاطري دخلت اكتئاب لمن عمري ١٠سنين لمن صار عمري١٤سنه بدا اخوي الي اكبر مني بسنتين,بطلع الي بقلبي وخاطري هنا دخلت اكتئاب لمن كان عمري <NUM><NUM>سنين لمن صار عمري<NUM><NUM>سنه بدا اخوي الي اكبر مني بسنتين
اكتئاب اقسم باله,1,0,0,اكتئاب اقسم باله,اكتئاب اقسم باله
أنا ضِد البُكاءَ يَالّٰه لكنِي أبكِي لأنَ حجمَ الحِزن الذيْ سَكن بِداخلي أكبِر مِنْ أن أتحَملهُ,1,0,0,انا البكاء يالٰه لكني ابكي لان حجم الحزن الذي سكن بداخلي اكبر اتحمله,انا ضد البكاء ياله لكني ابكي لان حجم الحزن الذي سكن بداخلي اكبر من ان اتحمله
لو الانتحار كان حلال كان زماني دلوقت مستريحه من النبذ و الكتم و عدم الثقه في النفس و اضطراب الشخصية,1,0,0,الانتحار حلال زماني دلوقت مستريحه النبذ الكتم عدم الثقه النفس اضطراب الشخصيه,لو الانتحار كان حلال كان زماني دلوقت مستريحه من النبذ و الكتم و عدم الثقه في النفس و اضطراب الشخصيه
مش عارفه انام ساعه واحده ع بعض من غير قلق و صحيان ف النص و كوابيس زي الخره,1,1,0,عارفه انام ساعه واحده بعض غير قلق صحيان النص كوابيس الخره,مش عارفه انام ساعه واحده ع بعض من غير قلق و صحيان ف النص و كوابيس زي الخره
كانت تضحك بعد كُل حزن يمُر على قلبها🖤,1,0,0,تضحك حزن يمر علي قلبها🖤,كانت تضحك بعد كل حزن يمر علي قلبها🖤
حبوب اكتئاب وارتاحي قالت من صغر سني 🤣,1,0,0,حبوب اكتئاب وارتاحي قالت صغر سني,حبوب اكتئاب وارتاحي قالت من صغر سني 🤣
إن الاكتئاب هو أبغض تجربة مررت بها على الإطلاق إنه انعدام تصور الشعور بالسعادة مره أخرى وأيضاً غياب الأمل كلياً وإنه الشعور بالموت،و إنه تماماً عن الشعور بالحزن,1,0,1,الاكتئاب ابغض تجربه مررت بها علي الاطلاق انه انعدام تصور الشعور بالسعاده مره اخري وايضا غياب الامل كليا وانه الشعور بالموت،و انه تماما الشعور بالحزن,ان الاكتئاب هو ابغض تجربه مررت بها علي الاطلاق انه انعدام تصور الشعور بالسعاده مره اخري وايضا غياب الامل كليا وانه الشعور بالموت،و انه تماما عن الشعور بالحزن
اذا طلعت كآبة الايام الي راحت مب بسبة الاختبارات ,1,0,0,اذا طلعت كابه الايام الي راحت بسبه الاختبارات,اذا طلعت كابه الايام الي راحت مب بسبه الاختبارات
قعد أشوف وايد ناس تمر بحالة يأس و اكتئاب و خوف من الأوضاع في البلد و في العالم بأكمله هذه الأيام عنصرية منتشرة جر,1,0,0,قعد اشوف وايد ناس تمر بحاله ياس اكتئاب خوف الاوضاع البلد العالم باكمله الايام عنصريه منتشره,قعد اشوف وايد ناس تمر بحاله ياس و اكتئاب و خوف من الاوضاع في البلد و في العالم باكمله هذه الايام عنصريه منتشره جر
الوحدة مؤلمة,1,0,0,الوحده مؤلمه,الوحده مؤلمه
اكتشفت انى دايما فى حاله قلق بسب انى مش بفهم غير الكلام الصريح يعنى لو اتلمحلى بحاجه او لو اتقال حاجه مفروض بعد,1,1,0,اكتشفت اني دايما حاله قلق بسب اني بفهم غير الكلام الصريح يعني اتلمحلي بحاجه اتقال حاجه مفروض,اكتشفت اني دايما في حاله قلق بسب اني مش بفهم غير الكلام الصريح يعني لو اتلمحلي بحاجه او لو اتقال حاجه مفروض بعد
انا مش عارفه اصحى من النوم ولا عارفه اكمل حاجه وخلاص كده دخلت ف اكتئاب جديد ومش هطلع منه غير بحاجه واحده ومش هتحصل ..,1,1,0,انا عارفه اصحي النوم ولا عارفه اكمل حاجه وخلاص كده دخلت اكتئاب جديد ومش هطلع منه غير بحاجه واحده ومش هتحصل,انا مش عارفه اصحي من النوم ولا عارفه اكمل حاجه وخلاص كده دخلت ف اكتئاب جديد ومش هطلع منه غير بحاجه واحده ومش هتحصل ..
اكتئاب بلا هدف🙂,1,0,0,اكتئاب بلا هدف🙂,اكتئاب بلا هدف🙂
ولا عارفين نذاكر ولا عارفين نعمل حاجه خالص وكل يوم قرار وحاجه تخلي الواحد يفكر كل يوم في الانتحار الف مره,1,0,0,ولا عارفين نذاكر ولا عارفين نعمل حاجه خالص وكل يوم قرار وحاجه تخلي الواحد يفكر يوم الانتحار الف مره,ولا عارفين نذاكر ولا عارفين نعمل حاجه خالص وكل يوم قرار وحاجه تخلي الواحد يفكر كل يوم في الانتحار الف مره
لا عندي اكتئاب😌,1,1,0,عندي اكتئاب😌,لا عندي اكتئاب😌
قرب العيد بعد اف وفاتي متى يخلص رمضان والعيد اكتئاب مدري مين يحبهم,1,0,0,قرب العيد وفاتي متي يخلص رمضان والعيد اكتئاب مدري مين يحبهم,قرب العيد بعد اف وفاتي متي يخلص رمضان والعيد اكتئاب مدري مين يحبهم
اكتئاب مابعد الولادة,1,0,0,اكتئاب مابعد الولاده,اكتئاب مابعد الولاده
زي العاده ابكي ومحد داري عني,1,0,0,العاده ابكي ومحد داري عني,زي العاده ابكي ومحد داري عني
طبعا ف البدايه تعجبت منه وبعد مرور ٦ اشهر مرضت وقرت ازور طبيب نفسي وشرحت له القصه كامله واخيرا اعطاني علاج,1,0,0,طبعا البدايه تعجبت منه وبعد مرور اشهر مرضت وقرت ازور طبيب نفسي وشرحت القصه كامله واخيرا اعطاني علاج,طبعا ف البدايه تعجبت منه وبعد مرور <NUM> اشهر مرضت وقرت ازور طبيب نفسي وشرحت له القصه كامله واخيرا اعطاني علاج
احتاج عزله اضطراريه اعيد فيها ترتيب نفسي,1,0,0,احتاج عزله اضطراريه اعيد فيها ترتيب نفسي,احتاج عزله اضطراريه اعيد فيها ترتيب نفسي
لصائم دعوة لا تُرد يارب أبطل مكتئب وعوّضني,1,1,0,لصائم دعوه ترد يارب ابطل مكتئب وعوضني,لصائم دعوه لا ترد يارب ابطل مكتئب وعوضني
من ٦الصبح لين ٦ المغرب اكتئاب,1,0,0,٦الصبح لين المغرب اكتئاب,من <NUM>الصبح لين <NUM> المغرب اكتئاب
فيه سرسوب اكتئاب داخِلِّي ف حياتي مش عارفة جاي منين,1,0,0,فيه سرسوب اكتئاب داخلي حياتي عارفه جاي منين,فيه سرسوب اكتئاب داخلي ف حياتي مش عارفه جاي منين
المخيف أن معظم رسائل الانتحار تُشبهنى تُشبه مشاعري و تفكيري جدًا,1,0,0,المخيف معظم رسائل الانتحار تشبهني تشبه مشاعري تفكيري جدا,المخيف ان معظم رسائل الانتحار تشبهني تشبه مشاعري و تفكيري جدا
حته سبيل الانتحار خوفنا منه لانه حرام,1,0,0,حته سبيل الانتحار خوفنا منه لانه حرام,حته سبيل الانتحار خوفنا منه لانه حرام
جاني اكتىاب,1,0,0,جاني اكتياب,جاني اكتياب
هي كتمه هي اعصاب هي قلق,1,0,0,كتمه اعصاب قلق,هي كتمه هي اعصاب هي قلق
شوية كأبه و حتروح لحلها,1,0,0,شويه كابه حتروح لحلها,شويه كابه و حتروح لحلها
"19 رمضان 🌙_x000D_
_x000D_
الهم إني أعوذ بك من فواجع الأقدار_x000D_
ومن فقد الأهل ومن حزن القلب_x000D_
وحرقة الشعور الهم إني استودعتك_x000D_
نفسي و",1,0,0,رمضان الهم اني اعوذ فواجع الاقدار ومن فقد الاهل ومن حزن القلب وحرقه الشعور الهم اني استودعتك نفسي,<NUM> رمضان 🌙_x<NUM>D__x<NUM>D_الهم اني اعوذ بك من فواجع الاقدار_x<NUM>D_ومن فقد الاهل ومن حزن القلب_x<NUM>D_وحرقه الشعور الهم اني استودعتك_x<NUM>D_نفسي و
قاعده ابكي ودي اهرب مع كل اصحابي تعبت وانا أشوفهم يدخلون في اكتئاب بسبب اهلهم وانا مقدر اسوي شي او اساعدهم حرفيا ,1,0,0,قاعده ابكي ودي اهرب اصحابي تعبت وانا اشوفهم يدخلون اكتئاب بسبب اهلهم وانا مقدر اسوي اساعدهم حرفيا,قاعده ابكي ودي اهرب مع كل اصحابي تعبت وانا اشوفهم يدخلون في اكتئاب بسبب اهلهم وانا مقدر اسوي شي او اساعدهم حرفيا
شكلها نوبة هلع,1,0,0,شكلها نوبه هلع,شكلها نوبه هلع
بندخل العشر الأواخر واحنا لسى نختبر وربي حزن☺️💔,1,0,0,بندخل العشر الاواخر واحنا لسي نختبر وربي حزن☺️💔,بندخل العشر الاواخر واحنا لسي نختبر وربي حزن☺️💔
واله ما انا عارف هو إكتئاب ولا انطفاء ولا نضج ولا وحده ولا,1,1,0,واله انا عارف اكتئاب ولا انطفاء ولا نضج ولا وحده ولا,واله ما انا عارف هو اكتئاب ولا انطفاء ولا نضج ولا وحده ولا
اقسم بالله كآبة عجيبة,1,0,0,اقسم بالله كابه عجيبه,اقسم بالله كابه عجيبه
كفاية عندنا اكتئاب منذ الولادة ارحمونا شوية او شي🥺,1,0,0,كفايه عندنا اكتئاب منذ الولاده ارحمونا شويه شي🥺,كفايه عندنا اكتئاب منذ الولاده ارحمونا شويه او شي🥺
من الحين جاني اكتئاب مو مستعده اتركهم,1,0,0,الحين جاني اكتئاب مستعده اتركهم,من الحين جاني اكتئاب مو مستعده اتركهم
